user_input,retrieved_contexts,response,reference,faithfulness,answer_relevancy,context_precision,context_recall,spec_id,topic_id
What is an f-string in Python?,"[""literals (also called f-strings for short) let you include the value of Python expressions in-\nside a string by prefixing the string with f or F and writing expressions as {expression}.\nAn optional format specifier can follow the expression. This allows greater control over how the value is\nformatted. The following example rounds pi to three places after the decimal:\n>>> import math\n>>> print(f'The value of pi is approximately {math.pi:.3f}.')\nThe value of pi is approximately 3.142.\nPassing an integer after the ':' will cause that field to be a minimum number of characters wide. This is\nuseful for making columns line up.\n>>> table = {'Sjoerd': 4127, 'Jack': 4098, 'Dcab': 7678}"", 'Strings support a large number of methods for basic transformations and searching.\nf-strings\nString literals that have embedded expressions.\nFormat string syntax\nInformation about string formatting with str.format().\nprintf-style String Formatting\nThe old formatting operations invoked when strings are the left operand of the % operator are de-\nscribed in more detail here.\nhttps://docs.python.org/3/tutorial/introduction.html 6/9\n28/07/2026, 14:07 3. An Informal Introduction to Python — Python 3.14.6 documentation\n3.1.3. Lists\nPython knows a number of compound data types, used to group together other values. The most versatile', ""been reached, f.read() will return an empty string\n('').\n>>> f.read()\n'This is the entire file.\\n'\n>>> f.read()\n''\nf.readline() reads a single line from the file; a newline character (\\n) is left at the end of the string,\nand is only omitted on the last line of the file if the file doesnʼt end in a newline. This makes the return val-\nue unambiguous; if f.readline() returns an empty string, the end of the file has been reached, while a\nblank line is represented by '\\n', a string containing only a single newline.\n>>> f.readline()\n'This is the first line of the file.\\n'\nhttps://docs.python.org/3/tutorial/inputoutput.html 6/8\n28/07/2026, 14:10 7. Input and Output — Python 3.14.6 documentation"", ""5\n>>> f.read(1)\nb'5'\n>>> f.seek(-3, 2) # Go to the 3rd byte before the end\n13\n>>> f.read(1)\nb'd'\nIn text files (those opened without a b in the mode string), only seeks relative to the beginning of the file\nare allowed (the exception being seeking to the very file end with seek(0, 2)) and the only valid offset\nvalues are those returned from the f.tell(), or zero. Any other offset value produces undefined\nbehaviour.\nhttps://docs.python.org/3/tutorial/inputoutput.html 7/8\n28/07/2026, 14:10 7. Input and Output — Python 3.14.6 documentation\nFile objects have some additional methods, such as isatty() and truncate() which are less frequently"", ""reference, since MyClass.f is a function, but x.i is not, since MyClass.i is not. But x.f is not\nthe same thing as MyClass.f — it is a method object, not a function object.\n9.3.4. Method Objects\nUsually, a method is called right after it is bound:\nx.f()\nIf x = MyClass(), as above, this will return the string 'hello world'. However, it is not necessary to\ncall a method right away: x.f is a method object, and can be stored away and called at a later time. For\nexample:\nxf = x.f\nwhile True:\nprint(xf())\nwill continue to print hello world until the end of time.\nWhat exactly happens when a method is called? You may have noticed that x.f() was called without an"", 'object does not support item assignment\n>>> word[2:] = \'py\'\nTraceback (most recent call last):\nFile ""<stdin>"", line 1, in <module>\nTypeError: \'str\' object does not support item assignment\nIf you need a different string, you should create a new one:\n>>> \'J\' + word[1:]\n\'Jython\'\n>>> word[:2] + \'py\'\n\'Pypy\'\nThe built-in function len() returns the length of a string:\n>>> s = \'supercalifragilisticexpialidocious\'\n>>> len(s)\n34\nSee also:\nText Sequence Type — str\nStrings are examples of sequence types, and support the common operations supported by such\ntypes.\nString Methods\nStrings support a large number of methods for basic transformations and searching.\nf-strings', ""of the examples in this section will assume that a file object called f has already been created.\nTo read a fileʼs contents, call f.read(size), which reads some quantity of data and returns it as a string\n(in text mode) or bytes object (in binary mode). size is an optional numeric argument. When size is omitted\nor negative, the entire contents of the file will be read and returned; itʼs your problem if the file is twice as\nlarge as your machineʼs memory. Otherwise, at most size characters (in text mode) or size bytes (in binary\nmode) are read and returned. If the end of the file has been reached, f.read() will return an empty string\n('').\n>>> f.read()\n'This is the entire file.\\n'""]","An f-string in Python is a type of string literal that allows you to include the value of Python expressions inside a string by prefixing the string with 'f' or 'F' and writing expressions as {expression}. This allows for greater control over how the value is formatted. 

For example, you can use f-strings to round the value of pi to three places after the decimal, as shown in the following code:

```python
import math
print(f'The value of pi is approximately {math.pi:.3f}.')
```

This will output: `The value of pi is approximately 3.142.`

F-strings also support an optional format specifier that can be used to further control the formatting of the value. This specifier is placed after the expression and is preceded by a colon. For example, passing an integer after the colon will cause that field to be a minimum number of characters wide, which is useful for making columns line up.

```python
table = {'Sjoerd': 4127, 'Jack': 4098, 'Dcab': 7678}
print(f'{table[""Sjoerd""]:>10}')
```

This will output: `     4127`","An f-string is a string literal that allows embedded expressions. By prefixing the string with the letter f, you can include Python expressions inside curly braces {} which are evaluated and inserted into the resulting string.",0.8571428571428571,0.9898138106449891,0.99999999995,1.0,T1_001,T1
"In Python, what does the % operator do?","['to calculate the remainder you can use %:\nhttps://docs.python.org/3/tutorial/introduction.html 1/9\n28/07/2026, 14:07 3. An Informal Introduction to Python — Python 3.14.6 documentation\n>>> 17 / 3 # classic division returns a float\n5.666666666666667\n>>>\n>>> 17 // 3 # floor division discards the fractional part\n5\n>>> 17 % 3 # the % operator returns the remainder of the division\n2\n>>> 5 * 3 + 2 # floored quotient * divisor + remainder\n17\nWith Python, it is possible to use the ** operator to calculate powers [1]:\n>>> 5 ** 2 # 5 squared\n25\n>>> 2 ** 7 # 2 to the power of 7\n128\nThe equal sign (=) is used to assign a value to a variable. Afterwards, no result is displayed before the next', 'Strings support a large number of methods for basic transformations and searching.\nf-strings\nString literals that have embedded expressions.\nFormat string syntax\nInformation about string formatting with str.format().\nprintf-style String Formatting\nThe old formatting operations invoked when strings are the left operand of the % operator are de-\nscribed in more detail here.\nhttps://docs.python.org/3/tutorial/introduction.html 6/9\n28/07/2026, 14:07 3. An Informal Introduction to Python — Python 3.14.6 documentation\n3.1.3. Lists\nPython knows a number of compound data types, used to group together other values. The most versatile', 'syntax is straightforward: the operators +, -, * and / can be used to perform arithmetic;\nparentheses (()) can be used for grouping. For example:\n>>> 2 + 2\n4\n>>> 50 - 5*6\n20\n>>> (50 - 5*6) / 4\n5.0\n>>> 8 / 5 # division always returns a floating-point number\n1.6\nThe integer numbers (e.g. 2, 4, 20) have type int, the ones with a fractional part (e.g. 5.0, 1.6) have\ntype float. We will see more about numeric types later in the tutorial.\nDivision (/) always returns a float. To do floor division and get an integer result you can use the // opera-\ntor; to calculate the remainder you can use %:\nhttps://docs.python.org/3/tutorial/introduction.html 1/9', 'are to clarify code and are\nnot interpreted by Python, they may be omitted when typing in examples.\nSome examples:\n# this is the first comment\nspam = 1 # and this is the second comment\n# ... and now a third!\ntext = ""# This is not a comment because it\'s inside quotes.""\n3.1. Using Python as a Calculator\nLetʼs try some simple Python commands. Start the interpreter and wait for the primary prompt, >>>. (It\nshouldnʼt take long.)\n3.1.1. Numbers\nThe interpreter acts as a simple calculator: you can type an expression into it and it will write the value.\nExpression syntax is straightforward: the operators +, -, * and / can be used to perform arithmetic;', '% conversion specifications in format are replaced with zero or more elements of values. This\noperation is commonly known as string interpolation. For example:\n>>> import math\n>>> print(\'The value of pi is approximately %5.3f.\' % math.pi)\nThe value of pi is approximately 3.142.\nMore information can be found in the printf-style String Formatting section.\n7.2. Reading and Writing Files\nopen() returns a file object, and is most commonly used with two positional arguments and one keyword\nargument: open(filename, mode, encoding=None)\n>>> f = open(\'workfile\', \'w\', encoding=""utf-8"")\nThe first argument is a string containing the filename. The second argument is another string containing a', 'In addition to int and float, Python supports other types of numbers, such as Decimal and Fraction.\nPython also has built-in support for complex numbers, and uses the j or J suffix to indicate the imaginary\nhttps://docs.python.org/3/tutorial/introduction.html 2/9\n28/07/2026, 14:07 3. An Informal Introduction to Python — Python 3.14.6 documentation\npart (e.g. 3+5j).\n3.1.2. Text\nPython can manipulate text (represented by type str, so-called “strings”) as well as numbers. This in-\ncludes characters “!”, words “rabbit”, names “Paris”, sentences “Got your back.”, etc. “Yay! :)”.\nThey can be enclosed in single quotes (\'...\') or double quotes (""..."") with the same result [2].', 'to Python — Python 3.14.6 documentation\n3\n5\n8\nThis example introduces several new features.\nThe first line contains a multiple assignment: the variables a and b simultaneously get the new values 0\nand 1. On the last line this is used again, demonstrating that the expressions on the right-hand side are\nall evaluated first before any of the assignments take place. The right-hand side expressions are evalu-\nated from the left to the right.\nThe while loop executes as long as the condition (here: a < 10) remains true. In Python, like in C, any\nnon-zero integer value is true; zero is false. The condition may also be a string or list value, in fact any']","The % operator in Python is used to calculate the remainder of the division. This is demonstrated in the following example:

>>> 17 % 3 # the % operator returns the remainder of the division
2

In this example, the remainder of 17 divided by 3 is 2. This is also shown in the equation 5 * 3 + 2, which equals 17, further illustrating the concept of floor division and remainder.

The % operator is used in conjunction with the // operator, which performs floor division and discards the fractional part. For instance:

>>> 17 // 3 # floor division discards the fractional part
5

The % operator is an essential tool in Python for performing arithmetic operations and can be used in a variety of contexts, including calculations and string formatting.",The % operator returns the remainder of the division of the left operand by the right operand.,0.8181818181818182,0.9690360413730673,0.8333333332916666,1.0,T1_002,T1
"In the Python interactive examples shown in the documentation, what is the purpose of the secondary prompt (the line that contains only “…”) and how does it affect the way you enter multi‑line commands?","['28/07/2026, 14:07 3. An Informal Introduction to Python — Python 3.14.6 documentation\n3. An Informal Introduction to Python\nIn the following examples, input and output are distinguished by the presence or absence of prompts (>>>\nand …): to repeat the example, you must type everything after the prompt, when the prompt appears; lines\nthat do not begin with a prompt are output from the interpreter. Note that a secondary prompt on a line by\nitself in an example means you must type a blank line; this is used to end a multi-line command.\nYou can use the “Copy” button (it appears in the upper-right corner when hovering over or tapping a code', ""configuration option which also depends on the underlying platform. For example, the winreg module\nis only provided on Windows systems. One particular module deserves some attention: sys, which is built\nhttps://docs.python.org/3/tutorial/modules.html 4/9\n28/07/2026, 14:10 6. Modules — Python 3.14.6 documentation\ninto every Python interpreter. The variables sys.ps1 and sys.ps2 define the strings used as primary and\nsecondary prompts:\n>>> import sys\n>>> sys.ps1\n'>>> '\n>>> sys.ps2\n'... '\n>>> sys.ps1 = 'C> '\nC> print('Yuck!')\nYuck!\nC>\nThese two variables are only defined if the interpreter is in interactive mode."", 'use the “Copy” button (it appears in the upper-right corner when hovering over or tapping a code\nexample), which strips prompts and omits output, to copy and paste the input lines into your interpreter.\nMany of the examples in this manual, even those entered at the interactive prompt, include comments.\nComments in Python start with the hash character, #, and extend to the end of the physical line. A com-\nment may appear at the start of a line or following whitespace or code, but not within a string literal. A\nhash character within a string literal is just a hash character. Since comments are to clarify code and are\nnot interpreted by Python, they may be omitted when typing in examples.', 'to Python — Python 3.14.6 documentation\n3\n5\n8\nThis example introduces several new features.\nThe first line contains a multiple assignment: the variables a and b simultaneously get the new values 0\nand 1. On the last line this is used again, demonstrating that the expressions on the right-hand side are\nall evaluated first before any of the assignments take place. The right-hand side expressions are evalu-\nated from the left to the right.\nThe while loop executes as long as the condition (here: a < 10) remains true. In Python, like in C, any\nnon-zero integer value is true; zero is false. The condition may also be a string or list value, in fact any', 'are to clarify code and are\nnot interpreted by Python, they may be omitted when typing in examples.\nSome examples:\n# this is the first comment\nspam = 1 # and this is the second comment\n# ... and now a third!\ntext = ""# This is not a comment because it\'s inside quotes.""\n3.1. Using Python as a Calculator\nLetʼs try some simple Python commands. Start the interpreter and wait for the primary prompt, >>>. (It\nshouldnʼt take long.)\n3.1.1. Numbers\nThe interpreter acts as a simple calculator: you can type an expression into it and it will write the value.\nExpression syntax is straightforward: the operators +, -, * and / can be used to perform arithmetic;', 'literals can span multiple lines. One way is using triple-quotes: """"""..."""""" or \'\'\'...\'\'\'. End-of-\nline characters are automatically included in the string, but itʼs possible to prevent this by adding a \\ at\nthe end of the line. In the following example, the initial newline is not included:\nhttps://docs.python.org/3/tutorial/introduction.html 3/9\n28/07/2026, 14:07 3. An Informal Introduction to Python — Python 3.14.6 documentation\n>>> print(""""""\\\n... Usage: thingy [OPTIONS]\n... -h Display this usage message\n... -H hostname Hostname to connect to\n... """""")\nUsage: thingy [OPTIONS]\n-h Display this usage message\n-H hostname Hostname to connect to\n>>>', '28/07/2026, 14:09 4. More Control Flow Tools — Python 3.14.6 documentation\n4. More Control Flow Tools\nAs well as the while statement just introduced, Python uses a few more that we will encounter in this\nchapter.\n4.1. Statements\nif\nPerhaps the most well-known statement type is the if statement. For example:\n>>> x = int(input(""Please enter an integer: ""))\nPlease enter an integer: 42\n>>> if x < 0:\n... x = 0\n... print(\'Negative changed to zero\')\n... elif x == 0:\n... print(\'Zero\')\n... elif x == 1:\n... print(\'Single\')\n... else:\n... print(\'More\')\n...\nMore\nThere can be zero or more elif parts, and the else part is optional. The keyword ‘elifʼ is short for ‘else']","In the Python interactive examples shown in the documentation, the secondary prompt (the line that contains only “…”) is used to indicate that you must type a blank line to end a multi-line command. This is a special instruction to the user, indicating that they should press Enter without typing any additional code.

When the secondary prompt appears on a line by itself, it means that the user should type a blank line to signal the end of the multi-line command. This is necessary because Python's interactive mode allows for multi-line commands, and the secondary prompt serves as a visual cue to indicate when the user should press Enter to complete the command.

In other words, the secondary prompt is a way for the documentation to communicate with the user and provide clear instructions on how to enter multi-line commands in the Python interactive interpreter. By following this convention, users can accurately replicate the examples shown in the documentation and gain a better understanding of how Python's interactive mode works.","The secondary prompt (displayed as “…”) appears on a line by itself to indicate that the interpreter is waiting for the continuation or termination of a multi‑line command. When you see this prompt, you must type a blank line to signal that the multi‑line block is complete. Thus, the secondary prompt is used to end a multi‑line command after you have entered all its lines.",0.3,0.8715704852576437,0.7678571428379464,1.0,T1_003,T1
"Explain, using the information about slice indices provided in the context, why the expression word[:2] + word[2:] always reconstructs the original string (e.g., it returns 'Python'). In your answer, describe how the start‑included, end‑excluded rule and the way indices point between characters lead to this result.","[""to the end\n'on'\n>>> word[-2:] # characters from the second-last (included) to the end\n'on'\nNote how the start is always included, and the end always excluded. This makes sure that s[:i] + s[i:]\nis always equal to s:\n>>> word[:2] + word[2:]\n'Python'\n>>> word[:4] + word[4:]\n'Python'\nOne way to remember how slices work is to think of the indices as pointing between characters, with the\nleft edge of the first character numbered 0. Then the right edge of the last character of a string of n char-\nacters has index n, for example:\n+---+---+---+---+---+---+\n| P | y | t | h | o | n |\n+---+---+---+---+---+---+\n0 1 2 3 4 5 6\n-6 -5 -4 -3 -2 -1"", ""to indexing, slicing is also supported. While indexing is used to obtain individual characters,\nslicing allows you to obtain a substring:\n>>> word[0:2] # characters from position 0 (included) to 2 (excluded)\n'Py'\n>>> word[2:5] # characters from position 2 (included) to 5 (excluded)\n'tho'\nSlice indices have useful defaults; an omitted first index defaults to zero, an omitted second index defaults\nto the size of the string being sliced.\n>>> word[:2] # character from the beginning to position 2 (excluded)\n'Py'\n>>> word[4:] # characters from position 4 (included) to the end\n'on'\n>>> word[-2:] # characters from the second-last (included) to the end\n'on'"", '| P | y | t | h | o | n |\n+---+---+---+---+---+---+\n0 1 2 3 4 5 6\n-6 -5 -4 -3 -2 -1\nThe first row of numbers gives the position of the indices 0…6 in the string; the second row gives the cor-\nresponding negative indices. The slice from i to j consists of all characters between the edges labeled i\nand j, respectively.\nFor non-negative indices, the length of a slice is the difference of the indices, if both are within bounds.\nFor example, the length of word[1:3] is 2.\nAttempting to use an index that is too large will result in an error:\nhttps://docs.python.org/3/tutorial/introduction.html 5/9\n28/07/2026, 14:07 3. An Informal Introduction to Python — Python 3.14.6 documentation', '5/9\n28/07/2026, 14:07 3. An Informal Introduction to Python — Python 3.14.6 documentation\n>>> word[42] # the word only has 6 characters\nTraceback (most recent call last):\nFile ""<stdin>"", line 1, in <module>\nIndexError: string index out of range\nHowever, out of range slice indexes are handled gracefully when used for slicing:\n>>> word[4:42]\n\'on\'\n>>> word[42:]\n\'\'\nPython strings cannot be changed — they are immutable. Therefore, assigning to an indexed position in\nthe string results in an error:\n>>> word[0] = \'J\'\nTraceback (most recent call last):\nFile ""<stdin>"", line 1, in <module>\nTypeError: \'str\' object does not support item assignment\n>>> word[2:] = \'py\'\nTraceback (most recent call last):', 'the requested elements. This means that the following slice\nreturns a shallow copy of the list:\nhttps://docs.python.org/3/tutorial/introduction.html 7/9\n28/07/2026, 14:07 3. An Informal Introduction to Python — Python 3.14.6 documentation\n>>> correct_rgba = rgba[:]\n>>> correct_rgba[-1] = ""Alpha""\n>>> correct_rgba\n[""Red"", ""Green"", ""Blue"", ""Alpha""]\n>>> rgba\n[""Red"", ""Green"", ""Blue"", ""Alph""]\nAssignment to slices is also possible, and this can even change the size of the list or clear it entirely:\n>>> letters = [\'a\', \'b\', \'c\', \'d\', \'e\', \'f\', \'g\']\n>>> letters\n[\'a\', \'b\', \'c\', \'d\', \'e\', \'f\', \'g\']\n>>> # replace some values\n>>> letters[2:5] = [\'C\', \'D\', \'E\']\n>>> letters', ""having index 0. There is no separate charac-\nter type; a character is simply a string of size one:\n>>> word = 'Python'\n>>> word[0] # character in position 0\n'P'\n>>> word[5] # character in position 5\n'n'\nhttps://docs.python.org/3/tutorial/introduction.html 4/9\n28/07/2026, 14:07 3. An Informal Introduction to Python — Python 3.14.6 documentation\nIndices may also be negative numbers, to start counting from the right:\n>>> word[-1] # last character\n'n'\n>>> word[-2] # second-last character\n'o'\n>>> word[-6]\n'P'\nNote that since -0 is the same as 0, negative indices start from -1.\nIn addition to indexing, slicing is also supported. While indexing is used to obtain individual characters,"", 'object does not support item assignment\n>>> word[2:] = \'py\'\nTraceback (most recent call last):\nFile ""<stdin>"", line 1, in <module>\nTypeError: \'str\' object does not support item assignment\nIf you need a different string, you should create a new one:\n>>> \'J\' + word[1:]\n\'Jython\'\n>>> word[:2] + \'py\'\n\'Pypy\'\nThe built-in function len() returns the length of a string:\n>>> s = \'supercalifragilisticexpialidocious\'\n>>> len(s)\n34\nSee also:\nText Sequence Type — str\nStrings are examples of sequence types, and support the common operations supported by such\ntypes.\nString Methods\nStrings support a large number of methods for basic transformations and searching.\nf-strings']","Let's break down the expression `word[:2] + word[2:]` and understand why it always reconstructs the original string.

First, we need to understand the start-included, end-excluded rule for slice indices. This rule states that when we use a slice index, the start index is included in the slice, but the end index is excluded. For example, `word[:2]` means ""get all characters from the start of the string up to, but not including, the character at index 2"".

Now, let's analyze the expression `word[:2] + word[2:]`. Here's what happens:

1. `word[:2]` gets all characters from the start of the string up to, but not including, the character at index 2. Since the string is ""Python"", this slice will get the characters ""Py"".
2. `word[2:]` gets all characters from the character at index 2 (which is the ""t"" in ""Python"") to the end of the string. This slice will get the characters ""thon"".

Now, when we concatenate these two slices using the `+` operator, we get: ""Py"" + ""thon"" = ""Python"".

But why does this always reconstruct the original string? The key insight here is that the way indices point between characters, as shown in the diagram:

```
+---+---+---+---+---+---+
| P | y | t | h | o | n |
+---+---+---+---+---+---+
0 1 2 3 4 5 6
```

Notice that the indices point between characters, not on the characters themselves. This means that when we use a slice index, we're actually getting the characters on either side of the index, not the index itself.

In the case of `word[:2]`, we're getting the characters on either side of index 2, which are the characters ""Py"". Similarly, in the case of `word[2:]`, we're getting the characters on either side of index 2, which are the characters ""thon"".

Since we're getting the characters on either side of index 2, and we're concatenating these two slices, we're effectively reconstructing the original string ""Python"".

This is why the expression `word[:2] + word[2:]` always reconstructs the original string, regardless of the length of the string or the value of the indices. The start-included, end-excluded rule and the way indices point between characters lead to this result.","In Python slicing the start index is inclusive and the end index is exclusive, so a slice captures all characters whose positions lie between the two index markers. The index markers are imagined to sit between characters, with 0 positioned before the first character and n (the length of the string) positioned after the last one. Therefore, word[:2] selects the characters from the beginning up to, but not including, the character at position 2 (the third character), giving 'Py'. The slice word[2:] starts at position 2 and continues to the end of the string, giving 'thon'. Because the two slices together cover the entire range of indices from 0 to n without overlap or gaps, concatenating them (word[:2] + word[2:]) reproduces the original string exactly.",1.0,0.7848867371466894,0.9484126983968915,1.0,T1_004,T1
"Compare how the string s = 'First line.\nSecond line.' is displayed when you simply evaluate it in the Python interactive shell versus when you pass it to the print() function. In your answer, describe the differences in the visual representation (quotes, escape characters) and the actual printed result.","['said.\'\n\'""Yes,"" they said.\'\n>>> ""\\""Yes,\\"" they said.""\n\'""Yes,"" they said.\'\n>>> \'""Isn\\\'t,"" they said.\'\n\'""Isn\\\'t,"" they said.\'\nIn the Python shell, the string definition and output string can look different. The print() function pro-\nduces a more readable output, by omitting the enclosing quotes and by printing escaped and special\ncharacters:\n>>> s = \'First line.\\nSecond line.\' # \\n means newline\n>>> s # without print(), special characters are included in the string\n\'First line.\\nSecond line.\'\n>>> print(s) # with print(), special characters are interpreted, so \\n produces new\nFirst line.\nSecond line.', '# with print(), special characters are interpreted, so \\n produces new\nFirst line.\nSecond line.\nIf you donʼt want characters prefaced by \\ to be interpreted as special characters, you can use raw\nstrings by adding an r before the first quote:\n>>> print(\'C:\\this\\name\') # here \\t means tab, \\n means newline\nC: his\name\n>>> print(r\'C:\\this\\name\') # note the r before the quote\nC:\\this\\name\nThere is one subtle aspect to raw strings: a raw string may not end in an odd number of \\ characters; see\nthe FAQ entry for more information and workarounds.\nString literals can span multiple lines. One way is using triple-quotes: """"""..."""""" or \'\'\'...\'\'\'. End-of-', 'to Python — Python 3.14.6 documentation\n3\n5\n8\nThis example introduces several new features.\nThe first line contains a multiple assignment: the variables a and b simultaneously get the new values 0\nand 1. On the last line this is used again, demonstrating that the expressions on the right-hand side are\nall evaluated first before any of the assignments take place. The right-hand side expressions are evalu-\nated from the left to the right.\nThe while loop executes as long as the condition (here: a < 10) remains true. In Python, like in C, any\nnon-zero integer value is true; zero is false. The condition may also be a string or list value, in fact any', 'literals can span multiple lines. One way is using triple-quotes: """"""..."""""" or \'\'\'...\'\'\'. End-of-\nline characters are automatically included in the string, but itʼs possible to prevent this by adding a \\ at\nthe end of the line. In the following example, the initial newline is not included:\nhttps://docs.python.org/3/tutorial/introduction.html 3/9\n28/07/2026, 14:07 3. An Informal Introduction to Python — Python 3.14.6 documentation\n>>> print(""""""\\\n... Usage: thingy [OPTIONS]\n... -h Display this usage message\n... -H hostname Hostname to connect to\n... """""")\nUsage: thingy [OPTIONS]\n-h Display this usage message\n-H hostname Hostname to connect to\n>>>', ""6/8\n28/07/2026, 14:10 7. Input and Output — Python 3.14.6 documentation\n>>> f.readline()\n'Second line of the file\\n'\n>>> f.readline()\n''\nFor reading lines from a file, you can loop over the file object. This is memory efficient, fast, and leads to\nsimple code:\n>>> for line in f:\n... print(line, end='')\n...\nThis is the first line of the file.\nSecond line of the file\nIf you want to read all the lines of a file in a list you can also use list(f) or f.readlines().\nf.write(string) writes the contents of string to the file, returning the number of characters written.\n>>> f.write('This is a test\\n')\n15"", '1/8\n28/07/2026, 14:10 7. Input and Output — Python 3.14.6 documentation\nstructures like lists and dictionaries, have the same representation using either function. Strings, in partic-\nular, have two distinct representations.\nSome examples:\n>>> s = \'Hello, world.\'\n>>> str(s)\n\'Hello, world.\'\n>>> repr(s)\n""\'Hello, world.\'""\n>>> str(1/7)\n\'0.14285714285714285\'\n>>> x = 10 * 3.25\n>>> y = 200 * 200\n>>> s = \'The value of x is \' + repr(x) + \', and y is \' + repr(y) + \'...\'\n>>> print(s)\nThe value of x is 32.5, and y is 40000...\n>>> # The repr() of a string adds string quotes and backslashes:\n>>> hello = \'hello, world\\n\'\n>>> hellos = repr(hello)\n>>> print(hellos)\n\'hello, world\\n\'', ""been reached, f.read() will return an empty string\n('').\n>>> f.read()\n'This is the entire file.\\n'\n>>> f.read()\n''\nf.readline() reads a single line from the file; a newline character (\\n) is left at the end of the string,\nand is only omitted on the last line of the file if the file doesnʼt end in a newline. This makes the return val-\nue unambiguous; if f.readline() returns an empty string, the end of the file has been reached, while a\nblank line is represented by '\\n', a string containing only a single newline.\n>>> f.readline()\n'This is the first line of the file.\\n'\nhttps://docs.python.org/3/tutorial/inputoutput.html 6/8\n28/07/2026, 14:10 7. Input and Output — Python 3.14.6 documentation""]","When you simply evaluate the string `s = 'First line.\nSecond line.'` in the Python interactive shell, the string is displayed as it is, with the newline character `\n` included in the string. This is because the string is not being interpreted or executed by the `print()` function at this point. The string is simply being displayed as a literal representation of the characters it contains.

On the other hand, when you pass the string to the `print()` function, the newline character `\n` is interpreted and a new line is printed. The `print()` function produces a more readable output by omitting the enclosing quotes and by printing escaped and special characters. In this case, the output of `print(s)` is:

```
First line.
Second line.
```

As you can see, the newline character `\n` has been interpreted and a new line has been printed. The enclosing quotes are also omitted, making the output more readable.

In terms of the visual representation, the main difference is that the string displayed in the interactive shell includes the enclosing quotes and the newline character `\n` is represented as a literal character, whereas the output of `print(s)` does not include the enclosing quotes and the newline character `\n` is interpreted and a new line is printed.

Here's a summary of the differences:

* Interactive shell display:
	+ Enclosing quotes: included
	+ Newline character `\n`: represented as a literal character
	+ Output: `s = 'First line.\nSecond line.'`
* `print(s)` output:
	+ Enclosing quotes: omitted
	+ Newline character `\n`: interpreted and a new line is printed
	+ Output: `First line.\nSecond line.`","When the string is evaluated in the interactive shell (e.g., typing s and pressing Enter), Python shows the *repr* of the object: the string is enclosed in single quotes and the newline is shown as the escape sequence '\n' (e.g., 'First line.\nSecond line.'). No actual line break occurs. When the same string is passed to print(s), the *print* function writes the string to standard output, interpreting escape sequences. The enclosing quotes are omitted and '\n' becomes a real newline, so the output appears on two separate lines:
First line.
Second line.",1.0,0.799967169087668,0.8734126983981414,1.0,T1_005,T1
"Consider the following Python code. What is the exact output when it is executed?
```python
s1 = 'doesn\'t'
s2 = ""doesn't""
s3 = '""Yes,"" they said.'
s4 = ""\""Yes,\"" they said.""
print(s1)
print(s2)
print(s3)
print(s4)
```","['28/07/2026, 14:07 3. An Informal Introduction to Python — Python 3.14.6 documentation\n3. An Informal Introduction to Python\nIn the following examples, input and output are distinguished by the presence or absence of prompts (>>>\nand …): to repeat the example, you must type everything after the prompt, when the prompt appears; lines\nthat do not begin with a prompt are output from the interpreter. Note that a secondary prompt on a line by\nitself in an example means you must type a blank line; this is used to end a multi-line command.\nYou can use the “Copy” button (it appears in the upper-right corner when hovering over or tapping a code', 'said.\'\n\'""Yes,"" they said.\'\n>>> ""\\""Yes,\\"" they said.""\n\'""Yes,"" they said.\'\n>>> \'""Isn\\\'t,"" they said.\'\n\'""Isn\\\'t,"" they said.\'\nIn the Python shell, the string definition and output string can look different. The print() function pro-\nduces a more readable output, by omitting the enclosing quotes and by printing escaped and special\ncharacters:\n>>> s = \'First line.\\nSecond line.\' # \\n means newline\n>>> s # without print(), special characters are included in the string\n\'First line.\\nSecond line.\'\n>>> print(s) # with print(), special characters are interpreted, so \\n produces new\nFirst line.\nSecond line.', '1/8\n28/07/2026, 14:10 7. Input and Output — Python 3.14.6 documentation\nstructures like lists and dictionaries, have the same representation using either function. Strings, in partic-\nular, have two distinct representations.\nSome examples:\n>>> s = \'Hello, world.\'\n>>> str(s)\n\'Hello, world.\'\n>>> repr(s)\n""\'Hello, world.\'""\n>>> str(1/7)\n\'0.14285714285714285\'\n>>> x = 10 * 3.25\n>>> y = 200 * 200\n>>> s = \'The value of x is \' + repr(x) + \', and y is \' + repr(y) + \'...\'\n>>> print(s)\nThe value of x is 32.5, and y is 40000...\n>>> # The repr() of a string adds string quotes and backslashes:\n>>> hello = \'hello, world\\n\'\n>>> hellos = repr(hello)\n>>> print(hellos)\n\'hello, world\\n\'', '28/07/2026, 14:10 7. Input and Output — Python 3.14.6 documentation\n7. Input and Output\nThere are several ways to present the output of a program; data can be printed in a human-readable form,\nor written to a file for future use. This chapter will discuss some of the possibilities.\n7.1. Fancier Output Formatting\nSo far weʼve encountered two ways of writing values: expression statements and the print() function. (A\nthird way is using the write() method of file objects; the standard output file can be referenced as\nsys.stdout. See the Library Reference for more information on this.)\nOften youʼll want more control over the formatting of your output than simply printing space-separated', '1)\nresult is 2.0\nexecuting finally clause\nhttps://docs.python.org/3/tutorial/errors.html 7/11\n28/07/2026, 14:10 8. Errors and Exceptions — Python 3.14.6 documentation\n>>> divide(2, 0)\ndivision by zero!\nexecuting finally clause\n>>> divide(""2"", ""1"")\nexecuting finally clause\nTraceback (most recent call last):\nFile ""<stdin>"", line 1, in <module>\ndivide(""2"", ""1"")\n~~~~~~^^^^^^^^^^\nFile ""<stdin>"", line 3, in divide\nresult = x / y\n~~^~~\nTypeError: unsupported operand type(s) for /: \'str\' and \'str\'\nAs you can see, the finally clause is executed in any event. The TypeError raised by dividing two\nstrings is not handled by the except clause and therefore re-raised after the finally clause has been', 'a statement or expression is syntactically correct, it may cause an error when an attempt is made\nto execute it. Errors detected during execution are called exceptions and are not unconditionally fatal: you\nwill soon learn how to handle them in Python programs. Most exceptions are not handled by programs,\nhowever, and result in error messages as shown here:\n>>> 10 * (1/0)\nTraceback (most recent call last):\nFile ""<stdin>"", line 1, in <module>\n10 * (1/0)\n~^~\nZeroDivisionError: division by zero\n>>> 4 + spam*3\nTraceback (most recent call last):\nFile ""<stdin>"", line 1, in <module>\n4 + spam*3\n^^^^\nNameError: name \'spam\' is not defined\n>>> \'2\' + 2\nTraceback (most recent call last):', 'to Python — Python 3.14.6 documentation\n3\n5\n8\nThis example introduces several new features.\nThe first line contains a multiple assignment: the variables a and b simultaneously get the new values 0\nand 1. On the last line this is used again, demonstrating that the expressions on the right-hand side are\nall evaluated first before any of the assignments take place. The right-hand side expressions are evalu-\nated from the left to the right.\nThe while loop executes as long as the condition (here: a < 10) remains true. In Python, like in C, any\nnon-zero integer value is true; zero is false. The condition may also be a string or list value, in fact any']","To determine the exact output of the given Python code, let's analyze it step by step.

```python
s1 = 'doesn\'t'
s2 = ""doesn't""
s3 = '""Yes,"" they said.'
s4 = ""\""Yes,\"" they said.""
print(s1)
print(s2)
print(s3)
print(s4)
```

Here's what happens when we execute this code:

1. `s1 = 'doesn\'t'`: This line assigns the string `'doesn\'t'` to the variable `s1`. The backslash (`\`) is an escape character in Python, so it's used to escape the single quote (`'`) within the string. The output of `print(s1)` will be `'doesn\'t'`.

2. `s2 = ""doesn't""`: This line assigns the string `""doesn't""` to the variable `s2`. Since this string is enclosed in double quotes (`""`) and doesn't contain any special characters that need to be escaped, the output of `print(s2)` will be `""doesn't""`.

3. `s3 = '""Yes,"" they said.'`: This line assigns the string `'""Yes,"" they said.'` to the variable `s3`. The double quotes (`""`) within the string are escaped by using another double quote (`""`) before them. The output of `print(s3)` will be `'""Yes,"" they said.'`.

4. `s4 = ""\""Yes,\"" they said.""`: This line assigns the string `\""Yes,\"" they said.""` to the variable `s4`. The backslash (`\`) is used to escape the double quote (`""`) within the string. The output of `print(s4)` will be `\""Yes,\"" they said.""`.

So, the exact output when this code is executed will be:

```
doesn't
doesn't
""Yes,"" they said.
""\""Yes,\"" they said.""
```

Note that the `print()` function in Python 3.x does not add quotes around the output strings, but it does print escaped and special characters as is.","doesn't
doesn't
""Yes,"" they said.
""Yes,"" they said.",0.3333333333333333,0.0,0.0,1.0,T1_006,T1
"Complete the following code so that it creates the string 'unununium' by repeating the substring 'un' three times and then concatenating it with 'ium'. Use the appropriate operator where the blank is indicated.
```python
element = 3 * 'un' ___ 'ium'
print(element)  # Expected output: unununium
```","['"""""")\nUsage: thingy [OPTIONS]\n-h Display this usage message\n-H hostname Hostname to connect to\n>>>\nStrings can be concatenated (glued together) with the + operator, and repeated with *:\n>>> # 3 times \'un\', followed by \'ium\'\n>>> 3 * \'un\' + \'ium\'\n\'unununium\'\nTwo or more string literals (i.e. the ones enclosed between quotes) next to each other are automatically\nconcatenated.\n>>> \'Py\' \'thon\'\n\'Python\'\nThis feature is particularly useful when you want to break long strings:\n>>> text = (\'Put several strings within parentheses \'\n... \'to have them joined together.\')\n>>> text\n\'Put several strings within parentheses to have them joined together.\'', 'joined together.\')\n>>> text\n\'Put several strings within parentheses to have them joined together.\'\nThis only works with two literals though, not with variables or expressions:\n>>> prefix = \'Py\'\n>>> prefix \'thon\' # can\'t concatenate a variable and a string literal\nFile ""<stdin>"", line 1\nprefix \'thon\'\n^^^^^^\nSyntaxError: invalid syntax\n>>> (\'un\' * 3) \'ium\'\nFile ""<stdin>"", line 1\n(\'un\' * 3) \'ium\'\n^^^^^\nSyntaxError: invalid syntax\nIf you want to concatenate variables or a variable and a literal, use +:\n>>> prefix + \'thon\'\n\'Python\'\nStrings can be indexed (subscripted), with the first character having index 0. There is no separate charac-\nter type; a character is simply a string of size one:', '(Note that the one space between each column was added by the way print() works: it always adds\nspaces between its arguments.)\nThe str.rjust() method of string objects right-justifies a string in a field of a given width by padding it\nwith spaces on the left. There are similar methods str.ljust() and str.center(). These methods do\nhttps://docs.python.org/3/tutorial/inputoutput.html 4/8\n28/07/2026, 14:10 7. Input and Output — Python 3.14.6 documentation\nnot write anything, they just return a new string. If the input string is too long, they donʼt truncate it, but\nreturn it unchanged; this will mess up your column lay-out but thatʼs usually better than the alternative,', ""11):\n... print('{0:2d} {1:3d} {2:4d}'.format(x, x*x, x*x*x))\n...\n1 1 1\n2 4 8\n3 9 27\n4 16 64\n5 25 125\n6 36 216\n7 49 343\n8 64 512\n9 81 729\n10 100 1000\nFor a complete overview of string formatting with str.format(), see Format string syntax.\n7.1.3. Manual String Formatting\nHereʼs the same table of squares and cubes, formatted manually:\n>>> for x in range(1, 11):\n... print(repr(x).rjust(2), repr(x*x).rjust(3), end=' ')\n... # Note use of 'end' on previous line\n... print(repr(x*x*x).rjust(4))\n...\n1 1 1\n2 4 8\n3 9 27\n4 16 64\n5 25 125\n6 36 216\n7 49 343\n8 64 512\n9 81 729\n10 100 1000\n(Note that the one space between each column was added by the way print() works: it always adds"", 'Strings support a large number of methods for basic transformations and searching.\nf-strings\nString literals that have embedded expressions.\nFormat string syntax\nInformation about string formatting with str.format().\nprintf-style String Formatting\nThe old formatting operations invoked when strings are the left operand of the % operator are de-\nscribed in more detail here.\nhttps://docs.python.org/3/tutorial/introduction.html 6/9\n28/07/2026, 14:07 3. An Informal Introduction to Python — Python 3.14.6 documentation\n3.1.3. Lists\nPython knows a number of compound data types, used to group together other values. The most versatile', ""it unchanged; this will mess up your column lay-out but thatʼs usually better than the alternative,\nwhich would be lying about a value. (If you really want truncation you can always add a slice operation, as\nin x.ljust(n)[:n].)\nThere is another method, str.zfill(), which pads a numeric string on the left with zeros. It understands\nabout plus and minus signs:\n>>> '12'.zfill(5)\n'00012'\n>>> '-3.14'.zfill(7)\n'-003.14'\n>>> '3.14159265359'.zfill(5)\n'3.14159265359'\n7.1.4. Old string formatting\nThe % operator (modulo) can also be used for string formatting. Given format % values (where format\nis a string), % conversion specifications in format are replaced with zero or more elements of values. This"", ""to indexing, slicing is also supported. While indexing is used to obtain individual characters,\nslicing allows you to obtain a substring:\n>>> word[0:2] # characters from position 0 (included) to 2 (excluded)\n'Py'\n>>> word[2:5] # characters from position 2 (included) to 5 (excluded)\n'tho'\nSlice indices have useful defaults; an omitted first index defaults to zero, an omitted second index defaults\nto the size of the string being sliced.\n>>> word[:2] # character from the beginning to position 2 (excluded)\n'Py'\n>>> word[4:] # characters from position 4 (included) to the end\n'on'\n>>> word[-2:] # characters from the second-last (included) to the end\n'on'""]","To complete the code, we need to use the `+` operator for string concatenation. Here's the corrected code:

```python
element = 3 * 'un' + 'ium'
print(element)  # Expected output: unununium
```

This code works as follows:

1. `3 * 'un'` repeats the substring `'un'` three times, resulting in the string `'unun'`.
2. The `+` operator is used to concatenate the repeated substring with the string `'ium'`, resulting in the final string `'ununium'`.

Note that we can't use the `+` operator inside the parentheses with the repeated substring, as shown in the example in the provided context. Instead, we need to use the `+` operator outside the parentheses to concatenate the repeated substring with the string `'ium'`.","Replace the blank with the plus operator (+):
```python
element = 3 * 'un' + 'ium'
```",0.5714285714285714,0.515288232458337,0.99999999995,1.0,T1_007,T1
"You are writing a script that creates a short identifier for each user name. The identifier must consist of the last two characters of the name followed by the first three characters. Given the variable `username = ""Python""`, write a single line of Python code using slicing that assigns the correct identifier to the variable `identifier`. What is the value of `identifier` after your code runs?","['28/07/2026, 14:10 6. Modules — Python 3.14.6 documentation\n6. Modules\nIf you quit from the Python interpreter and enter it again, the definitions you have made (functions and\nvariables) are lost. Therefore, if you want to write a somewhat longer program, you are better off using a\ntext editor to prepare the input for the interpreter and running it with that file as input instead. This is\nknown as creating a script. As your program gets longer, you may want to split it into several files for easi-\ner maintenance. You may also want to use a handy function that youʼve written in several programs with-\nout copying its definition into each program.', 'that youʼve written in several programs with-\nout copying its definition into each program.\nTo support this, Python has a way to put definitions in a file and use them in a script or in an interactive in-\nstance of the interpreter. Such a file is called a module; definitions from a module can be imported into\nother modules or into the main module (the collection of variables that you have access to in a script exe-\ncuted at the top level and in calculator mode).\nA module is a file containing Python definitions and statements. The file name is the module name with the\nsuffix .py appended. Within a module, the moduleʼs name (as a string) is available as the value of the', ""to indexing, slicing is also supported. While indexing is used to obtain individual characters,\nslicing allows you to obtain a substring:\n>>> word[0:2] # characters from position 0 (included) to 2 (excluded)\n'Py'\n>>> word[2:5] # characters from position 2 (included) to 5 (excluded)\n'tho'\nSlice indices have useful defaults; an omitted first index defaults to zero, an omitted second index defaults\nto the size of the string being sliced.\n>>> word[:2] # character from the beginning to position 2 (excluded)\n'Py'\n>>> word[4:] # characters from position 4 (included) to the end\n'on'\n>>> word[-2:] # characters from the second-last (included) to the end\n'on'"", ""to the end\n'on'\n>>> word[-2:] # characters from the second-last (included) to the end\n'on'\nNote how the start is always included, and the end always excluded. This makes sure that s[:i] + s[i:]\nis always equal to s:\n>>> word[:2] + word[2:]\n'Python'\n>>> word[:4] + word[4:]\n'Python'\nOne way to remember how slices work is to think of the indices as pointing between characters, with the\nleft edge of the first character numbered 0. Then the right edge of the last character of a string of n char-\nacters has index n, for example:\n+---+---+---+---+---+---+\n| P | y | t | h | o | n |\n+---+---+---+---+---+---+\n0 1 2 3 4 5 6\n-6 -5 -4 -3 -2 -1"", '# with print(), special characters are interpreted, so \\n produces new\nFirst line.\nSecond line.\nIf you donʼt want characters prefaced by \\ to be interpreted as special characters, you can use raw\nstrings by adding an r before the first quote:\n>>> print(\'C:\\this\\name\') # here \\t means tab, \\n means newline\nC: his\name\n>>> print(r\'C:\\this\\name\') # note the r before the quote\nC:\\this\\name\nThere is one subtle aspect to raw strings: a raw string may not end in an odd number of \\ characters; see\nthe FAQ entry for more information and workarounds.\nString literals can span multiple lines. One way is using triple-quotes: """"""..."""""" or \'\'\'...\'\'\'. End-of-', '17/18\n28/07/2026, 14:09 4. More Control Flow Tools — Python 3.14.6 documentation\nLikewise, donʼt use non-ASCII characters in identifiers if there is only the slightest chance people\nspeaking a different language will read or maintain the code.\nFootnotes\n[1] Actually, call by object reference would be a better description, since if a mutable object is passed,\nthe caller will see any changes the callee makes to it (items inserted into a list).\nhttps://docs.python.org/3/tutorial/controlflow.html#match-statements 18/18', '5/9\n28/07/2026, 14:07 3. An Informal Introduction to Python — Python 3.14.6 documentation\n>>> word[42] # the word only has 6 characters\nTraceback (most recent call last):\nFile ""<stdin>"", line 1, in <module>\nIndexError: string index out of range\nHowever, out of range slice indexes are handled gracefully when used for slicing:\n>>> word[4:42]\n\'on\'\n>>> word[42:]\n\'\'\nPython strings cannot be changed — they are immutable. Therefore, assigning to an indexed position in\nthe string results in an error:\n>>> word[0] = \'J\'\nTraceback (most recent call last):\nFile ""<stdin>"", line 1, in <module>\nTypeError: \'str\' object does not support item assignment\n>>> word[2:] = \'py\'\nTraceback (most recent call last):']","To create the identifier, you can use slicing to extract the last two characters and the first three characters of the `username` variable. The correct Python code would be:

```python
identifier = username[-2:] + username[:3]
```

Here's how it works:

- `username[-2:]` extracts the last two characters of the `username` variable. The `-2` index means ""start from the second last character and go to the end"".
- `username[:3]` extracts the first three characters of the `username` variable. The `:3` means ""start from the beginning and go up to but not including the third character"".

When you concatenate these two slices using the `+` operator, you get the desired identifier.

Given the variable `username = ""Python""`, the value of `identifier` after running this code would be:

`identifier = ""onPy""`

This is because `username[-2:]` extracts the last two characters `""on""` and `username[:3]` extracts the first three characters `""Pyt""`. When you concatenate these two strings, you get `""onPy""`.","```python
username = ""Python""
identifier = username[-2:] + username[:3]
```
The resulting value of `identifier` is the string `'onPyt'`.",0.5,0.809006820991557,0.42063492062089947,0.6666666666666666,T1_008,T1
"The code below is meant to print a Windows file path exactly as typed, using a raw string so that backslashes are not interpreted as escape characters. When you run it, Python raises a **SyntaxError**. 

```python
def show_path():
    path = r""C:\Users\Alice\Documents\""
    print(""Path:"", path)

show_path()
```

Identify the line and the specific part of the code that causes the error, explain why the error occurs according to the rules for raw strings described in the context, and rewrite the snippet so that it runs correctly and prints the intended path.","['# with print(), special characters are interpreted, so \\n produces new\nFirst line.\nSecond line.\nIf you donʼt want characters prefaced by \\ to be interpreted as special characters, you can use raw\nstrings by adding an r before the first quote:\n>>> print(\'C:\\this\\name\') # here \\t means tab, \\n means newline\nC: his\name\n>>> print(r\'C:\\this\\name\') # note the r before the quote\nC:\\this\\name\nThere is one subtle aspect to raw strings: a raw string may not end in an odd number of \\ characters; see\nthe FAQ entry for more information and workarounds.\nString literals can span multiple lines. One way is using triple-quotes: """"""..."""""" or \'\'\'...\'\'\'. End-of-', 'world\')\nFile ""<stdin>"", line 1\nwhile True print(\'Hello world\')\n^^^^^\nSyntaxError: invalid syntax\nThe parser repeats the offending line and displays little arrows pointing at the place where the error was\ndetected. Note that this is not always the place that needs to be fixed. In the example, the error is detect-\ned at the function print(), since a colon (\':\') is missing just before it.\nThe file name (<stdin> in our example) and line number are printed so you know where to look in case\nthe input came from a file.\n8.2. Exceptions\nEven if a statement or expression is syntactically correct, it may cause an error when an attempt is made', '5/9\n28/07/2026, 14:07 3. An Informal Introduction to Python — Python 3.14.6 documentation\n>>> word[42] # the word only has 6 characters\nTraceback (most recent call last):\nFile ""<stdin>"", line 1, in <module>\nIndexError: string index out of range\nHowever, out of range slice indexes are handled gracefully when used for slicing:\n>>> word[4:42]\n\'on\'\n>>> word[42:]\n\'\'\nPython strings cannot be changed — they are immutable. Therefore, assigning to an indexed position in\nthe string results in an error:\n>>> word[0] = \'J\'\nTraceback (most recent call last):\nFile ""<stdin>"", line 1, in <module>\nTypeError: \'str\' object does not support item assignment\n>>> word[2:] = \'py\'\nTraceback (most recent call last):', 'print(""There were OSErrors"")\n... except* SystemError as e:\n... print(""There were SystemErrors"")\n...\nThere were OSErrors\nThere were SystemErrors\n+ Exception Group Traceback (most recent call last):\n| File ""<stdin>"", line 2, in <module>\n| f()\n| ~^^\n| File ""<stdin>"", line 2, in f\n| raise ExceptionGroup(\n| ...<12 lines>...\nhttps://docs.python.org/3/tutorial/errors.html 9/11\n28/07/2026, 14:10 8. Errors and Exceptions — Python 3.14.6 documentation\n| )\n| ExceptionGroup: group1 (1 sub-exception)\n+-+---------------- 1 ----------------\n| ExceptionGroup: group2 (1 sub-exception)\n+-+---------------- 1 ----------------\n| RecursionError: 4\n+------------------------------------\n>>>', 'said.\'\n\'""Yes,"" they said.\'\n>>> ""\\""Yes,\\"" they said.""\n\'""Yes,"" they said.\'\n>>> \'""Isn\\\'t,"" they said.\'\n\'""Isn\\\'t,"" they said.\'\nIn the Python shell, the string definition and output string can look different. The print() function pro-\nduces a more readable output, by omitting the enclosing quotes and by printing escaped and special\ncharacters:\n>>> s = \'First line.\\nSecond line.\' # \\n means newline\n>>> s # without print(), special characters are included in the string\n\'First line.\\nSecond line.\'\n>>> print(s) # with print(), special characters are interpreted, so \\n produces new\nFirst line.\nSecond line.', '+ spam*3\n^^^^\nNameError: name \'spam\' is not defined\n>>> \'2\' + 2\nTraceback (most recent call last):\nFile ""<stdin>"", line 1, in <module>\n\'2\' + 2\n~~~~^~~\nTypeError: can only concatenate str (not ""int"") to str\nhttps://docs.python.org/3/tutorial/errors.html 1/11\n28/07/2026, 14:10 8. Errors and Exceptions — Python 3.14.6 documentation\nThe last line of the error message indicates what happened. Exceptions come in different types, and the\ntype is printed as part of the message: the types in the example are ZeroDivisionError, NameError\nand TypeError. The string printed as the exception type is the name of the built-in exception that oc-', '28/07/2026, 14:10 8. Errors and Exceptions — Python 3.14.6 documentation\n8. Errors and Exceptions\nUntil now error messages havenʼt been more than mentioned, but if you have tried out the examples you\nhave probably seen some. There are (at least) two distinguishable kinds of errors: syntax errors and ex-\nceptions.\n8.1. Syntax Errors\nSyntax errors, also known as parsing errors, are perhaps the most common kind of complaint you get\nwhile you are still learning Python:\n>>> while True print(\'Hello world\')\nFile ""<stdin>"", line 1\nwhile True print(\'Hello world\')\n^^^^^\nSyntaxError: invalid syntax']","I'm sorry, that concept is outside the scope of our current syllabus or I couldn't find reliable information in the database to answer you accurately.","The error is on the line `path = r""C:\Users\Alice\Documents\""`. A raw string may not end with an odd number of backslashes; the final `\` is interpreted as a single backslash that terminates the string literal, leading to a **SyntaxError: EOL while scanning string literal**. To fix it, either add another backslash to make the ending even, or use a normal string with escaped backslashes. A corrected version is:
```python
def show_path():
    path = r""C:\Users\Alice\Documents\\""  # raw string ends with two backslashes
    print(""Path:"", path)

show_path()
```
This prints:
```
Path: C:\Users\Alice\Documents\\
```",0.0,-0.0,0.9999999999,1.0,T1_009,T1
"You are given the following Python script. Analyze the code line‑by‑line, explaining the purpose of each comment, the effect of each statement, and determine the exact values and data types printed by the final `print` call.

```python
# calculate average of two numbers
a = 7
b = 3
# regular division
avg = (a + b) / 2  # should be float
# floor division
avg_floor = (a + b) // 2
# remainder of sum divided by 2
rem = (a + b) % 2
print(avg, avg_floor, rem)  # output?
```","['you have to type a tab or space(s) for each indented line. In practice you will prepare more\ncomplicated input for Python with a text editor; all decent text editors have an auto-indent facility. When\na compound statement is entered interactively, it must be followed by a blank line to indicate comple-\ntion (since the parser cannot guess when you have typed the last line). Note that each line within a ba-\nsic block must be indented by the same amount.\nThe print() function writes the value of the argument(s) it is given. It differs from just writing the ex-\npression you want to write (as we did earlier in the calculator examples) in the way it handles multiple', 'are to clarify code and are\nnot interpreted by Python, they may be omitted when typing in examples.\nSome examples:\n# this is the first comment\nspam = 1 # and this is the second comment\n# ... and now a third!\ntext = ""# This is not a comment because it\'s inside quotes.""\n3.1. Using Python as a Calculator\nLetʼs try some simple Python commands. Start the interpreter and wait for the primary prompt, >>>. (It\nshouldnʼt take long.)\n3.1.1. Numbers\nThe interpreter acts as a simple calculator: you can type an expression into it and it will write the value.\nExpression syntax is straightforward: the operators +, -, * and / can be used to perform arithmetic;', 'said.\'\n\'""Yes,"" they said.\'\n>>> ""\\""Yes,\\"" they said.""\n\'""Yes,"" they said.\'\n>>> \'""Isn\\\'t,"" they said.\'\n\'""Isn\\\'t,"" they said.\'\nIn the Python shell, the string definition and output string can look different. The print() function pro-\nduces a more readable output, by omitting the enclosing quotes and by printing escaped and special\ncharacters:\n>>> s = \'First line.\\nSecond line.\' # \\n means newline\n>>> s # without print(), special characters are included in the string\n\'First line.\\nSecond line.\'\n>>> print(s) # with print(), special characters are interpreted, so \\n produces new\nFirst line.\nSecond line.', 'use the “Copy” button (it appears in the upper-right corner when hovering over or tapping a code\nexample), which strips prompts and omits output, to copy and paste the input lines into your interpreter.\nMany of the examples in this manual, even those entered at the interactive prompt, include comments.\nComments in Python start with the hash character, #, and extend to the end of the physical line. A com-\nment may appear at the start of a line or following whitespace or code, but not within a string literal. A\nhash character within a string literal is just a hash character. Since comments are to clarify code and are\nnot interpreted by Python, they may be omitted when typing in examples.', 'to calculate the remainder you can use %:\nhttps://docs.python.org/3/tutorial/introduction.html 1/9\n28/07/2026, 14:07 3. An Informal Introduction to Python — Python 3.14.6 documentation\n>>> 17 / 3 # classic division returns a float\n5.666666666666667\n>>>\n>>> 17 // 3 # floor division discards the fractional part\n5\n>>> 17 % 3 # the % operator returns the remainder of the division\n2\n>>> 5 * 3 + 2 # floored quotient * divisor + remainder\n17\nWith Python, it is possible to use the ** operator to calculate powers [1]:\n>>> 5 ** 2 # 5 squared\n25\n>>> 2 ** 7 # 2 to the power of 7\n128\nThe equal sign (=) is used to assign a value to a variable. Afterwards, no result is displayed before the next', 'mode, the last printed expression is assigned to the variable _. This means that when you\nare using Python as a desk calculator, it is somewhat easier to continue calculations, for example:\n>>> tax = 12.5 / 100\n>>> price = 100.50\n>>> price * tax\n12.5625\n>>> price + _\n113.0625\n>>> round(_, 2)\n113.06\nThis variable should be treated as read-only by the user. Donʼt explicitly assign a value to it — you would\ncreate an independent local variable with the same name masking the built-in variable with its magic\nbehavior.\nIn addition to int and float, Python supports other types of numbers, such as Decimal and Fraction.', '1/8\n28/07/2026, 14:10 7. Input and Output — Python 3.14.6 documentation\nstructures like lists and dictionaries, have the same representation using either function. Strings, in partic-\nular, have two distinct representations.\nSome examples:\n>>> s = \'Hello, world.\'\n>>> str(s)\n\'Hello, world.\'\n>>> repr(s)\n""\'Hello, world.\'""\n>>> str(1/7)\n\'0.14285714285714285\'\n>>> x = 10 * 3.25\n>>> y = 200 * 200\n>>> s = \'The value of x is \' + repr(x) + \', and y is \' + repr(y) + \'...\'\n>>> print(s)\nThe value of x is 32.5, and y is 40000...\n>>> # The repr() of a string adds string quotes and backslashes:\n>>> hello = \'hello, world\\n\'\n>>> hellos = repr(hello)\n>>> print(hellos)\n\'hello, world\\n\'']","Let's analyze the given Python script line by line.

1. `# calculate average of two numbers`
   - This is a comment, which is a line that starts with the hash character `#`. It's used to provide a description or explanation of the code that follows. In this case, it's explaining the purpose of the code.

2. `a = 7`
   - This line assigns the value `7` to the variable `a`. The variable `a` is now a number, specifically an integer, with the value `7`.

3. `b = 3`
   - This line assigns the value `3` to the variable `b`. The variable `b` is now a number, specifically an integer, with the value `3`.

4. `# regular division`
   - This is another comment, explaining that the next line of code is performing regular division.

5. `avg = (a + b) / 2  # should be float`
   - This line calculates the sum of `a` and `b`, which is `7 + 3 = 10`, and then divides the result by `2`. The `/` operator in Python performs regular division, which returns a floating-point number. So, `10 / 2` equals `5.0`. The comment suggests that the result should be a float, which is correct.

6. `# floor division`
   - This is another comment, explaining that the next line of code is performing floor division.

7. `avg_floor = (a + b) // 2`
   - This line calculates the sum of `a` and `b`, which is `7 + 3 = 10`, and then divides the result by `2` using the `//` operator, which performs floor division. Floor division discards the fractional part of the result, so `10 // 2` equals `5`.

8. `# remainder of sum divided by 2`
   - This is another comment, explaining that the next line of code is calculating the remainder of the sum divided by `2`.

9. `rem = (a + b) % 2`
   - This line calculates the sum of `a` and `b`, which is `7 + 3 = 10`, and then calculates the remainder of the result divided by `2` using the `%` operator. The remainder of `10` divided by `2` is `0`.

10. `print(avg, avg_floor, rem)  # output?`
    - This line prints the values of `avg`, `avg_floor`, and `rem` to the console. The `print` function takes multiple arguments and prints them separated by spaces. The `# output?` comment is asking what the output of the `print` call will be.

Now, let's determine the exact values and data types printed by the final `print` call.

- `avg` is a float with the value `5.0`.
- `avg_floor` is an integer with the value `5`.
- `rem` is an integer with the value `0`.

So, the output of the `print` call will be:
```
5.0 5 0
```
The data types of the output values are `float`, `int`, and `int`, respectively.","The first line is a comment; Python ignores it, so it does not affect execution. The assignments `a = 7` and `b = 3` bind the integers 7 and 3 to the names `a` and `b`. The next comment again is ignored. The expression `(a + b) / 2` adds the two integers (7 + 3 = 10) and then uses the true division operator `/`, which always returns a float, so `avg` becomes `10 / 2 = 5.0` (type float). The following comment is ignored. The expression `(a + b) // 2` also adds the numbers to get 10, but `//` is floor division, which returns the integer part of the quotient; therefore `avg_floor` is `10 // 2 = 5` (type int). The next comment is ignored. The expression `(a + b) % 2` computes the remainder of 10 divided by 2, which is `0`; thus `rem` is `0` (type int). The final `print` statement outputs the three values separated by spaces, so the console shows:
```
5.0 5 0
```",0.0,0.4792053781112476,0.19999999998,1.0,T1_010,T1
"Consider the following two code snippets that aim to compute the number of whole packages needed to hold a given number of items, where a partial package is not allowed.

Snippet A:
```python
items = 17
package_size = 3
packages = int(items / package_size)
print(packages)
```

Snippet B:
```python
items = 17
package_size = 3
packages = items // package_size
print(packages)
```

Which snippet follows best practice for performing integer (floor) division in Python, and why? If you think a snippet should be revised, show the corrected line of code.","['syntax is straightforward: the operators +, -, * and / can be used to perform arithmetic;\nparentheses (()) can be used for grouping. For example:\n>>> 2 + 2\n4\n>>> 50 - 5*6\n20\n>>> (50 - 5*6) / 4\n5.0\n>>> 8 / 5 # division always returns a floating-point number\n1.6\nThe integer numbers (e.g. 2, 4, 20) have type int, the ones with a fractional part (e.g. 5.0, 1.6) have\ntype float. We will see more about numeric types later in the tutorial.\nDivision (/) always returns a float. To do floor division and get an integer result you can use the // opera-\ntor; to calculate the remainder you can use %:\nhttps://docs.python.org/3/tutorial/introduction.html 1/9', 'to calculate the remainder you can use %:\nhttps://docs.python.org/3/tutorial/introduction.html 1/9\n28/07/2026, 14:07 3. An Informal Introduction to Python — Python 3.14.6 documentation\n>>> 17 / 3 # classic division returns a float\n5.666666666666667\n>>>\n>>> 17 // 3 # floor division discards the fractional part\n5\n>>> 17 % 3 # the % operator returns the remainder of the division\n2\n>>> 5 * 3 + 2 # floored quotient * divisor + remainder\n17\nWith Python, it is possible to use the ** operator to calculate powers [1]:\n>>> 5 ** 2 # 5 squared\n25\n>>> 2 ** 7 # 2 to the power of 7\n128\nThe equal sign (=) is used to assign a value to a variable. Afterwards, no result is displayed before the next', ""'sorted', 'staticmethod', 'str', 'sum', 'super', 'tuple', 'type', 'vars',\n'zip']\n6.4. Packages\nPackages are a way of structuring Pythonʼs module namespace by using “dotted module names”. For ex-\nample, the module name A.B designates a submodule named B in a package named A. Just like the use\nof modules saves the authors of different modules from having to worry about each otherʼs global variable\nnames, the use of dotted module names saves the authors of multi-module packages like NumPy or Pillow\nfrom having to worry about each otherʼs module names.\nSuppose you want to design a collection of modules (a “package”) for the uniform handling of sound files"", 'of a Python application must al-\nways use absolute imports.\n6.4.3. Packages in Multiple Directories\nPackages support one more special attribute, __path__. This is initialized to be a sequence of strings\ncontaining the name of the directory holding the packageʼs __init__.py before the code in that file is\nexecuted. This variable can be modified; doing so affects future searches for modules and subpackages\ncontained in the package.\nWhile this feature is not often needed, it can be used to extend the set of modules found in a package.\nFootnotes\n[1] In fact function definitions are also ‘statementsʼ that are ‘executedʼ; the execution of a module-level', '1)\nresult is 2.0\nexecuting finally clause\nhttps://docs.python.org/3/tutorial/errors.html 7/11\n28/07/2026, 14:10 8. Errors and Exceptions — Python 3.14.6 documentation\n>>> divide(2, 0)\ndivision by zero!\nexecuting finally clause\n>>> divide(""2"", ""1"")\nexecuting finally clause\nTraceback (most recent call last):\nFile ""<stdin>"", line 1, in <module>\ndivide(""2"", ""1"")\n~~~~~~^^^^^^^^^^\nFile ""<stdin>"", line 3, in divide\nresult = x / y\n~~^~~\nTypeError: unsupported operand type(s) for /: \'str\' and \'str\'\nAs you can see, the finally clause is executed in any event. The TypeError raised by dividing two\nstrings is not handled by the except clause and therefore re-raised after the finally clause has been', ""an arithmetic progression of numbers (like in Pascal), or giving the user the ability to define\nboth the iteration step and halting condition (as C), Pythonʼs for statement iterates over the items of any\nsequence (a list or a string), in the order that they appear in the sequence. For example (no pun intended):\n>>> # Measure some strings:\n>>> words = ['cat', 'window', 'defenestrate']\n>>> for w in words:\n... print(w, len(w))\n...\ncat 3\nwindow 6\ndefenestrate 12\nCode that modifies a collection while iterating over that same collection can be tricky to get right. Instead,\nit is usually more straight-forward to loop over a copy of the collection or to create a new collection:"", 'a statement or expression is syntactically correct, it may cause an error when an attempt is made\nto execute it. Errors detected during execution are called exceptions and are not unconditionally fatal: you\nwill soon learn how to handle them in Python programs. Most exceptions are not handled by programs,\nhowever, and result in error messages as shown here:\n>>> 10 * (1/0)\nTraceback (most recent call last):\nFile ""<stdin>"", line 1, in <module>\n10 * (1/0)\n~^~\nZeroDivisionError: division by zero\n>>> 4 + spam*3\nTraceback (most recent call last):\nFile ""<stdin>"", line 1, in <module>\n4 + spam*3\n^^^^\nNameError: name \'spam\' is not defined\n>>> \'2\' + 2\nTraceback (most recent call last):']","Let's analyze both code snippets to determine which one follows best practice for performing integer (floor) division in Python.

Snippet A uses the `int()` function to convert the result of the division to an integer:
```python
items = 17
package_size = 3
packages = int(items / package_size)
print(packages)
```
This approach is not the most efficient or Pythonic way to perform floor division. The `int()` function is not necessary, as the `/` operator already returns a float in Python 3. However, when the result is an integer, it is automatically converted to an integer. But, this approach can lead to unexpected behavior if the result is not an integer.

Snippet B uses the `//` operator, which is the recommended way to perform floor division in Python:
```python
items = 17
package_size = 3
packages = items // package_size
print(packages)
```
The `//` operator is specifically designed for floor division and returns the largest whole number less than or equal to the result of the division. This approach is more efficient and follows best practice for performing integer (floor) division in Python.

Therefore, Snippet B follows best practice for performing integer (floor) division in Python. The corrected line of code in Snippet A should be:
```python
packages = items // package_size
```
This change will ensure that the code uses the recommended `//` operator for floor division, making it more efficient and Pythonic.","Snippet B follows best practice. It uses the floor‑division operator (//) which directly yields an integer result by discarding the fractional part, as described in the context. This avoids the intermediate floating‑point division performed by the / operator and the subsequent conversion with int(), which can introduce unnecessary floating‑point rounding errors and is less efficient. Snippet A works but is sub‑optimal because it first computes a float (items / package_size) and then truncates it with int(). The corrected approach is to replace the line in Snippet A with `packages = items // package_size` (or simply use Snippet B).",0.125,0.7396283582911629,0.99999999995,0.4,T1_011,T1
"According to the provided material, what happens when a for loop finishes its final iteration without encountering a break statement?","['else clause is executed after the loop finishes its final iteration, that is, if no break\noccurred.\nIn a while loop, itʼs executed after the loopʼs condition becomes false.\nhttps://docs.python.org/3/tutorial/controlflow.html#match-statements 3/18\n28/07/2026, 14:09 4. More Control Flow Tools — Python 3.14.6 documentation\nIn either kind of loop, the else clause is not executed if the loop was terminated by a break. Of course,\nother ways of ending the loop early, such as a return or a raised exception, will also skip execution of the\nelse clause.\nThis is exemplified in the following for loop, which searches for prime numbers:\n>>> for n in range(2, 10):\n... for x in range(2, n):', 'continues with the next iteration of the loop:\n>>> for num in range(2, 10):\n... if num % 2 == 0:\n... print(f""Found an even number {num}"")\n... continue\n... print(f""Found an odd number {num}"")\n...\nFound an even number 2\nFound an odd number 3\nFound an even number 4\nFound an odd number 5\nFound an even number 6\nFound an odd number 7\nFound an even number 8\nFound an odd number 9\n4.5. Clauses on Loops\nelse\nIn a for or while loop the break statement may be paired with an else clause. If the loop finishes with-\nout executing the break, the else clause executes.\nIn a for loop, the else clause is executed after the loop finishes its final iteration, that is, if no break\noccurred.', 'to think of the else clause is to imagine it paired with the if inside the loop. As the loop exe-\ncutes, it will run a sequence like if/if/if/else. The if is inside the loop, encountered a number of times. If\nthe condition is ever true, a break will happen. If the condition is never true, the else clause outside the\nloop will execute.\nWhen used with a loop, the else clause has more in common with the else clause of a try statement\nthan it does with that of if statements: a try statementʼs else clause runs when no exception occurs,\nand a loopʼs else clause runs when no break occurs. For more on the try statement and exceptions,\nsee Handling Exceptions.\n4.6. Statements\npass', 'while an example of a function that takes an iterable is sum():\n>>> sum(range(4)) # 0 + 1 + 2 + 3\n6\nLater we will see more functions that return iterables and take iterables as arguments. In chapter Data\nStructures, we will discuss list() in more detail.\n4.4. and Statements\nbreak continue\nThe break statement breaks out of the innermost enclosing for or while loop:\n>>> for n in range(2, 10):\n... for x in range(2, n):\n... if n % x == 0:\n... print(f""{n} equals {x} * {n//x}"")\n... break\n...\n4 equals 2 * 2\n6 equals 2 * 3\n8 equals 2 * 4\n9 equals 3 * 3\nThe continue statement continues with the next iteration of the loop:\n>>> for num in range(2, 10):\n... if num % 2 == 0:', 'or else clause. Again, the exception is re-\nraised after the finally clause has been executed.\nIf the finally clause executes a break, continue or return statement, exceptions are not re-raised.\nThis can be confusing and is therefore discouraged. From version 3.14 the compiler emits a\nSyntaxWarning for it (see PEP 765).\nIf the try statement reaches a break, continue or return statement, the finally clause will exe-\ncute just prior to the break, continue or return statementʼs execution.\nIf a finally clause includes a return statement, the returned value will be the one from the finally\nclauseʼs return statement, not the value from the try clauseʼs return statement. This can be con-', ""for loop, which searches for prime numbers:\n>>> for n in range(2, 10):\n... for x in range(2, n):\n... if n % x == 0:\n... print(n, 'equals', x, '*', n//x)\n... break\n... else:\n... # loop fell through without finding a factor\n... print(n, 'is a prime number')\n...\n2 is a prime number\n3 is a prime number\n4 equals 2 * 2\n5 is a prime number\n6 equals 2 * 3\n7 is a prime number\n8 equals 2 * 4\n9 equals 3 * 3\n(Yes, this is the correct code. Look closely: the else clause belongs to the for loop, not the if\nstatement.)\nOne way to think of the else clause is to imagine it paired with the if inside the loop. As the loop exe-"", 'the scenes, the for statement calls iter() on the container object. The function returns an itera-\ntor object that defines the method __next__() which accesses elements in the container one at a time.\nWhen there are no more elements, __next__() raises a StopIteration exception which tells the for\nloop to terminate. You can call the __next__() method using the next() built-in function; this example\nshows how it all works:\n>>> s = \'abc\'\n>>> it = iter(s)\n>>> it\n<str_iterator object at 0x10c90e650>\n>>> next(it)\n\'a\'\n>>> next(it)\n\'b\'\n>>> next(it)\n\'c\'\n>>> next(it)\nTraceback (most recent call last):\nFile ""<stdin>"", line 1, in <module>\nnext(it)\nStopIteration']","According to the provided material, when a for loop finishes its final iteration without encountering a break statement, the else clause is executed. This is exemplified in the following code snippet:

```python
>>> for n in range(2, 10):
... for x in range(2, n):
... if n % x == 0:
... print(n, 'equals', x, '*', n//x)
... break
... else:
... # loop fell through without finding a factor
... print(n, 'is a prime number')
...
2 is a prime number
3 is a prime number
4 equals 2 * 2
5 is a prime number
6 equals 2 * 3
7 is a prime number
8 equals 2 * 4
9 equals 3 * 3
```

In this example, the else clause is executed after the loop finishes its final iteration without encountering a break statement, indicating that the number is a prime number.","The else clause attached to the for loop is executed after the loop finishes its final iteration, meaning it runs only when the loop completes normally without a break.",1.0,0.9899361609423933,0.91666666664375,1.0,T2_001,T2
"In Python’s structural pattern matching, a ``match`` statement can use a mapping pattern such as ``{""bandwidth"": b, ""latency"": l}``. Explain how this pattern works: (1) how the values for ``b`` and ``l`` are captured from the subject dictionary, (2) what happens to any extra keys that are not mentioned in the pattern, and (3) how the ``as`` keyword can be used with a sub‑pattern to capture the whole matched element. Also, briefly describe how literals like ``True``, ``False`` and ``None`` are compared when they appear in a pattern.","['items.\nMapping patterns: {""bandwidth"": b, ""latency"": l} captures the ""bandwidth"" and ""latency""\nvalues from a dictionary. Unlike sequence patterns, extra keys are ignored. An unpacking like **rest is\nalso supported. (But **_ would be redundant, so it is not allowed.)\nSubpatterns may be captured using the as keyword:\ncase (Point(x1, y1), Point(x2, y2) as p2): ...\nwill capture the second element of the input as p2 (as long as the input is a sequence of two points)\nMost literals are compared by equality, however the singletons True, False and None are compared by\nidentity.\nPatterns may use named constants. These must be dotted names to prevent them from being interpret-\ned as capture variables:', 'A match statement takes an expression and compares its value to successive patterns given as one or\nmore case blocks. This is superficially similar to a switch statement in C, Java or JavaScript (and many\nother languages), but itʼs more similar to pattern matching in languages like Rust or Haskell. Only the first\npattern that matches gets executed and it can also extract components (sequence elements or object at-\ntributes) from the value into variables. If no case matches, none of the branches is executed.\nThe simplest form compares a subject value against one or more literals:\ndef http_error(status):\nmatch status:\ncase 400:\nreturn ""Bad request""\ncase 404:\nreturn ""Not found""\ncase 418:', '{x}"")\ncase Point(x, y):\nprint(f""Not on the diagonal"")\nSeveral other key features of this statement:\nLike unpacking assignments, tuple and list patterns have exactly the same meaning and actually match\narbitrary sequences. An important exception is that they donʼt match iterators or strings.\nSequence patterns support extended unpacking: [x, y, *rest] and (x, y, *rest) work similar to\nunpacking assignments. The name after * may also be _, so (x, y, *_) matches a sequence of at\nleast two items without binding the remaining items.\nMapping patterns: {""bandwidth"": b, ""latency"": l} captures the ""bandwidth"" and ""latency""', 'The conditions used in while and if statements can contain any operators, not just comparisons.\nThe comparison operators in and not in are membership tests that determine whether a value is in (or\nnot in) a container. The operators is and is not compare whether two objects are really the same ob-\nject. All comparison operators have the same priority, which is lower than that of all numerical operators.\nhttps://docs.python.org/3/tutorial/datastructures.html 10/12\n28/07/2026, 14:10 5. Data Structures — Python 3.14.6 documentation\nComparisons can be chained. For example, a < b == c tests whether a is less than b and moreover b\nequals c.', 'be zero or more elif parts, and the else part is optional. The keyword ‘elifʼ is short for ‘else\nifʼ, and is useful to avoid excessive indentation. An if … elif … elif … sequence is a substitute for the\nswitch or case statements found in other languages.\nIf youʼre comparing the same value to several constants, or checking for specific types or attributes, you\nmay also find the match statement useful. For more details see match Statements.\n4.2. Statements\nfor\nThe for statement in Python differs a bit from what you may be used to in C or Pascal. Rather than always\niterating over an arithmetic progression of numbers (like in Pascal), or giving the user the ability to define', '17/18\n28/07/2026, 14:09 4. More Control Flow Tools — Python 3.14.6 documentation\nLikewise, donʼt use non-ASCII characters in identifiers if there is only the slightest chance people\nspeaking a different language will read or maintain the code.\nFootnotes\n[1] Actually, call by object reference would be a better description, since if a mutable object is passed,\nthe caller will see any changes the callee makes to it (items inserted into a list).\nhttps://docs.python.org/3/tutorial/controlflow.html#match-statements 18/18', '(x, 0):\nprint(f""X={x}"")\ncase (x, y):\nprint(f""X={x}, Y={y}"")\ncase _:\nraise ValueError(""Not a point"")\nStudy that one carefully! The first pattern has two literals, and can be thought of as an extension of the lit-\neral pattern shown above. But the next two patterns combine a literal and a variable, and the variable\nbinds a value from the subject (point). The fourth pattern captures two values, which makes it conceptu-\nally similar to the unpacking assignment (x, y) = point.\nhttps://docs.python.org/3/tutorial/controlflow.html#match-statements 5/18\n28/07/2026, 14:09 4. More Control Flow Tools — Python 3.14.6 documentation']","In Python's structural pattern matching, a mapping pattern such as {""bandwidth"": b, ""latency"": l} is used to capture specific values from a dictionary. Here's how it works:

1. **Capturing values**: When a dictionary is matched against this pattern, the values for ""bandwidth"" and ""latency"" are captured from the dictionary and assigned to the variables b and l, respectively. This is done by comparing the keys of the dictionary with the keys in the pattern. If a key in the dictionary matches a key in the pattern, the corresponding value is assigned to the variable.

2. **Ignoring extra keys**: Any extra keys that are not mentioned in the pattern are ignored. This means that if the dictionary has additional keys that are not present in the pattern, they are not captured or assigned to any variables.

3. **Using the ""as"" keyword**: The ""as"" keyword can be used with a sub-pattern to capture the whole matched element. For example, if we have a pattern like (Point(x1, y1), Point(x2, y2) as p2), the second element of the input (Point(x2, y2)) is captured and assigned to the variable p2.

4. **Comparing literals**: When literals like True, False, and None appear in a pattern, they are compared by identity, not by equality. This means that the actual object being compared is checked to see if it is the same object as the literal, rather than just checking if its value is equal. This is different from how other values are compared in a pattern, where equality is used.

In summary, mapping patterns in Python's structural pattern matching allow you to capture specific values from a dictionary, ignore extra keys, and use the ""as"" keyword to capture the whole matched element. Additionally, literals like True, False, and None are compared by identity when they appear in a pattern.","A mapping pattern matches a dictionary‑like object by looking for the specified keys. In ``{""bandwidth"": b, ""latency"": l}`` the interpreter checks that the subject has keys ``""bandwidth""`` and ``""latency""``; if they exist, their associated values are bound to the variables ``b`` and ``l`` respectively. Any additional keys in the subject are ignored – the pattern does not require an exact key‑set match, it only cares about the keys it lists. The ``as`` keyword can be added to a sub‑pattern to capture the entire matched value while still deconstructing it; for example ``case (Point(x1, y1), Point(x2, y2) as p2):`` binds ``p2`` to the second ``Point`` object after extracting its ``x2`` and ``y2`` components. When literals appear in a pattern, most are compared using equality (``==``), but the singletons ``True``, ``False`` and ``None`` are compared by identity, meaning the pattern succeeds only if the subject is exactly that singleton object.",0.8571428571428571,0.7783311517219672,0.8333333332916666,1.0,T2_002,T2
"In Python, both a function’s docstring and its annotations provide information about the function, but they serve different roles. Compare the purpose, storage location, and runtime effect of a function’s docstring (accessed via __doc__) with its annotations (accessed via __annotations__). How does each influence the behavior of the program?","['class, or\nfunction docstrings.\nHere is an example of a multi-line docstring:\n>>> def my_function():\n... """"""Do nothing, but document it.\n...\n... No, really, it doesn\'t do anything:\n...\n... >>> my_function()\n... >>>\n... """"""\n... pass\n...\n>>> print(my_function.__doc__)\nDo nothing, but document it.\nNo, really, it doesn\'t do anything:\n>>> my_function()\n>>>\n4.9.8. Function Annotations\nFunction annotations are completely optional metadata information about the types used by user-defined\nfunctions (see PEP 3107 and PEP 484 for more information).\nAnnotations are stored in the __annotations__ attribute of the function as a dictionary and have no ef-', 'list of formal parameters. The statements that form the body of the function start at the\nnext line, and must be indented.\nThe first statement of the function body can optionally be a string literal; this string literal is the functionʼs\ndocumentation string, or docstring. (More about docstrings can be found in the section Documentation\nStrings.) There are tools which use docstrings to automatically produce online or printed documentation,\nor to let the user interactively browse through code; itʼs good practice to include docstrings in code that\nyou write, so make a habit of it.\nThe execution of a function introduces a new symbol table used for the local variables of the function.', 'are stored in the __annotations__ attribute of the function as a dictionary and have no ef-\nfect on any other part of the function. Parameter annotations are defined by a colon after the parameter\nhttps://docs.python.org/3/tutorial/controlflow.html#match-statements 16/18\n28/07/2026, 14:09 4. More Control Flow Tools — Python 3.14.6 documentation\nname, followed by an expression evaluating to the value of the annotation. Return annotations are defined\nby a literal ->, followed by an expression, between the parameter list and the colon denoting the end of\nthe def statement. The following example has a required argument, an optional argument, and the return\nvalue annotated:', 'function definitions are also ‘statementsʼ that are ‘executedʼ; the execution of a module-level\nfunction definition adds the function name to the moduleʼs global namespace.\nhttps://docs.python.org/3/tutorial/modules.html 9/9', 'identi-\ncally named outer variable unchanged).\nhttps://docs.python.org/3/tutorial/classes.html 2/14\n28/07/2026, 14:10 9. Classes — Python 3.14.6 documentation\nUsually, the local scope references the local names of the (textually) current function. Outside functions,\nthe local scope references the same namespace as the global scope: the moduleʼs namespace. Class defi-\nnitions place yet another namespace in the local scope.\nIt is important to realize that scopes are determined textually: the global scope of a function defined in a\nmodule is that moduleʼs namespace, no matter from where or by what alias the function is called. On the', 'to match the order in which\nthey were provided in the function call.\n4.9.3. Special parameters\nBy default, arguments may be passed to a Python function either by position or explicitly by keyword. For\nreadability and performance, it makes sense to restrict the way arguments can be passed so that a devel-\noper need only look at the function definition to determine if items are passed by position, by position or\nkeyword, or by keyword.\nA function definition may look like:\ndef f(pos1, pos2, /, pos_or_kwd, *, kwd1, kwd2):\n----------- ---------- ----------\n| | |\n| Positional or keyword |\n| - Keyword only\n-- Positional only', 'state the objectʼs name or type, since these are available by other means (except if the name\nhappens to be a verb describing a functionʼs operation). This line should begin with a capital letter and\nend with a period.\nIf there are more lines in the documentation string, the second line should be blank, visually separating the\nsummary from the rest of the description. The following lines should be one or more paragraphs describ-\ning the objectʼs calling conventions, its side effects, etc.\nThe Python parser strips indentation from multi-line string literals when they serve as module, class, or\nfunction docstrings.\nHere is an example of a multi-line docstring:\n>>> def my_function():']","I'm sorry, that concept is outside the scope of our current syllabus or I couldn't find reliable information in the database to answer you accurately.","A docstring is a literal string placed as the first statement in a function definition. Its purpose is purely documentary: it explains what the function does for human readers. The docstring is stored in the function’s __doc__ attribute and, as the context notes, ""Do nothing, but document it."" It has no effect on the function’s execution. 

Function annotations, on the other hand, are optional metadata that describe the expected types of parameters and the return value. They are written after a parameter name (e.g., ham: str) or after the parameter list using -> for the return type. These annotations are collected into a dictionary stored in the function’s __annotations__ attribute. Like docstrings, annotations do not affect the function’s runtime behavior; they are merely information that tools such as type checkers may use. 

Thus, while both are stored as attributes on the function object, __doc__ holds a descriptive string for humans, whereas __annotations__ holds a dict of type metadata, and neither changes how the function runs.",0.0,0.0,0.8928571428348213,1.0,T2_003,T2
"Consider the following Python code that uses a while loop with an else clause:
```python
i = 0
output = []
while i < 3:
    if i == 2:
        break
    output.append(i)
    i += 1
else:
    output.append('finished')
print(output)
```
What is the exact output printed when this program is executed?","['else clause is executed after the loop finishes its final iteration, that is, if no break\noccurred.\nIn a while loop, itʼs executed after the loopʼs condition becomes false.\nhttps://docs.python.org/3/tutorial/controlflow.html#match-statements 3/18\n28/07/2026, 14:09 4. More Control Flow Tools — Python 3.14.6 documentation\nIn either kind of loop, the else clause is not executed if the loop was terminated by a break. Of course,\nother ways of ending the loop early, such as a return or a raised exception, will also skip execution of the\nelse clause.\nThis is exemplified in the following for loop, which searches for prime numbers:\n>>> for n in range(2, 10):\n... for x in range(2, n):', 'to think of the else clause is to imagine it paired with the if inside the loop. As the loop exe-\ncutes, it will run a sequence like if/if/if/else. The if is inside the loop, encountered a number of times. If\nthe condition is ever true, a break will happen. If the condition is never true, the else clause outside the\nloop will execute.\nWhen used with a loop, the else clause has more in common with the else clause of a try statement\nthan it does with that of if statements: a try statementʼs else clause runs when no exception occurs,\nand a loopʼs else clause runs when no break occurs. For more on the try statement and exceptions,\nsee Handling Exceptions.\n4.6. Statements\npass', 'to Python — Python 3.14.6 documentation\n3\n5\n8\nThis example introduces several new features.\nThe first line contains a multiple assignment: the variables a and b simultaneously get the new values 0\nand 1. On the last line this is used again, demonstrating that the expressions on the right-hand side are\nall evaluated first before any of the assignments take place. The right-hand side expressions are evalu-\nated from the left to the right.\nThe while loop executes as long as the condition (here: a < 10) remains true. In Python, like in C, any\nnon-zero integer value is true; zero is false. The condition may also be a string or list value, in fact any', '28/07/2026, 14:09 4. More Control Flow Tools — Python 3.14.6 documentation\n4. More Control Flow Tools\nAs well as the while statement just introduced, Python uses a few more that we will encounter in this\nchapter.\n4.1. Statements\nif\nPerhaps the most well-known statement type is the if statement. For example:\n>>> x = int(input(""Please enter an integer: ""))\nPlease enter an integer: 42\n>>> if x < 0:\n... x = 0\n... print(\'Negative changed to zero\')\n... elif x == 0:\n... print(\'Zero\')\n... elif x == 1:\n... print(\'Single\')\n... else:\n... print(\'More\')\n...\nMore\nThere can be zero or more elif parts, and the else part is optional. The keyword ‘elifʼ is short for ‘else', ""OSError:\nprint('cannot open', arg)\nelse:\nprint(arg, 'has', len(f.readlines()), 'lines')\nf.close()\nThe use of the else clause is better than adding additional code to the try clause because it avoids acci-\ndentally catching an exception that wasnʼt raised by the code being protected by the try … except\nstatement.\nException handlers do not handle only exceptions that occur immediately in the try clause, but also those\nthat occur inside functions that are called (even indirectly) in the try clause. For example:\n>>> def this_fails():\n... x = 1/0\n...\n>>> try:\n... this_fails()\n... except ZeroDivisionError as err:\n... print('Handling run-time error:', err)\n..."", 'continues with the next iteration of the loop:\n>>> for num in range(2, 10):\n... if num % 2 == 0:\n... print(f""Found an even number {num}"")\n... continue\n... print(f""Found an odd number {num}"")\n...\nFound an even number 2\nFound an odd number 3\nFound an even number 4\nFound an odd number 5\nFound an even number 6\nFound an odd number 7\nFound an even number 8\nFound an odd number 9\n4.5. Clauses on Loops\nelse\nIn a for or while loop the break statement may be paired with an else clause. If the loop finishes with-\nout executing the break, the else clause executes.\nIn a for loop, the else clause is executed after the loop finishes its final iteration, that is, if no break\noccurred.', ""for loop, which searches for prime numbers:\n>>> for n in range(2, 10):\n... for x in range(2, n):\n... if n % x == 0:\n... print(n, 'equals', x, '*', n//x)\n... break\n... else:\n... # loop fell through without finding a factor\n... print(n, 'is a prime number')\n...\n2 is a prime number\n3 is a prime number\n4 equals 2 * 2\n5 is a prime number\n6 equals 2 * 3\n7 is a prime number\n8 equals 2 * 4\n9 equals 3 * 3\n(Yes, this is the correct code. Look closely: the else clause belongs to the for loop, not the if\nstatement.)\nOne way to think of the else clause is to imagine it paired with the if inside the loop. As the loop exe-""]","To determine the exact output printed when this program is executed, let's analyze the code step by step.

The while loop condition is `i < 3`, which means the loop will execute as long as `i` is less than 3. The loop variable `i` is initialized to 0.

 Inside the loop, there is an if statement that checks if `i` is equal to 2. If this condition is true, the break statement is executed, which terminates the loop immediately.

However, in this case, the loop condition `i < 3` is still true when `i` is 2, so the break statement is not executed. Instead, the loop continues to execute.

The next statement inside the loop is `output.append(i)`, which appends the current value of `i` to the `output` list. Since `i` is 2, the list `output` now contains `[0, 1, 2]`.

The next statement is `i += 1`, which increments the value of `i` by 1. Now `i` is 3, but the loop condition `i < 3` is still true, so the loop continues to execute.

However, since `i` is now 3, the loop condition `i < 3` becomes false, and the loop terminates.

Now, the else clause is executed, which appends the string `'finished'` to the `output` list. The final value of `output` is `[0, 1, 2, 'finished']`.

Finally, the program prints the value of `output`, which is `[0, 1, 2, 'finished']`.

Therefore, the exact output printed when this program is executed is:

```
[0, 1, 2, 'finished']
```","The program prints the list `[0, 1]`. The loop runs for i=0 and i=1, appending those values. When i becomes 2 the `break` statement is executed, so the loop ends without executing the `else` clause, leaving `output` as `[0, 1]`.",0.0,0.6619704506123368,0.99999999995,0.25,T2_004,T2
"Complete the function below so that it follows the docstring conventions described in the context and correctly returns the sum of all numbers in the list `nums`. Replace each `_____` with the appropriate code or text.

```python
def total(nums):
    """"""_____  # short, concise summary (capitalized, ends with a period)
    _____   # blank line separating summary from description
    _____   # description of the function’s behavior
    """"""
    total = 0
    for n in _____:   # iterate over the input list
        total += _____   # add each element to the running total
    return total
```","['2/18\n28/07/2026, 14:09 4. More Control Flow Tools — Python 3.14.6 documentation\nIn many ways the object returned by range() behaves as if it is a list, but in fact it isnʼt. It is an object\nwhich returns the successive items of the desired sequence when you iterate over it, but it doesnʼt really\nmake the list, thus saving space.\nWe say such an object is iterable, that is, suitable as a target for functions and constructs that expect\nsomething from which they can obtain successive items until the supply is exhausted. We have seen that\nthe for statement is such a construct, while an example of a function that takes an iterable is sum():\n>>> sum(range(4)) # 0 + 1 + 2 + 3\n6', 'while an example of a function that takes an iterable is sum():\n>>> sum(range(4)) # 0 + 1 + 2 + 3\n6\nLater we will see more functions that return iterables and take iterables as arguments. In chapter Data\nStructures, we will discuss list() in more detail.\n4.4. and Statements\nbreak continue\nThe break statement breaks out of the innermost enclosing for or while loop:\n>>> for n in range(2, 10):\n... for x in range(2, n):\n... if n % x == 0:\n... print(f""{n} equals {x} * {n//x}"")\n... break\n...\n4 equals 2 * 2\n6 equals 2 * 3\n8 equals 2 * 4\n9 equals 3 * 3\nThe continue statement continues with the next iteration of the loop:\n>>> for num in range(2, 10):\n... if num % 2 == 0:', '7/18\n28/07/2026, 14:09 4. More Control Flow Tools — Python 3.14.6 documentation\nWe can create a function that writes the Fibonacci series to an arbitrary boundary:\n>>> def fib(n): # write Fibonacci series less than n\n... """"""Print a Fibonacci series less than n.""""""\n... a, b = 0, 1\n... while a < n:\n... print(a, end=\' \')\n... a, b = b, a+b\n... print()\n...\n>>> # Now call the function we just defined:\n>>> fib(2000)\n0 1 1 2 3 5 8 13 21 34 55 89 144 233 377 610 987 1597\nThe keyword def introduces a function definition. It must be followed by the function name and the\nparenthesized list of formal parameters. The statements that form the body of the function start at the', 'if it would be the only value written. You can see it if you really want to using print():\nhttps://docs.python.org/3/tutorial/controlflow.html#match-statements 8/18\n28/07/2026, 14:09 4. More Control Flow Tools — Python 3.14.6 documentation\n>>> fib(0)\n>>> print(fib(0))\nNone\nIt is simple to write a function that returns a list of the numbers of the Fibonacci series, instead of printing\nit:\n>>> def fib2(n): # return Fibonacci series up to n\n... """"""Return a list containing the Fibonacci series up to n.""""""\n... result = []\n... a, b = 0, 1\n... while a < n:\n... result.append(a) # see below\n... a, b = b, a+b\n... return result\n...\n>>> f100 = fib2(100) # call it\n>>> f100 # write the result', 'syntax is straightforward: the operators +, -, * and / can be used to perform arithmetic;\nparentheses (()) can be used for grouping. For example:\n>>> 2 + 2\n4\n>>> 50 - 5*6\n20\n>>> (50 - 5*6) / 4\n5.0\n>>> 8 / 5 # division always returns a floating-point number\n1.6\nThe integer numbers (e.g. 2, 4, 20) have type int, the ones with a fractional part (e.g. 5.0, 1.6) have\ntype float. We will see more about numeric types later in the tutorial.\nDivision (/) always returns a float. To do floor division and get an integer result you can use the // opera-\ntor; to calculate the remainder you can use %:\nhttps://docs.python.org/3/tutorial/introduction.html 1/9', ""in users.items():\nif status == 'active':\nactive_users[user] = status\n4.3. The Function\nrange()\nIf you do need to iterate over a sequence of numbers, the built-in function range() comes in handy. It\ngenerates arithmetic progressions:\n>>> for i in range(5):\n... print(i)\n...\n0\n1\n2\n3\n4\nThe given end point is never part of the generated sequence; range(10) generates 10 values, the legal\nindices for items of a sequence of length 10. It is possible to let the range start at another number, or to\nspecify a different increment (even negative; sometimes this is called the ‘stepʼ):\n>>> list(range(5, 10))\n[5, 6, 7, 8, 9]\n>>> list(range(0, 10, 3))\n[0, 3, 6, 9]\n>>> list(range(-10, -100, -30))"", '... a, b = b, a+b\n... return result\n...\n>>> f100 = fib2(100) # call it\n>>> f100 # write the result\n[0, 1, 1, 2, 3, 5, 8, 13, 21, 34, 55, 89]\nThis example, as usual, demonstrates some new Python features:\nThe return statement returns with a value from a function. return without an expression argument\nreturns None. Falling off the end of a function also returns None.\nThe statement result.append(a) calls a method of the list object result. A method is a function\nthat ‘belongsʼ to an object and is named obj.methodname, where obj is some object (this may be an\nexpression), and methodname is the name of a method that is defined by the objectʼs type. Different']","To complete the function `total` according to the docstring conventions described in the context, we need to replace the underscores with the following code and text:

```python
def total(nums):
    """"""Return the sum of all numbers in the list.""""""
    
    total = 0
    for n in nums:   # iterate over the input list
        total += n   # add each element to the running total
    return total
```

Here's a breakdown of the changes made:

* The docstring summary is a short, concise sentence that describes the function's purpose. In this case, it's ""Return the sum of all numbers in the list.""
* The blank line separates the summary from the description.
* The description of the function's behavior is not necessary in this case, as the summary already provides a clear indication of what the function does. However, if you wanted to add more details, you could do so below the blank line.
* In the function body, we iterate over the input list `nums` using a for loop, and add each element `n` to the running total `total` using the `+=` operator.","```python
def total(nums):
    """"""Calculate the sum of a list of numbers.

    This function iterates over each element in `nums` and accumulates their total.
    """"""
    total = 0
    for n in nums:
        total += n
    return total
```",0.0,0.6149428651041109,0.3333333333,0.0,T2_005,T2
"A program needs to repeatedly ask the user to enter a positive integer until either a valid number is entered or a maximum number of attempts is reached. The function should use a default argument for the maximum attempts (default 3) and a default argument for the error message (default ""Invalid input, try again!""). Each valid integer should be added to a list named `results` using the list method `append`. If the user fails to provide a valid integer within the allowed attempts, the function should return `None`; otherwise it should return the list containing the single valid integer.

Write the complete definition of the function `get_positive_int(prompt, max_attempts=3, error_msg=""Invalid input, try again!"")` that implements this behavior. Use a `while` loop and the `append` method as described in the context.","['stack traceback listing source lines; however, it will not display\nlines read from standard input.\nBuilt-in Exceptions lists the built-in exceptions and their meanings.\n8.3. Handling Exceptions\nIt is possible to write programs that handle selected exceptions. Look at the following example, which asks\nthe user for input until a valid integer has been entered, but allows the user to interrupt the program (using\nControl-C or whatever the operating system supports); note that a user-generated interruption is sig-\nnalled by raising the KeyboardInterrupt exception.\n>>> while True:\n... try:\n... x = int(input(""Please enter a number: ""))\n... break\n... except ValueError:', ""in users.items():\nif status == 'active':\nactive_users[user] = status\n4.3. The Function\nrange()\nIf you do need to iterate over a sequence of numbers, the built-in function range() comes in handy. It\ngenerates arithmetic progressions:\n>>> for i in range(5):\n... print(i)\n...\n0\n1\n2\n3\n4\nThe given end point is never part of the generated sequence; range(10) generates 10 values, the legal\nindices for items of a sequence of length 10. It is possible to let the range start at another number, or to\nspecify a different increment (even negative; sometimes this is called the ‘stepʼ):\n>>> list(range(5, 10))\n[5, 6, 7, 8, 9]\n>>> list(range(0, 10, 3))\n[0, 3, 6, 9]\n>>> list(range(-10, -100, -30))"", ""number of arguments. There are three forms, which\ncan be combined.\n4.9.1. Default Argument Values\nThe most useful form is to specify a default value for one or more arguments. This creates a function that\ncan be called with fewer arguments than it is defined to allow. For example:\ndef ask_ok(prompt, retries=4, reminder='Please try again!'):\nwhile True:\nreply = input(prompt)\nif reply in {'y', 'ye', 'yes'}:\nreturn True\nif reply in {'n', 'no', 'nop', 'nope'}:\nreturn False\nretries = retries - 1\nif retries < 0:\nraise ValueError('invalid user response')\nprint(reminder)\nThis function can be called in several ways:\nhttps://docs.python.org/3/tutorial/controlflow.html#match-statements 9/18"", ""by sys.exit() and KeyboardInterrupt which is raised when a user wish-\nes to interrupt the program.\nException can be used as a wildcard that catches (almost) everything. However, it is good practice to be\nas specific as possible with the types of exceptions that we intend to handle, and to allow any unexpected\nhttps://docs.python.org/3/tutorial/errors.html 3/11\n28/07/2026, 14:10 8. Errors and Exceptions — Python 3.14.6 documentation\nexceptions to propagate on.\nThe most common pattern for handling Exception is to print or log the exception and then re-raise it (al-\nlowing a caller to handle the exception as well):\nimport sys\ntry:\nf = open('myfile.txt')\ns = f.readline()\ni = int(s.strip())"", ""called in several ways:\nhttps://docs.python.org/3/tutorial/controlflow.html#match-statements 9/18\n28/07/2026, 14:09 4. More Control Flow Tools — Python 3.14.6 documentation\ngiving only the mandatory argument: ask_ok('Do you really want to quit?')\ngiving one of the optional arguments: ask_ok('OK to overwrite the file?', 2)\nor even giving all arguments: ask_ok('OK to overwrite the file?', 2, 'Come on, only yes\nor no!')\nThis example also introduces the in keyword. This tests whether or not a sequence contains a certain\nvalue.\nThe default values are evaluated at the point of function definition in the defining scope, so that\ni = 5\ndef f(arg=i):\nprint(arg)\ni = 6\nf()\nwill print 5."", 'a statement or expression is syntactically correct, it may cause an error when an attempt is made\nto execute it. Errors detected during execution are called exceptions and are not unconditionally fatal: you\nwill soon learn how to handle them in Python programs. Most exceptions are not handled by programs,\nhowever, and result in error messages as shown here:\n>>> 10 * (1/0)\nTraceback (most recent call last):\nFile ""<stdin>"", line 1, in <module>\n10 * (1/0)\n~^~\nZeroDivisionError: division by zero\n>>> 4 + spam*3\nTraceback (most recent call last):\nFile ""<stdin>"", line 1, in <module>\n4 + spam*3\n^^^^\nNameError: name \'spam\' is not defined\n>>> \'2\' + 2\nTraceback (most recent call last):', 'exceptions to report errors that may occur in functions they\ndefine.\n8.7. Defining Clean-up Actions\nThe try statement has another optional clause which is intended to define clean-up actions that must be\nexecuted under all circumstances. For example:\nhttps://docs.python.org/3/tutorial/errors.html 6/11\n28/07/2026, 14:10 8. Errors and Exceptions — Python 3.14.6 documentation\n>>> try:\n... raise KeyboardInterrupt\n... finally:\n... print(\'Goodbye, world!\')\n...\nGoodbye, world!\nTraceback (most recent call last):\nFile ""<stdin>"", line 2, in <module>\nraise KeyboardInterrupt\nKeyboardInterrupt\nIf a finally clause is present, the finally clause will execute as the last task before the try statement']","Here's the complete definition of the function `get_positive_int` that implements the specified behavior:

```python
def get_positive_int(prompt, max_attempts=3, error_msg=""Invalid input, try again!""):
    results = []
    attempts = 0
    while attempts < max_attempts:
        try:
            x = int(input(prompt))
            if x > 0:
                results.append(x)
                return results
            else:
                print(error_msg)
        except ValueError:
            print(error_msg)
        attempts += 1
    return None
```

This function uses a `while` loop to repeatedly ask the user for input until either a valid positive integer is entered or the maximum number of attempts is reached. If a valid positive integer is entered, it is added to the `results` list using the `append` method, and the function returns the `results` list. If the user fails to provide a valid positive integer within the allowed attempts, the function returns `None`. The function uses default arguments for the maximum attempts and the error message, as specified in the problem statement.","```python
def get_positive_int(prompt, max_attempts=3, error_msg=""Invalid input, try again!""):
    results = []
    attempts = 0
    while attempts < max_attempts:
        try:
            value = int(input(prompt))
            if value > 0:
                results.append(value)   # use list method append as described
                return results
            else:
                print(error_msg)
        except ValueError:
            print(error_msg)
        attempts += 1
    # No valid input after allowed attempts
    return None
```",0.0,0.4552425512079042,0.8333333332916666,1.0,T2_006,T2
"You are asked to implement a function `get_fib(n)` that behaves as follows:

* If **n** is negative, the function should **return None** immediately (no list should be created or printed).
* If **n** is zero or positive, the function should **return a list** containing the Fibonacci numbers that are **less than or equal to n**.

Using the `fib2` example from the context as a starting point, write the complete Python function that satisfies these requirements. Include a short docstring that explains the behavior.

```python
def get_fib(n):
    # Your code here
```","['7/18\n28/07/2026, 14:09 4. More Control Flow Tools — Python 3.14.6 documentation\nWe can create a function that writes the Fibonacci series to an arbitrary boundary:\n>>> def fib(n): # write Fibonacci series less than n\n... """"""Print a Fibonacci series less than n.""""""\n... a, b = 0, 1\n... while a < n:\n... print(a, end=\' \')\n... a, b = b, a+b\n... print()\n...\n>>> # Now call the function we just defined:\n>>> fib(2000)\n0 1 1 2 3 5 8 13 21 34 55 89 144 233 377 610 987 1597\nThe keyword def introduces a function definition. It must be followed by the function name and the\nparenthesized list of formal parameters. The statements that form the body of the function start at the', 'interpreter recognizes the object pointed to by that name as a user-defined function. Other names\ncan also point to that same function object and can also be used to access the function:\n>>> fib\n<function fib at 10042ed0>\n>>> f = fib\n>>> f(100)\n0 1 1 2 3 5 8 13 21 34 55 89\nComing from other languages, you might object that fib is not a function but a procedure since it doesnʼt\nreturn a value. In fact, even functions without a return statement do return a value, albeit a rather boring\none. This value is called None (itʼs a built-in name). Writing the value None is normally suppressed by the\ninterpreter if it would be the only value written. You can see it if you really want to using print():', '.py appended. Within a module, the moduleʼs name (as a string) is available as the value of the\nglobal variable __name__. For instance, use your favorite text editor to create a file called fibo.py in the\ncurrent directory with the following contents:\n# Fibonacci numbers module\ndef fib(n):\n""""""Write Fibonacci series up to n.""""""\na, b = 0, 1\nwhile a < n:\nprint(a, end=\' \')\na, b = b, a+b\nprint()\ndef fib2(n):\n""""""Return Fibonacci series up to n.""""""\nresult = []\na, b = 0, 1\nwhile a < n:\nresult.append(a)\na, b = b, a+b\nreturn result\nNow enter the Python interpreter and import this module with the following command:\n>>> import fibo', 'if it would be the only value written. You can see it if you really want to using print():\nhttps://docs.python.org/3/tutorial/controlflow.html#match-statements 8/18\n28/07/2026, 14:09 4. More Control Flow Tools — Python 3.14.6 documentation\n>>> fib(0)\n>>> print(fib(0))\nNone\nIt is simple to write a function that returns a list of the numbers of the Fibonacci series, instead of printing\nit:\n>>> def fib2(n): # return Fibonacci series up to n\n... """"""Return a list containing the Fibonacci series up to n.""""""\n... result = []\n... a, b = 0, 1\n... while a < n:\n... result.append(a) # see below\n... a, b = b, a+b\n... return result\n...\n>>> f100 = fib2(100) # call it\n>>> f100 # write the result', ""Yuck!\nC>\nThese two variables are only defined if the interpreter is in interactive mode.\nThe variable sys.path is a list of strings that determines the interpreterʼs search path for modules. It is\ninitialized to a default path taken from the environment variable PYTHONPATH, or from a built-in default if\nPYTHONPATH is not set. You can modify it using standard list operations:\n>>> import sys\n>>> sys.path.append('/ufs/guido/lib/python')\n6.3. The Function\ndir()\nThe built-in function dir() is used to find out which names a module defines. It returns a sorted list of\nstrings:\n>>> import fibo, sys\n>>> dir(fibo)\n['__name__', 'fib', 'fib2']\n>>> dir(sys)"", ""Now enter the Python interpreter and import this module with the following command:\n>>> import fibo\nThis does not add the names of the functions defined in fibo directly to the current namespace (see\nPython Scopes and Namespaces for more details); it only adds the module name fibo there. Using the\nmodule name you can access the functions:\n>>> fibo.fib(1000)\n0 1 1 2 3 5 8 13 21 34 55 89 144 233 377 610 987\n>>> fibo.fib2(100)\n[0, 1, 1, 2, 3, 5, 8, 13, 21, 34, 55, 89]\n>>> fibo.__name__\n'fibo'\nhttps://docs.python.org/3/tutorial/modules.html 1/9\n28/07/2026, 14:10 6. Modules — Python 3.14.6 documentation\nIf you intend to use a function often you can assign it to a local name:\n>>> fib = fibo.fib"", 'that a module defines:\n>>> from fibo import *\n>>> fib(500)\n0 1 1 2 3 5 8 13 21 34 55 89 144 233 377\nThis imports all names except those beginning with an underscore (_). In most cases Python program-\nmers do not use this facility since it introduces an unknown set of names into the interpreter, possibly hid-\ning some things you have already defined.\nNote that in general the practice of importing * from a module or package is frowned upon, since it often\ncauses poorly readable code. However, it is okay to use it to save typing in interactive sessions.\nIf the module name is followed by as, then the name following as is bound directly to the imported\nmodule.\n>>> import fibo as fib']","Here's the complete Python function that satisfies the requirements:

```python
def get_fib(n):
    """"""
    Returns a list of Fibonacci numbers that are less than or equal to n.
    
    If n is negative, returns None immediately.
    
    Parameters:
    n (int): The upper bound for the Fibonacci numbers.
    
    Returns:
    list or None: A list of Fibonacci numbers or None if n is negative.
    """"""
    if n < 0:
        return None
    result = []
    a, b = 0, 1
    while a <= n:
        result.append(a)
        a, b = b, a + b
    return result
```

This function uses the same approach as the `fib2` example from the context, but with a few modifications to meet the requirements. It first checks if `n` is negative, and if so, returns `None` immediately. If `n` is zero or positive, it creates a list of Fibonacci numbers that are less than or equal to `n` and returns it. The docstring explains the behavior of the function and its parameters and return values.","```python
def get_fib(n):
    """"""Return a list of Fibonacci numbers up to and including *n*.
    If *n* is negative, return None.
    """"""
    if n < 0:
        return None
    result = []
    a, b = 0, 1
    while a <= n:          # include n itself when it is a Fibonacci number
        result.append(a)
        a, b = b, a + b
    return result
```",0.6428571428571429,0.7040944820860132,0.7708333333140625,0.8888888888888888,T2_007,T2
"The following Python function is intended to return a human‑readable message for a given HTTP status code using a match statement. However, the code raises a SyntaxError when executed. Identify the exact line that contains the bug, explain why it is incorrect, and provide the corrected version of that line.

```python
def http_error(status):
    match status:
        case 400:
            return ""Bad request""
        case 404:
            return ""Not found""
        case 401 or 403 or 404:
            return ""Not allowed""
        case _:
            return ""Something's wrong with the internet""
```","['match status:\ncase 400:\nreturn ""Bad request""\ncase 404:\nreturn ""Not found""\ncase 418:\nreturn ""I\'m a teapot""\ncase _:\nreturn ""Something\'s wrong with the internet""\nNote the last block: the “variable name” _ acts as a wildcard and never fails to match.\nYou can combine several literals in a single pattern using | (“or”):\ncase 401 | 403 | 404:\nreturn ""Not allowed""\nPatterns can look like unpacking assignments, and can be used to bind variables:\n# point is an (x, y) tuple\nmatch point:\ncase (0, 0):\nprint(""Origin"")\ncase (0, y):\nprint(f""Y={y}"")\ncase (x, 0):\nprint(f""X={x}"")\ncase (x, y):\nprint(f""X={x}, Y={y}"")\ncase _:\nraise ValueError(""Not a point"")', 'world\')\nFile ""<stdin>"", line 1\nwhile True print(\'Hello world\')\n^^^^^\nSyntaxError: invalid syntax\nThe parser repeats the offending line and displays little arrows pointing at the place where the error was\ndetected. Note that this is not always the place that needs to be fixed. In the example, the error is detect-\ned at the function print(), since a colon (\':\') is missing just before it.\nThe file name (<stdin> in our example) and line number are printed so you know where to look in case\nthe input came from a file.\n8.2. Exceptions\nEven if a statement or expression is syntactically correct, it may cause an error when an attempt is made', 'clauseʼs return statement, not the value from the try clauseʼs return statement. This can be con-\nfusing and is therefore discouraged. From version 3.14 the compiler emits a SyntaxWarning for it (see\nPEP 765).\nFor example:\n>>> def bool_return():\n... try:\n... return True\n... finally:\n... return False\n...\n>>> bool_return()\nFalse\nA more complicated example:\n>>> def divide(x, y):\n... try:\n... result = x / y\n... except ZeroDivisionError:\n... print(""division by zero!"")\n... else:\n... print(""result is"", result)\n... finally:\n... print(""executing finally clause"")\n...\n>>> divide(2, 1)\nresult is 2.0\nexecuting finally clause\nhttps://docs.python.org/3/tutorial/errors.html 7/11', ""number of arguments. There are three forms, which\ncan be combined.\n4.9.1. Default Argument Values\nThe most useful form is to specify a default value for one or more arguments. This creates a function that\ncan be called with fewer arguments than it is defined to allow. For example:\ndef ask_ok(prompt, retries=4, reminder='Please try again!'):\nwhile True:\nreply = input(prompt)\nif reply in {'y', 'ye', 'yes'}:\nreturn True\nif reply in {'n', 'no', 'nop', 'nope'}:\nreturn False\nretries = retries - 1\nif retries < 0:\nraise ValueError('invalid user response')\nprint(reminder)\nThis function can be called in several ways:\nhttps://docs.python.org/3/tutorial/controlflow.html#match-statements 9/18"", 'A match statement takes an expression and compares its value to successive patterns given as one or\nmore case blocks. This is superficially similar to a switch statement in C, Java or JavaScript (and many\nother languages), but itʼs more similar to pattern matching in languages like Rust or Haskell. Only the first\npattern that matches gets executed and it can also extract components (sequence elements or object at-\ntributes) from the value into variables. If no case matches, none of the branches is executed.\nThe simplest form compares a subject value against one or more literals:\ndef http_error(status):\nmatch status:\ncase 400:\nreturn ""Bad request""\ncase 404:\nreturn ""Not found""\ncase 418:', ""called in several ways:\nhttps://docs.python.org/3/tutorial/controlflow.html#match-statements 9/18\n28/07/2026, 14:09 4. More Control Flow Tools — Python 3.14.6 documentation\ngiving only the mandatory argument: ask_ok('Do you really want to quit?')\ngiving one of the optional arguments: ask_ok('OK to overwrite the file?', 2)\nor even giving all arguments: ask_ok('OK to overwrite the file?', 2, 'Come on, only yes\nor no!')\nThis example also introduces the in keyword. This tests whether or not a sequence contains a certain\nvalue.\nThe default values are evaluated at the point of function definition in the defining scope, so that\ni = 5\ndef f(arg=i):\nprint(arg)\ni = 6\nf()\nwill print 5."", '+ spam*3\n^^^^\nNameError: name \'spam\' is not defined\n>>> \'2\' + 2\nTraceback (most recent call last):\nFile ""<stdin>"", line 1, in <module>\n\'2\' + 2\n~~~~^~~\nTypeError: can only concatenate str (not ""int"") to str\nhttps://docs.python.org/3/tutorial/errors.html 1/11\n28/07/2026, 14:10 8. Errors and Exceptions — Python 3.14.6 documentation\nThe last line of the error message indicates what happened. Exceptions come in different types, and the\ntype is printed as part of the message: the types in the example are ZeroDivisionError, NameError\nand TypeError. The string printed as the exception type is the name of the built-in exception that oc-']","I'm sorry, that concept is outside the scope of our current syllabus or I couldn't find reliable information in the database to answer you accurately.","The bug is on the line `case 401 or 403 or 404:`. In a match statement, multiple literal patterns must be combined with the pipe operator (`|`). Using the logical operator `or` is evaluated at compile time, producing a single Boolean value, which is not a valid pattern and causes a SyntaxError. The corrected line is:
```python
        case 401 | 403 | 404:
```",0.0,0.0,0.699999999965,1.0,T2_008,T2
"The following Python function is intended to return a string describing a 2‑D point using the structural pattern‑matching features described in the context. However, the code contains a subtle bug that causes a `NameError` when the point lies on the Y‑axis (e.g., `(0, 5)`). Analyze the match‑case structure, identify the exact line and operator/identifier that is incorrect, and provide the corrected version of that line.

```python
def describe_point(point):
    match point:
        case (0, 0):
            return ""Origin""
        case (0, y):
            return f""Y={x}""   # <-- buggy line
        case (x, 0):
            return f""X={x}""
        case (x, y):
            return f""X={x}, Y={y}""
        case _:
            raise ValueError(""Not a point"")
```","['case [Point(0, 0)]:\nprint(""The origin"")\ncase [Point(x, y)]:\nprint(f""Single point {x}, {y}"")\ncase [Point(0, y1), Point(0, y2)]:\nprint(f""Two on the Y axis at {y1}, {y2}"")\ncase _:\nprint(""Something else"")\nhttps://docs.python.org/3/tutorial/controlflow.html#match-statements 6/18\n28/07/2026, 14:09 4. More Control Flow Tools — Python 3.14.6 documentation\nWe can add an if clause to a pattern, known as a “guard”. If the guard is false, match goes on to try the\nnext case block. Note that value capture happens before the guard is evaluated:\nmatch point:\ncase Point(x, y) if x == y:\nprint(f""Y=X at {x}"")\ncase Point(x, y):\nprint(f""Not on the diagonal"")\nSeveral other key features of this statement:', 'are stored in the __annotations__ attribute of the function as a dictionary and have no ef-\nfect on any other part of the function. Parameter annotations are defined by a colon after the parameter\nhttps://docs.python.org/3/tutorial/controlflow.html#match-statements 16/18\n28/07/2026, 14:09 4. More Control Flow Tools — Python 3.14.6 documentation\nname, followed by an expression evaluating to the value of the annotation. Return annotations are defined\nby a literal ->, followed by an expression, between the parameter list and the colon denoting the end of\nthe def statement. The following example has a required argument, an optional argument, and the return\nvalue annotated:', '(x, 0):\nprint(f""X={x}"")\ncase (x, y):\nprint(f""X={x}, Y={y}"")\ncase _:\nraise ValueError(""Not a point"")\nStudy that one carefully! The first pattern has two literals, and can be thought of as an extension of the lit-\neral pattern shown above. But the next two patterns combine a literal and a variable, and the variable\nbinds a value from the subject (point). The fourth pattern captures two values, which makes it conceptu-\nally similar to the unpacking assignment (x, y) = point.\nhttps://docs.python.org/3/tutorial/controlflow.html#match-statements 5/18\n28/07/2026, 14:09 4. More Control Flow Tools — Python 3.14.6 documentation', '... a, b = b, a+b\n... return result\n...\n>>> f100 = fib2(100) # call it\n>>> f100 # write the result\n[0, 1, 1, 2, 3, 5, 8, 13, 21, 34, 55, 89]\nThis example, as usual, demonstrates some new Python features:\nThe return statement returns with a value from a function. return without an expression argument\nreturns None. Falling off the end of a function also returns None.\nThe statement result.append(a) calls a method of the list object result. A method is a function\nthat ‘belongsʼ to an object and is named obj.methodname, where obj is some object (this may be an\nexpression), and methodname is the name of a method that is defined by the objectʼs type. Different', 'state the objectʼs name or type, since these are available by other means (except if the name\nhappens to be a verb describing a functionʼs operation). This line should begin with a capital letter and\nend with a period.\nIf there are more lines in the documentation string, the second line should be blank, visually separating the\nsummary from the rest of the description. The following lines should be one or more paragraphs describ-\ning the objectʼs calling conventions, its side effects, etc.\nThe Python parser strips indentation from multi-line string literals when they serve as module, class, or\nfunction docstrings.\nHere is an example of a multi-line docstring:\n>>> def my_function():', 'A match statement takes an expression and compares its value to successive patterns given as one or\nmore case blocks. This is superficially similar to a switch statement in C, Java or JavaScript (and many\nother languages), but itʼs more similar to pattern matching in languages like Rust or Haskell. Only the first\npattern that matches gets executed and it can also extract components (sequence elements or object at-\ntributes) from the value into variables. If no case matches, none of the branches is executed.\nThe simplest form compares a subject value against one or more literals:\ndef http_error(status):\nmatch status:\ncase 400:\nreturn ""Bad request""\ncase 404:\nreturn ""Not found""\ncase 418:', 'takes 2 positional arguments but 3 were given\n>>> combined_example(1, 2, kwd_only=3)\n1 2 3\n>>> combined_example(1, standard=2, kwd_only=3)\nhttps://docs.python.org/3/tutorial/controlflow.html#match-statements 13/18\n28/07/2026, 14:09 4. More Control Flow Tools — Python 3.14.6 documentation\n1 2 3\n>>> combined_example(pos_only=1, standard=2, kwd_only=3)\nTraceback (most recent call last):\nFile ""<stdin>"", line 1, in <module>\nTypeError: combined_example() got some positional-only arguments passed as keyword a\nFinally, consider this function definition which has a potential collision between the positional argument\nname and **kwds which has name as a key:\ndef foo(name, **kwds):']","To identify the exact line and operator/identifier that is incorrect, let's analyze the match-case structure.

The function `describe_point` takes a point as input and uses a match-case statement to determine the description of the point. The match-case structure is as follows:

- `case (0, 0):` matches the origin point (0, 0) and returns the string ""Origin"".
- `case (0, y):` matches any point on the Y-axis (i.e., points of the form (0, y)). However, this case is incorrect because it tries to access the variable `x` which is not defined in this scope.
- `case (x, 0):` matches any point on the X-axis (i.e., points of the form (x, 0)) and returns the string ""X=x"".
- `case (x, y):` matches any point that is not on the X-axis or Y-axis and returns the string ""X=x, Y=y"".
- `case _:` raises a ValueError if the input point does not match any of the above cases.

The exact line and operator/identifier that is incorrect is:

```python
return f""Y={x}""   # <-- buggy line
```

This line is incorrect because it tries to access the variable `x` which is not defined in this scope. The correct variable to access is `y`, which is the y-coordinate of the point.

The corrected version of this line is:

```python
return f""Y={y}""
```

Here is the corrected function:

```python
def describe_point(point):
    match point:
        case (0, 0):
            return ""Origin""
        case (0, y):
            return f""Y={y}""
        case (x, 0):
            return f""X={x}""
        case (x, y):
            return f""X={x}, Y={y}""
        case _:
            raise ValueError(""Not a point"")
```","The bug is on the line `return f""Y={x}""` inside the `case (0, y):` block. In this pattern the variable bound from the subject is `y`, not `x`; `x` is undefined here, leading to a `NameError`. The corrected line should use the bound variable `y`:
```python
        case (0, y):
            return f""Y={y}""
```",0.14285714285714285,0.665919199970663,0.7222222221981481,1.0,T2_009,T2
"Consider the following Python code that combines a nested ``for`` loop with an ``else`` clause, as well as a ``continue`` statement:

```python
for n in range(2, 7):
    for x in range(2, n):
        if n % x == 0:
            print(f""{n} divisible by {x}"")
            break
    else:
        # executed only if the inner loop did NOT encounter a break
        print(f""{n} is prime"")
    if n % 2 == 0:
        print(f""{n} is even, continue"")
        continue
    print(f""{n} processed"")
```

**Task (Analyse – Hard):**
1. Trace the execution of the program and list, in order, every line that is printed to the console.
2. For each value of ``n`` explain whether the ``else`` clause of the inner loop runs and why, and describe how the ``continue`` statement influences whether the final ``print`` for that ``n`` is executed.

Provide your answer as the exact output followed by a brief explanation for each iteration.","['else clause is executed after the loop finishes its final iteration, that is, if no break\noccurred.\nIn a while loop, itʼs executed after the loopʼs condition becomes false.\nhttps://docs.python.org/3/tutorial/controlflow.html#match-statements 3/18\n28/07/2026, 14:09 4. More Control Flow Tools — Python 3.14.6 documentation\nIn either kind of loop, the else clause is not executed if the loop was terminated by a break. Of course,\nother ways of ending the loop early, such as a return or a raised exception, will also skip execution of the\nelse clause.\nThis is exemplified in the following for loop, which searches for prime numbers:\n>>> for n in range(2, 10):\n... for x in range(2, n):', ""for loop, which searches for prime numbers:\n>>> for n in range(2, 10):\n... for x in range(2, n):\n... if n % x == 0:\n... print(n, 'equals', x, '*', n//x)\n... break\n... else:\n... # loop fell through without finding a factor\n... print(n, 'is a prime number')\n...\n2 is a prime number\n3 is a prime number\n4 equals 2 * 2\n5 is a prime number\n6 equals 2 * 3\n7 is a prime number\n8 equals 2 * 4\n9 equals 3 * 3\n(Yes, this is the correct code. Look closely: the else clause belongs to the for loop, not the if\nstatement.)\nOne way to think of the else clause is to imagine it paired with the if inside the loop. As the loop exe-"", 'continues with the next iteration of the loop:\n>>> for num in range(2, 10):\n... if num % 2 == 0:\n... print(f""Found an even number {num}"")\n... continue\n... print(f""Found an odd number {num}"")\n...\nFound an even number 2\nFound an odd number 3\nFound an even number 4\nFound an odd number 5\nFound an even number 6\nFound an odd number 7\nFound an even number 8\nFound an odd number 9\n4.5. Clauses on Loops\nelse\nIn a for or while loop the break statement may be paired with an else clause. If the loop finishes with-\nout executing the break, the else clause executes.\nIn a for loop, the else clause is executed after the loop finishes its final iteration, that is, if no break\noccurred.', 'to think of the else clause is to imagine it paired with the if inside the loop. As the loop exe-\ncutes, it will run a sequence like if/if/if/else. The if is inside the loop, encountered a number of times. If\nthe condition is ever true, a break will happen. If the condition is never true, the else clause outside the\nloop will execute.\nWhen used with a loop, the else clause has more in common with the else clause of a try statement\nthan it does with that of if statements: a try statementʼs else clause runs when no exception occurs,\nand a loopʼs else clause runs when no break occurs. For more on the try statement and exceptions,\nsee Handling Exceptions.\n4.6. Statements\npass', 'while an example of a function that takes an iterable is sum():\n>>> sum(range(4)) # 0 + 1 + 2 + 3\n6\nLater we will see more functions that return iterables and take iterables as arguments. In chapter Data\nStructures, we will discuss list() in more detail.\n4.4. and Statements\nbreak continue\nThe break statement breaks out of the innermost enclosing for or while loop:\n>>> for n in range(2, 10):\n... for x in range(2, n):\n... if n % x == 0:\n... print(f""{n} equals {x} * {n//x}"")\n... break\n...\n4 equals 2 * 2\n6 equals 2 * 3\n8 equals 2 * 4\n9 equals 3 * 3\nThe continue statement continues with the next iteration of the loop:\n>>> for num in range(2, 10):\n... if num % 2 == 0:', 'comprehension consists of brackets containing an expression followed by a for clause, then zero or\nmore for or if clauses. The result will be a new list resulting from evaluating the expression in the con-\ntext of the for and if clauses which follow it. For example, this listcomp combines the elements of two\nlists if they are not equal:\nhttps://docs.python.org/3/tutorial/datastructures.html 3/12\n28/07/2026, 14:10 5. Data Structures — Python 3.14.6 documentation\n>>> [(x, y) for x in [1,2,3] for y in [3,1,4] if x != y]\n[(1, 3), (1, 4), (2, 3), (2, 1), (2, 4), (3, 1), (3, 4)]\nand itʼs equivalent to:\n>>> combs = []\n>>> for x in [1,2,3]:\n... for y in [3,1,4]:\n... if x != y:', '28/07/2026, 14:09 4. More Control Flow Tools — Python 3.14.6 documentation\n4. More Control Flow Tools\nAs well as the while statement just introduced, Python uses a few more that we will encounter in this\nchapter.\n4.1. Statements\nif\nPerhaps the most well-known statement type is the if statement. For example:\n>>> x = int(input(""Please enter an integer: ""))\nPlease enter an integer: 42\n>>> if x < 0:\n... x = 0\n... print(\'Negative changed to zero\')\n... elif x == 0:\n... print(\'Zero\')\n... elif x == 1:\n... print(\'Single\')\n... else:\n... print(\'More\')\n...\nMore\nThere can be zero or more elif parts, and the else part is optional. The keyword ‘elifʼ is short for ‘else']","Here's the output of the program:

```
2 processed
2 is even, continue
3 processed
3 is prime
4 processed
4 is even, continue
5 processed
5 is prime
6 processed
6 is even, continue
```

Here's a brief explanation for each iteration:

1. `n = 2`:
   - The inner loop iterates over `x` from 2 to 2 (i.e., only once).
   - Since `2 % 2 == 0`, the inner loop encounters a break and prints `2 divisible by 2`.
   - The `else` clause of the inner loop does not run because the loop encountered a break.
   - The `continue` statement is not executed because the `if` condition `n % 2 == 0` is true, but the `continue` statement is executed immediately after the `if` statement, so the final `print` statement for `n = 2` is executed.

2. `n = 3`:
   - The inner loop iterates over `x` from 2 to 3 (i.e., twice).
   - Since `3 % 2 != 0` and `3 % 3 != 0`, the inner loop does not encounter a break.
   - The `else` clause of the inner loop runs because the loop did not encounter a break.
   - The `else` clause prints `3 is prime`.
   - The `if` condition `n % 2 == 0` is false, so the `continue` statement is not executed.
   - The final `print` statement for `n = 3` is executed.

3. `n = 4`:
   - The inner loop iterates over `x` from 2 to 4 (i.e., three times).
   - Since `4 % 2 == 0`, the inner loop encounters a break and prints `4 divisible by 2`.
   - The `else` clause of the inner loop does not run because the loop encountered a break.
   - The `if` condition `n % 2 == 0` is true, so the `continue` statement is executed.
   - The final `print` statement for `n = 4` is not executed because of the `continue` statement.

4. `n = 5`:
   - The inner loop iterates over `x` from 2 to 5 (i.e., four times).
   - Since `5 % 2 != 0` and `5 % 3 != 0` and `5 % 4 != 0`, the inner loop does not encounter a break.
   - The `else` clause of the inner loop runs because the loop did not encounter a break.
   - The `else` clause prints `5 is prime`.
   - The `if` condition `n % 2 == 0` is false, so the `continue` statement is not executed.
   - The final `print` statement for `n = 5` is executed.

5. `n = 6`:
   - The inner loop iterates over `x` from 2 to 6 (i.e., five times).
   - Since `6 % 2 == 0`, the inner loop encounters a break and prints `6 divisible by 2`.
   - The `else` clause of the inner loop does not run because the loop encountered a break.
   - The `if` condition `n % 2 == 0` is true, so the `continue` statement is executed.
   - The final `print` statement for `n = 6` is not executed because of the `continue` statement.","Output:
```
2 is prime
2 is even, continue
3 is prime
3 processed
4 divisible by 2
4 is even, continue
5 is prime
5 processed
6 divisible by 2
6 is even, continue
```

Explanation:
- **n = 2** – The inner ``for x in range(2,2)`` is empty, so the ``else`` runs and prints ""2 is prime"". Because 2 is even, the ``continue`` executes, skipping the final ""processed"" print.
- **n = 3** – The inner loop tests ``x = 2``; 3 is not divisible, the loop finishes without a ``break``, so the ``else`` prints ""3 is prime"". 3 is odd, so the ``continue`` is not taken and ""3 processed"" is printed.
- **n = 4** – ``x = 2`` divides 4, the ``if`` triggers, prints ""4 divisible by 2"" and ``break`` exits the inner loop; therefore the ``else`` is skipped. 4 is even, so the ``continue`` prints the even‑message and skips the final print.
- **n = 5** – No ``x`` in ``2,3,4`` divides 5, so the inner loop ends normally and the ``else`` prints ""5 is prime"". 5 is odd, so the final ""5 processed"" is printed.
- **n = 6** – ``x = 2`` divides 6, causing the ``break``; the ``else`` is skipped. 6 is even, so the ``continue`` prints the even‑message and prevents the final print.

In each iteration, the ``else`` clause runs only when the inner loop completes without encountering a ``break`` (i.e., when ``n`` has no divisor in ``2..n-1``). The ``continue`` statement, when executed for even ``n``, jumps to the next outer‑loop iteration, so the last ``print`` for that ``n`` is never reached.",0.7407407407407407,0.597170802951332,0.99999999998,1.0,T2_010,T2
"Consider the two functions below that both aim to return the sum of the even numbers in a list `nums`.

```python
def sum_even_range(nums):
    total = 0
    for i in range(len(nums)):
        if nums[i] % 2 == 0:
            total += nums[i]
    return total
```

```python
def sum_even_enum(nums):
    total = 0
    for idx, val in enumerate(nums):
        if val % 2 == 0:
            total += val
    return total
```

Analyse these implementations:
1. Do they always produce the same result for any list of integers? Explain why or why why not.
2. Compare the two approaches in terms of how they use the concepts of `range()` and `enumerate()` described in the context. Which version is more aligned with the recommended looping technique and why?
3. If the list `nums` is empty, what value does each function return? Justify your answer based on the behaviour of the loops.

Provide a concise comparison that breaks down the control‑flow and function logic of each snippet.","['... a, b = b, a+b\n... return result\n...\n>>> f100 = fib2(100) # call it\n>>> f100 # write the result\n[0, 1, 1, 2, 3, 5, 8, 13, 21, 34, 55, 89]\nThis example, as usual, demonstrates some new Python features:\nThe return statement returns with a value from a function. return without an expression argument\nreturns None. Falling off the end of a function also returns None.\nThe statement result.append(a) calls a method of the list object result. A method is a function\nthat ‘belongsʼ to an object and is named obj.methodname, where obj is some object (this may be an\nexpression), and methodname is the name of a method that is defined by the objectʼs type. Different', '2/18\n28/07/2026, 14:09 4. More Control Flow Tools — Python 3.14.6 documentation\nIn many ways the object returned by range() behaves as if it is a list, but in fact it isnʼt. It is an object\nwhich returns the successive items of the desired sequence when you iterate over it, but it doesnʼt really\nmake the list, thus saving space.\nWe say such an object is iterable, that is, suitable as a target for functions and constructs that expect\nsomething from which they can obtain successive items until the supply is exhausted. We have seen that\nthe for statement is such a construct, while an example of a function that takes an iterable is sum():\n>>> sum(range(4)) # 0 + 1 + 2 + 3\n6', 'while an example of a function that takes an iterable is sum():\n>>> sum(range(4)) # 0 + 1 + 2 + 3\n6\nLater we will see more functions that return iterables and take iterables as arguments. In chapter Data\nStructures, we will discuss list() in more detail.\n4.4. and Statements\nbreak continue\nThe break statement breaks out of the innermost enclosing for or while loop:\n>>> for n in range(2, 10):\n... for x in range(2, n):\n... if n % x == 0:\n... print(f""{n} equals {x} * {n//x}"")\n... break\n...\n4 equals 2 * 2\n6 equals 2 * 3\n8 equals 2 * 4\n9 equals 3 * 3\nThe continue statement continues with the next iteration of the loop:\n>>> for num in range(2, 10):\n... if num % 2 == 0:', ""for x in range(6)]\n^^^^^^^\nSyntaxError: did you forget parentheses around the comprehension target?\n>>> # flatten a list using a listcomp with two 'for'\n>>> vec = [[1,2,3], [4,5,6], [7,8,9]]\n>>> [num for elem in vec for num in elem]\n[1, 2, 3, 4, 5, 6, 7, 8, 9]\nList comprehensions can contain complex expressions and nested functions:\n>>> from math import pi\n>>> [str(round(pi, i)) for i in range(1, 6)]\n['3.1', '3.14', '3.142', '3.1416', '3.14159']\n5.1.4. Nested List Comprehensions\nThe initial expression in a list comprehension can be any arbitrary expression, including another list\ncomprehension.\nConsider the following example of a 3x4 matrix implemented as a list of 3 lists of length 4:"", 'interpreter recognizes the object pointed to by that name as a user-defined function. Other names\ncan also point to that same function object and can also be used to access the function:\n>>> fib\n<function fib at 10042ed0>\n>>> f = fib\n>>> f(100)\n0 1 1 2 3 5 8 13 21 34 55 89\nComing from other languages, you might object that fib is not a function but a procedure since it doesnʼt\nreturn a value. In fact, even functions without a return statement do return a value, albeit a rather boring\none. This value is called None (itʼs a built-in name). Writing the value None is normally suppressed by the\ninterpreter if it would be the only value written. You can see it if you really want to using print():', 'continues with the next iteration of the loop:\n>>> for num in range(2, 10):\n... if num % 2 == 0:\n... print(f""Found an even number {num}"")\n... continue\n... print(f""Found an odd number {num}"")\n...\nFound an even number 2\nFound an odd number 3\nFound an even number 4\nFound an odd number 5\nFound an even number 6\nFound an odd number 7\nFound an even number 8\nFound an odd number 9\n4.5. Clauses on Loops\nelse\nIn a for or while loop the break statement may be paired with an else clause. If the loop finishes with-\nout executing the break, the else clause executes.\nIn a for loop, the else clause is executed after the loop finishes its final iteration, that is, if no break\noccurred.', 'clauseʼs return statement, not the value from the try clauseʼs return statement. This can be con-\nfusing and is therefore discouraged. From version 3.14 the compiler emits a SyntaxWarning for it (see\nPEP 765).\nFor example:\n>>> def bool_return():\n... try:\n... return True\n... finally:\n... return False\n...\n>>> bool_return()\nFalse\nA more complicated example:\n>>> def divide(x, y):\n... try:\n... result = x / y\n... except ZeroDivisionError:\n... print(""division by zero!"")\n... else:\n... print(""result is"", result)\n... finally:\n... print(""executing finally clause"")\n...\n>>> divide(2, 1)\nresult is 2.0\nexecuting finally clause\nhttps://docs.python.org/3/tutorial/errors.html 7/11']","Let's analyze the two functions:

**1. Do they always produce the same result for any list of integers? Explain why or why not.**

Yes, they always produce the same result for any list of integers. Both functions iterate over the list, check if each number is even, and add it to the total if it is. The only difference is in how they iterate over the list, but the logic inside the loop is the same.

**2. Compare the two approaches in terms of how they use the concepts of `range()` and `enumerate()` described in the context. Which version is more aligned with the recommended looping technique and why?**

The first function uses `range(len(nums))` to iterate over the indices of the list, while the second function uses `enumerate(nums)` to iterate over both the index and the value of each element.

The recommended looping technique, as described in the context, is to use `enumerate()` instead of `range(len(nums))`. This is because `enumerate()` is more concise and efficient, as it avoids the need to calculate the length of the list and iterate over its indices.

Therefore, the second function `sum_even_enum` is more aligned with the recommended looping technique.

**3. If the list `nums` is empty, what value does each function return? Justify your answer based on the behaviour of the loops.**

Both functions will return 0 if the list `nums` is empty. Here's why:

* In the first function `sum_even_range`, the loop will not execute at all if the list is empty, because `range(len(nums))` will be empty. Since the loop doesn't execute, the total will remain 0.
* In the second function `sum_even_enum`, the loop will also not execute if the list is empty, because `enumerate(nums)` will be empty. Again, since the loop doesn't execute, the total will remain 0.

**Comparison of control-flow and function logic:**

| Function | Control Flow | Logic |
| --- | --- | --- |
| `sum_even_range` | Iterate over indices using `range(len(nums))` | Check if each number is even, add it to total if it is |
| `sum_even_enum` | Iterate over both index and value using `enumerate(nums)` | Check if each number is even, add it to total if it is |

In summary, both functions have the same logic, but the second function `sum_even_enum` is more aligned with the recommended looping technique by using `enumerate()` instead of `range(len(nums))`.","Both functions will always return the same integer result for any list of integers. Each loop visits every element of `nums` exactly once: `sum_even_range` does this by generating index values with `range(len(nums))` and then indexing the list, while `sum_even_enum` obtains the same elements directly via `enumerate`, which yields a (index, value) pair for each item. Because the conditional `if … % 2 == 0` and the accumulation `total += …` are identical, the final sum of the even numbers is the same.

The two approaches illustrate the two ways of iterating over a sequence mentioned in the context. `range()` creates an arithmetic progression of indices, and the loop body must perform an explicit indexing operation (`nums[i]`). `enumerate()` combines the index generation and value retrieval in one step, which the tutorial recommends as a more convenient technique when both the index and the element are needed. Therefore, `sum_even_enum` aligns more closely with the suggested “convenient to use the enumerate() function” practice, making the code shorter and arguably clearer.

When `nums` is empty, `len(nums)` is 0, so `range(0)` yields no indices and the body of `sum_even_range` never executes; `total` remains at its initial value 0, which is returned. Likewise, `enumerate([])` produces no (idx, val) pairs, so the loop in `sum_even_enum` also never runs and returns the initial `total` of 0. Hence both functions correctly return 0 for an empty list, reflecting the fact that the sum of no even numbers is zero.",0.07692307692307693,0.7290881513228781,0.555555555537037,0.9,T2_011,T2
"A junior developer writes the following function to process network configuration dictionaries. They expect the second ``case`` to handle dictionaries that contain extra keys beyond ``bandwidth`` and ``latency``.

```python
from enum import Enum

class Mode(Enum):
    AUTO = 'auto'
    MANUAL = 'manual'

def process_config(cfg):
    match cfg:
        case {""bandwidth"": b, ""latency"": l}:
            print(f""Bandwidth {b} Mbps, latency {l} ms"")
        case {""bandwidth"": b, ""latency"": l, **rest}:
            print(f""Extra parameters: {rest}"")
        case {""bandwidth"": b}:
            print(""Only bandwidth provided"")
        case {""mode"": Mode.AUTO}:
            print(""Automatic mode selected"")
        case _:
            print(""Invalid configuration"")
```

Given the three input dictionaries below, analyze which ``case`` will be executed for each and why the developer’s expectation about the second ``case`` is incorrect. Also explain what would happen if the developer replaced ``**rest`` with ``**_`` in the second pattern.

```python
cfg1 = {""bandwidth"": 100, ""latency"": 20}
cfg2 = {""bandwidth"": 50, ""latency"": 10, ""duplex"": ""full""}
cfg3 = {""bandwidth"": 75, ""mode"": Mode.AUTO}
```","['{x}"")\ncase Point(x, y):\nprint(f""Not on the diagonal"")\nSeveral other key features of this statement:\nLike unpacking assignments, tuple and list patterns have exactly the same meaning and actually match\narbitrary sequences. An important exception is that they donʼt match iterators or strings.\nSequence patterns support extended unpacking: [x, y, *rest] and (x, y, *rest) work similar to\nunpacking assignments. The name after * may also be _, so (x, y, *_) matches a sequence of at\nleast two items without binding the remaining items.\nMapping patterns: {""bandwidth"": b, ""latency"": l} captures the ""bandwidth"" and ""latency""', 'A match statement takes an expression and compares its value to successive patterns given as one or\nmore case blocks. This is superficially similar to a switch statement in C, Java or JavaScript (and many\nother languages), but itʼs more similar to pattern matching in languages like Rust or Haskell. Only the first\npattern that matches gets executed and it can also extract components (sequence elements or object at-\ntributes) from the value into variables. If no case matches, none of the branches is executed.\nThe simplest form compares a subject value against one or more literals:\ndef http_error(status):\nmatch status:\ncase 400:\nreturn ""Bad request""\ncase 404:\nreturn ""Not found""\ncase 418:', 'be zero or more elif parts, and the else part is optional. The keyword ‘elifʼ is short for ‘else\nifʼ, and is useful to avoid excessive indentation. An if … elif … elif … sequence is a substitute for the\nswitch or case statements found in other languages.\nIf youʼre comparing the same value to several constants, or checking for specific types or attributes, you\nmay also find the match statement useful. For more details see match Statements.\n4.2. Statements\nfor\nThe for statement in Python differs a bit from what you may be used to in C or Pascal. Rather than always\niterating over an arithmetic progression of numbers (like in Pascal), or giving the user the ability to define', 'match status:\ncase 400:\nreturn ""Bad request""\ncase 404:\nreturn ""Not found""\ncase 418:\nreturn ""I\'m a teapot""\ncase _:\nreturn ""Something\'s wrong with the internet""\nNote the last block: the “variable name” _ acts as a wildcard and never fails to match.\nYou can combine several literals in a single pattern using | (“or”):\ncase 401 | 403 | 404:\nreturn ""Not allowed""\nPatterns can look like unpacking assignments, and can be used to bind variables:\n# point is an (x, y) tuple\nmatch point:\ncase (0, 0):\nprint(""Origin"")\ncase (0, y):\nprint(f""Y={y}"")\ncase (x, 0):\nprint(f""X={x}"")\ncase (x, y):\nprint(f""X={x}, Y={y}"")\ncase _:\nraise ValueError(""Not a point"")', 'VERY runny, sir."",\nshopkeeper=""Michael Palin"",\nclient=""John Cleese"",\nsketch=""Cheese Shop Sketch"")\nhttps://docs.python.org/3/tutorial/controlflow.html#match-statements 11/18\n28/07/2026, 14:09 4. More Control Flow Tools — Python 3.14.6 documentation\nand of course it would print:\n-- Do you have any Limburger ?\n-- I\'m sorry, we\'re all out of Limburger\nIt\'s very runny, sir.\nIt\'s really very, VERY runny, sir.\n----------------------------------------\nshopkeeper : Michael Palin\nclient : John Cleese\nsketch : Cheese Shop Sketch\nNote that the order in which the keyword arguments are printed is guaranteed to match the order in which\nthey were provided in the function call.\n4.9.3. Special parameters', ""called in several ways:\nhttps://docs.python.org/3/tutorial/controlflow.html#match-statements 9/18\n28/07/2026, 14:09 4. More Control Flow Tools — Python 3.14.6 documentation\ngiving only the mandatory argument: ask_ok('Do you really want to quit?')\ngiving one of the optional arguments: ask_ok('OK to overwrite the file?', 2)\nor even giving all arguments: ask_ok('OK to overwrite the file?', 2, 'Come on, only yes\nor no!')\nThis example also introduces the in keyword. This tests whether or not a sequence contains a certain\nvalue.\nThe default values are evaluated at the point of function definition in the defining scope, so that\ni = 5\ndef f(arg=i):\nprint(arg)\ni = 6\nf()\nwill print 5."", 'takes 2 positional arguments but 3 were given\n>>> combined_example(1, 2, kwd_only=3)\n1 2 3\n>>> combined_example(1, standard=2, kwd_only=3)\nhttps://docs.python.org/3/tutorial/controlflow.html#match-statements 13/18\n28/07/2026, 14:09 4. More Control Flow Tools — Python 3.14.6 documentation\n1 2 3\n>>> combined_example(pos_only=1, standard=2, kwd_only=3)\nTraceback (most recent call last):\nFile ""<stdin>"", line 1, in <module>\nTypeError: combined_example() got some positional-only arguments passed as keyword a\nFinally, consider this function definition which has a potential collision between the positional argument\nname and **kwds which has name as a key:\ndef foo(name, **kwds):']","I'm sorry, that concept is outside the scope of our current syllabus or I couldn't find reliable information in the database to answer you accurately.","For **cfg1**, the dictionary contains exactly the keys ``bandwidth`` and ``latency``. The first pattern ``{""bandwidth"": b, ""latency"": l}`` matches, binding ``b`` to 100 and ``l`` to 20, and prints ""Bandwidth 100 Mbps, latency 20 ms"". The second pattern is never reached because the first match already succeeds.

For **cfg2**, the dictionary has the required ``bandwidth`` and ``latency`` keys plus an extra key ``duplex``. According to the context, *mapping patterns ignore extra keys*, so the first pattern still matches – the extra ``duplex`` entry is ignored. Consequently the function prints the same message as for ``cfg1`` and the second case (which was intended to capture ``**rest``) is never executed. This demonstrates why the developer’s expectation that the second case would handle dictionaries with extra keys is incorrect: the earlier case already captures any dict containing the specified keys, regardless of additional items.

For **cfg3**, the dictionary lacks a ``latency`` key, so the first two mapping patterns fail. The third pattern ``{""bandwidth"": b}`` matches, binding ``b`` to 75 and printing ""Only bandwidth provided"". The ``mode`` key is not examined because the match stops at the first successful pattern.

If the developer replaced ``**rest`` with ``**_`` in the second pattern, the code would be syntactically illegal. The context states that ``**_`` is redundant and therefore *not allowed*; attempting to use it would raise a ``SyntaxError`` at compile time, preventing the function from being defined.

In summary, the order of the patterns and the rule that mapping patterns ignore extra keys make the second case unreachable, and ``**_`` cannot be used as a catch‑all mapping capture.",0.0,0.0,0.499999999975,1.0,T2_012,T2
"Below are two implementations of a function that returns the index of the first occurrence of *target* in a list *lst* (or -1 if the value is not present). Both use a ``for`` loop and a ``else`` clause, and each contains a placeholder statement.

```python
# Version A
def find_index(lst, target):
    for i, val in enumerate(lst):
        if val == target:
            break
    else:
        # No break → target not found
        return -1
    return i

# Version B
def find_index(lst, target):
    for i, val in enumerate(lst):
        if val == target:
            return i
        else:
            pass  # placeholder for future logic
    return -1
```

**Task (Evaluate – Best Practice):**
Which version adheres to Pythonic best‑practice guidelines for using a loop’s ``else`` clause and placeholder statements? Explain your reasoning, referencing the role of the ``else`` clause on loops and the appropriate use of ``pass`` (or ``...``) as described in the context.

Provide the name of the preferred version and a concise justification.","['else clause is executed after the loop finishes its final iteration, that is, if no break\noccurred.\nIn a while loop, itʼs executed after the loopʼs condition becomes false.\nhttps://docs.python.org/3/tutorial/controlflow.html#match-statements 3/18\n28/07/2026, 14:09 4. More Control Flow Tools — Python 3.14.6 documentation\nIn either kind of loop, the else clause is not executed if the loop was terminated by a break. Of course,\nother ways of ending the loop early, such as a return or a raised exception, will also skip execution of the\nelse clause.\nThis is exemplified in the following for loop, which searches for prime numbers:\n>>> for n in range(2, 10):\n... for x in range(2, n):', 'integer value is true; zero is false. The condition may also be a string or list value, in fact any\nsequence; anything with a non-zero length is true, empty sequences are false. The test used in the ex-\nample is a simple comparison. The standard comparison operators are written the same as in C: < (less\nthan), > (greater than), == (equal to), <= (less than or equal to), >= (greater than or equal to) and !=\n(not equal to).\nThe body of the loop is indented: indentation is Pythonʼs way of grouping statements. At the interactive\nprompt, you have to type a tab or space(s) for each indented line. In practice you will prepare more', 'continues with the next iteration of the loop:\n>>> for num in range(2, 10):\n... if num % 2 == 0:\n... print(f""Found an even number {num}"")\n... continue\n... print(f""Found an odd number {num}"")\n...\nFound an even number 2\nFound an odd number 3\nFound an even number 4\nFound an odd number 5\nFound an even number 6\nFound an odd number 7\nFound an even number 8\nFound an odd number 9\n4.5. Clauses on Loops\nelse\nIn a for or while loop the break statement may be paired with an else clause. If the loop finishes with-\nout executing the break, the else clause executes.\nIn a for loop, the else clause is executed after the loop finishes its final iteration, that is, if no break\noccurred.', 'pass is silently ignored:\nhttps://docs.python.org/3/tutorial/controlflow.html#match-statements 4/18\n28/07/2026, 14:09 4. More Control Flow Tools — Python 3.14.6 documentation\n>>> def initlog(*args):\n... pass # Remember to implement this!\n...\nFor this last case, many people use the ellipsis literal ... instead of pass. This use has no special mean-\ning to Python, and is not part of the language definition (you could use any constant expression here), but\n... is used conventionally as a placeholder body as well. See The Ellipsis Object.\n4.7. Statements\nmatch\nA match statement takes an expression and compares its value to successive patterns given as one or', 'occurs. For more on the try statement and exceptions,\nsee Handling Exceptions.\n4.6. Statements\npass\nThe pass statement does nothing. It can be used when a statement is required syntactically but the pro-\ngram requires no action. For example:\n>>> while True:\n... pass # Busy-wait for keyboard interrupt (Ctrl+C)\n...\nThis is commonly used for creating minimal classes:\n>>> class MyEmptyClass:\n... pass\n...\nAnother place pass can be used is as a place-holder for a function or conditional body when you are\nworking on new code, allowing you to keep thinking at a more abstract level. The pass is silently ignored:\nhttps://docs.python.org/3/tutorial/controlflow.html#match-statements 4/18', 'to Python — Python 3.14.6 documentation\n3\n5\n8\nThis example introduces several new features.\nThe first line contains a multiple assignment: the variables a and b simultaneously get the new values 0\nand 1. On the last line this is used again, demonstrating that the expressions on the right-hand side are\nall evaluated first before any of the assignments take place. The right-hand side expressions are evalu-\nated from the left to the right.\nThe while loop executes as long as the condition (here: a < 10) remains true. In Python, like in C, any\nnon-zero integer value is true; zero is false. The condition may also be a string or list value, in fact any', 'be zero or more elif parts, and the else part is optional. The keyword ‘elifʼ is short for ‘else\nifʼ, and is useful to avoid excessive indentation. An if … elif … elif … sequence is a substitute for the\nswitch or case statements found in other languages.\nIf youʼre comparing the same value to several constants, or checking for specific types or attributes, you\nmay also find the match statement useful. For more details see match Statements.\n4.2. Statements\nfor\nThe for statement in Python differs a bit from what you may be used to in C or Pascal. Rather than always\niterating over an arithmetic progression of numbers (like in Pascal), or giving the user the ability to define']","Based on the provided context, I would recommend Version A as the preferred implementation. Here's why:

1. **Proper use of the else clause**: In Version A, the else clause is used correctly to handle the case where the loop finishes without executing the break statement. This is in line with the Python documentation, which states that the else clause is executed after the loop finishes its final iteration, if no break occurred. In this case, the else clause returns -1 to indicate that the target was not found.

2. **Correct placement of the return statement**: In Version A, the return statement is placed outside the if-else block, which is a good practice. This ensures that the function returns the index of the target element as soon as it is found, without executing the else clause.

3. **Proper use of the pass statement**: In Version B, the pass statement is used as a placeholder for future logic, which is not necessary in this case. The pass statement is used when a statement is required syntactically but the program requires no action. However, in this implementation, the pass statement is not necessary, as the function will return -1 if the target is not found.

In contrast, Version B has a redundant else block that does nothing, which makes the code less efficient and harder to read.

Therefore, Version A is the preferred implementation, as it adheres to Pythonic best-practice guidelines for using a loop's else clause and placeholder statements.","Version A follows Pythonic best practice. In a ``for`` loop the ``else`` block is executed only when the loop terminates without encountering a ``break``; here it correctly signals that the ``target`` was never found and returns ``-1``. Version B places the ``else`` inside the loop, causing it to run after every non‑matching iteration, which defeats the purpose of the if‑else construct and can lead to unnecessary work. Moreover, Version B uses ``pass`` as a placeholder inside the loop body where no action is required, whereas ``pass`` (or the ellipsis ``...``) should be used only when a syntactically required statement does nothing—typically in empty function or class bodies, not inside an active loop. Thus, Version A uses the loop‑else correctly and avoids misplaced placeholders, aligning with the guidance that a loop’s ``else`` runs when no ``break`` occurs and that ``pass`` is a no‑op placeholder.
",0.18181818181818182,0.21912389988606268,0.8041666666465626,1.0,T2_013,T2
"You are tasked with reviewing two implementations that generate a list of integers using the built‑in ``range`` function. In both cases the user supplies the start and stop values, which are stored in a list called ``params``.

**Option 1 – direct unpacking**
```python
params = [3, 8]
numbers = list(range(*params))
```

**Option 2 – wrapper function**
```python

def make_range(p):
    start = p[0]
    stop = p[1]
    return list(range(start, stop))

params = [3, 8]
numbers = make_range(params)
```

Evaluate which implementation you would recommend for production code. In your evaluation discuss:
1. Code clarity and readability;
2. How each approach handles the requirement that ``range`` receives separate positional arguments;
3. Potential pitfalls if ``params`` does not contain exactly two elements.
Provide a concise justification based on the concepts shown in the context.
","[""in users.items():\nif status == 'active':\nactive_users[user] = status\n4.3. The Function\nrange()\nIf you do need to iterate over a sequence of numbers, the built-in function range() comes in handy. It\ngenerates arithmetic progressions:\n>>> for i in range(5):\n... print(i)\n...\n0\n1\n2\n3\n4\nThe given end point is never part of the generated sequence; range(10) generates 10 values, the legal\nindices for items of a sequence of length 10. It is possible to let the range start at another number, or to\nspecify a different increment (even negative; sometimes this is called the ‘stepʼ):\n>>> list(range(5, 10))\n[5, 6, 7, 8, 9]\n>>> list(range(0, 10, 3))\n[0, 3, 6, 9]\n>>> list(range(-10, -100, -30))"", '2/18\n28/07/2026, 14:09 4. More Control Flow Tools — Python 3.14.6 documentation\nIn many ways the object returned by range() behaves as if it is a list, but in fact it isnʼt. It is an object\nwhich returns the successive items of the desired sequence when you iterate over it, but it doesnʼt really\nmake the list, thus saving space.\nWe say such an object is iterable, that is, suitable as a target for functions and constructs that expect\nsomething from which they can obtain successive items until the supply is exhausted. We have seen that\nthe for statement is such a construct, while an example of a function that takes an iterable is sum():\n>>> sum(range(4)) # 0 + 1 + 2 + 3\n6', '... a, b = b, a+b\n... return result\n...\n>>> f100 = fib2(100) # call it\n>>> f100 # write the result\n[0, 1, 1, 2, 3, 5, 8, 13, 21, 34, 55, 89]\nThis example, as usual, demonstrates some new Python features:\nThe return statement returns with a value from a function. return without an expression argument\nreturns None. Falling off the end of a function also returns None.\nThe statement result.append(a) calls a method of the list object result. A method is a function\nthat ‘belongsʼ to an object and is named obj.methodname, where obj is some object (this may be an\nexpression), and methodname is the name of a method that is defined by the objectʼs type. Different', 'or iter-\nable, or to create a subsequence of those elements that satisfy a certain condition.\nFor example, assume we want to create a list of squares, like:\n>>> squares = []\n>>> for x in range(10):\n... squares.append(x**2)\n...\n>>> squares\n[0, 1, 4, 9, 16, 25, 36, 49, 64, 81]\nNote that this creates (or overwrites) a variable named x that still exists after the loop completes. We can\ncalculate the list of squares without any side effects using:\nsquares = list(map(lambda x: x**2, range(10)))\nor, equivalently:\nsquares = [x**2 for x in range(10)]\nwhich is more concise and readable.\nA list comprehension consists of brackets containing an expression followed by a for clause, then zero or', 'write and much more clear than an approach using instance variables like\nself.index and self.data.\nhttps://docs.python.org/3/tutorial/classes.html 13/14\n28/07/2026, 14:10 9. Classes — Python 3.14.6 documentation\nIn addition to automatic method creation and saving program state, when generators terminate, they auto-\nmatically raise StopIteration. In combination, these features make it easy to create iterators with no\nmore effort than writing a regular function.\n9.10. Generator Expressions\nSome simple generators can be coded succinctly as expressions using a syntax similar to list comprehen-\nsions but with parentheses instead of square brackets. These expressions are designed for situations', 'to Python — Python 3.14.6 documentation\n3\n5\n8\nThis example introduces several new features.\nThe first line contains a multiple assignment: the variables a and b simultaneously get the new values 0\nand 1. On the last line this is used again, demonstrating that the expressions on the right-hand side are\nall evaluated first before any of the assignments take place. The right-hand side expressions are evalu-\nated from the left to the right.\nThe while loop executes as long as the condition (here: a < 10) remains true. In Python, like in C, any\nnon-zero integer value is true; zero is false. The condition may also be a string or list value, in fact any', ""10))\n[5, 6, 7, 8, 9]\n>>> list(range(0, 10, 3))\n[0, 3, 6, 9]\n>>> list(range(-10, -100, -30))\n[-10, -40, -70]\nTo iterate over the indices of a sequence, you can combine range() and len() as follows:\n>>> a = ['Mary', 'had', 'a', 'little', 'lamb']\n>>> for i in range(len(a)):\n... print(i, a[i])\n...\n0 Mary\n1 had\n2 a\n3 little\n4 lamb\nIn most such cases, however, it is convenient to use the enumerate() function, see Looping Techniques.\nA strange thing happens if you just print a range:\n>>> range(10)\nrange(0, 10)\nhttps://docs.python.org/3/tutorial/controlflow.html#match-statements 2/18\n28/07/2026, 14:09 4. More Control Flow Tools — Python 3.14.6 documentation""]","Based on the provided context, I would recommend **Option 1 – direct unpacking** for production code. Here's why:

1. **Code clarity and readability**: Option 1 is more concise and readable. It directly uses the `*` operator to unpack the `params` list into separate arguments for the `range` function. This approach clearly conveys the intention of the code, making it easier to understand.

2. **Handling separate positional arguments**: Option 1 elegantly handles the requirement that `range` receives separate positional arguments. By using the `*` operator, the `params` list is expanded into separate arguments, which are then passed to the `range` function.

3. **Potential pitfalls**: While Option 2 provides a clear and explicit way to handle the `params` list, it does not inherently prevent potential pitfalls if `params` does not contain exactly two elements. However, Option 1 also does not provide any explicit error handling. In both cases, it's essential to ensure that `params` contains exactly two elements before passing it to the `range` function.

In contrast, Option 2 introduces an additional layer of complexity by defining a wrapper function `make_range`. While this approach provides explicit error handling, it also makes the code less concise and more verbose.

Overall, Option 1 is a more elegant and readable solution that effectively handles the requirement for separate positional arguments. However, it's essential to ensure that `params` contains exactly two elements to avoid potential errors.

The concepts shown in the context, such as direct unpacking using the `*` operator and the use of `range` to generate a sequence of numbers, support the recommendation of Option 1.","Option 1 is preferable when the input is guaranteed to contain exactly the two required values. Using the ``*`` operator directly mirrors the example in the context (``list(range(*args))``) and lets ``range`` receive its start and stop arguments without manual indexing, making the code shorter and less error‑prone. The main pitfall is that ``*params`` will raise a ``TypeError`` if ``params`` has fewer or more than two items, so the caller must ensure the list’s length is correct.

Option 2 is more verbose and introduces explicit indexing (``p[0]`` and ``p[1]``), which can lead to off‑by‑one or ``IndexError`` bugs if ``params`` is malformed. However, it provides a natural place to add validation or default handling, increasing robustness at the cost of readability. In strictly Pythonic code where the data shape is validated elsewhere, the direct unpacking of Option 1 is the clearer, more idiomatic choice.
",0.0,0.39805906501356053,0.14285714284285714,0.3333333333333333,T2_014,T2
"Complete the following Python code so that it uses structural pattern matching to identify an empty list of points, the origin point, and a single arbitrary point. Fill in each blank (___) with the appropriate expression based on the context provided.
```python
class Point:
    __match_args__ = (___)   # tuple that defines the positional order of attributes for matching
    def __init__(self, x, y):
        self.x = x
        self.y = y

points = [Point(0, 0)]

match points:
    case []:
        print(""No points"")
    case [Point(0, 0)]:
        print(""The origin"")
    case [Point(___, ___)]:   # capture the x and y values of a single point
        print(f""Single point {___}, {___}"")
```","['of an assignment, to understand which variables would be set to what. Only the standalone names\n(like var above) are assigned to by a match statement. Dotted names (like foo.bar), attribute names\n(the x= and y= above) or class names (recognized by the “(…)” next to them like Point above) are never\nassigned to.\nPatterns can be arbitrarily nested. For example, if we have a short list of Points, with __match_args__\nadded, we could match it like this:\nclass Point:\n__match_args__ = (\'x\', \'y\')\ndef __init__(self, x, y):\nself.x = x\nself.y = y\nmatch points:\ncase []:\nprint(""No points"")\ncase [Point(0, 0)]:\nprint(""The origin"")\ncase [Point(x, y)]:\nprint(f""Single point {x}, {y}"")', '5/18\n28/07/2026, 14:09 4. More Control Flow Tools — Python 3.14.6 documentation\nIf you are using classes to structure your data you can use the class name followed by an argument list re-\nsembling a constructor, but with the ability to capture attributes into variables:\nclass Point: Copy\ndef __init__(self, x, y):\nself.x = x\nself.y = y\ndef where_is(point):\nmatch point:\ncase Point(x=0, y=0):\nprint(""Origin"")\ncase Point(x=0, y=y):\nprint(f""Y={y}"")\ncase Point(x=x, y=0):\nprint(f""X={x}"")\ncase Point():\nprint(""Somewhere else"")\ncase _:\nprint(""Not a point"")\nYou can use positional parameters with some builtin classes that provide an ordering for their attributes', 'match status:\ncase 400:\nreturn ""Bad request""\ncase 404:\nreturn ""Not found""\ncase 418:\nreturn ""I\'m a teapot""\ncase _:\nreturn ""Something\'s wrong with the internet""\nNote the last block: the “variable name” _ acts as a wildcard and never fails to match.\nYou can combine several literals in a single pattern using | (“or”):\ncase 401 | 403 | 404:\nreturn ""Not allowed""\nPatterns can look like unpacking assignments, and can be used to bind variables:\n# point is an (x, y) tuple\nmatch point:\ncase (0, 0):\nprint(""Origin"")\ncase (0, y):\nprint(f""Y={y}"")\ncase (x, 0):\nprint(f""X={x}"")\ncase (x, y):\nprint(f""X={x}, Y={y}"")\ncase _:\nraise ValueError(""Not a point"")', 'case [Point(0, 0)]:\nprint(""The origin"")\ncase [Point(x, y)]:\nprint(f""Single point {x}, {y}"")\ncase [Point(0, y1), Point(0, y2)]:\nprint(f""Two on the Y axis at {y1}, {y2}"")\ncase _:\nprint(""Something else"")\nhttps://docs.python.org/3/tutorial/controlflow.html#match-statements 6/18\n28/07/2026, 14:09 4. More Control Flow Tools — Python 3.14.6 documentation\nWe can add an if clause to a pattern, known as a “guard”. If the guard is false, match goes on to try the\nnext case block. Note that value capture happens before the guard is evaluated:\nmatch point:\ncase Point(x, y) if x == y:\nprint(f""Y=X at {x}"")\ncase Point(x, y):\nprint(f""Not on the diagonal"")\nSeveral other key features of this statement:', ""these. Empty tuples are constructed by an empty pair of parentheses; a tuple with one item\nis constructed by following a value with a comma (it is not sufficient to enclose a single value in parenthe-\nses). Ugly, but effective. For example:\nhttps://docs.python.org/3/tutorial/datastructures.html 6/12\n28/07/2026, 14:10 5. Data Structures — Python 3.14.6 documentation\n>>> empty = ()\n>>> singleton = 'hello', # <-- note trailing comma\n>>> len(empty)\n0\n>>> len(singleton)\n1\n>>> singleton\n('hello',)\nThe statement t = 12345, 54321, 'hello!' is an example of tuple packing: the values 12345, 54321\nand 'hello!' are packed together in a tuple. The reverse operation is also possible:\n>>> x, y, z = t"", '(x, 0):\nprint(f""X={x}"")\ncase (x, y):\nprint(f""X={x}, Y={y}"")\ncase _:\nraise ValueError(""Not a point"")\nStudy that one carefully! The first pattern has two literals, and can be thought of as an extension of the lit-\neral pattern shown above. But the next two patterns combine a literal and a variable, and the variable\nbinds a value from the subject (point). The fourth pattern captures two values, which makes it conceptu-\nally similar to the unpacking assignment (x, y) = point.\nhttps://docs.python.org/3/tutorial/controlflow.html#match-statements 5/18\n28/07/2026, 14:09 4. More Control Flow Tools — Python 3.14.6 documentation', 'comprehension consists of brackets containing an expression followed by a for clause, then zero or\nmore for or if clauses. The result will be a new list resulting from evaluating the expression in the con-\ntext of the for and if clauses which follow it. For example, this listcomp combines the elements of two\nlists if they are not equal:\nhttps://docs.python.org/3/tutorial/datastructures.html 3/12\n28/07/2026, 14:10 5. Data Structures — Python 3.14.6 documentation\n>>> [(x, y) for x in [1,2,3] for y in [3,1,4] if x != y]\n[(1, 3), (1, 4), (2, 3), (2, 1), (2, 4), (3, 1), (3, 4)]\nand itʼs equivalent to:\n>>> combs = []\n>>> for x in [1,2,3]:\n... for y in [3,1,4]:\n... if x != y:']","To complete the provided Python code, we need to fill in the blanks with the appropriate expressions based on the context provided.

```python
class Point:
    __match_args__ = ('x', 'y')  # tuple that defines the positional order of attributes for matching
    def __init__(self, x, y):
        self.x = x
        self.y = y

points = [Point(0, 0)]

match points:
    case []:
        print(""No points"")
    case [Point(0, 0)]:
        print(""The origin"")
    case [Point(x, y)]:   # capture the x and y values of a single point
        print(f""Single point {x}, {y}"")
```

In the `__match_args__` tuple, we define the positional order of attributes for matching as `('x', 'y')`. This means that when we match a `Point` object, the `x` and `y` attributes will be captured in the order they are defined in the tuple.

In the `match` statement, we use the `case [Point(x, y)]` pattern to capture the `x` and `y` values of a single point. The `x` and `y` variables are then used to print the coordinates of the point.","```python
class Point:
    __match_args__ = ('x', 'y')   # tuple that defines the positional order of attributes for matching
    def __init__(self, x, y):
        self.x = x
        self.y = y

points = [Point(0, 0)]

match points:
    case []:
        print(""No points"")
    case [Point(0, 0)]:
        print(""The origin"")
    case [Point(x, y)]:   # capture the x and y values of a single point
        print(f""Single point {x}, {y}"")
```",0.6666666666666666,0.4151245349121236,0.9999999999833333,1.0,T2_015,T2
"In Python, a function can be defined with default argument values, as shown in the context:

```python
def ask_ok(prompt, retries=4, reminder='Please try again!'):
    while True:
        reply = input(prompt)
        if reply in {'y', 'ye', 'yes'}:
            return True
```
Explain (1) how the default arguments `retries` and `reminder` behave when the function is called with fewer than three arguments, and (2) what value the function returns if execution reaches the end of the function body without hitting a `return` statement.","[""number of arguments. There are three forms, which\ncan be combined.\n4.9.1. Default Argument Values\nThe most useful form is to specify a default value for one or more arguments. This creates a function that\ncan be called with fewer arguments than it is defined to allow. For example:\ndef ask_ok(prompt, retries=4, reminder='Please try again!'):\nwhile True:\nreply = input(prompt)\nif reply in {'y', 'ye', 'yes'}:\nreturn True\nif reply in {'n', 'no', 'nop', 'nope'}:\nreturn False\nretries = retries - 1\nif retries < 0:\nraise ValueError('invalid user response')\nprint(reminder)\nThis function can be called in several ways:\nhttps://docs.python.org/3/tutorial/controlflow.html#match-statements 9/18"", ""called in several ways:\nhttps://docs.python.org/3/tutorial/controlflow.html#match-statements 9/18\n28/07/2026, 14:09 4. More Control Flow Tools — Python 3.14.6 documentation\ngiving only the mandatory argument: ask_ok('Do you really want to quit?')\ngiving one of the optional arguments: ask_ok('OK to overwrite the file?', 2)\nor even giving all arguments: ask_ok('OK to overwrite the file?', 2, 'Come on, only yes\nor no!')\nThis example also introduces the in keyword. This tests whether or not a sequence contains a certain\nvalue.\nThe default values are evaluated at the point of function definition in the defining scope, so that\ni = 5\ndef f(arg=i):\nprint(arg)\ni = 6\nf()\nwill print 5."", 'to match the order in which\nthey were provided in the function call.\n4.9.3. Special parameters\nBy default, arguments may be passed to a Python function either by position or explicitly by keyword. For\nreadability and performance, it makes sense to restrict the way arguments can be passed so that a devel-\noper need only look at the function definition to determine if items are passed by position, by position or\nkeyword, or by keyword.\nA function definition may look like:\ndef f(pos1, pos2, /, pos_or_kwd, *, kwd1, kwd2):\n----------- ---------- ----------\n| | |\n| Positional or keyword |\n| - Keyword only\n-- Positional only', 'definition in the defining scope, so that\ni = 5\ndef f(arg=i):\nprint(arg)\ni = 6\nf()\nwill print 5.\nImportant warning: The default value is evaluated only once. This makes a difference when the default is\na mutable object such as a list, dictionary, or instances of most classes. For example, the following func-\ntion accumulates the arguments passed to it on subsequent calls:\ndef f(a, L=[]):\nL.append(a)\nreturn L\nprint(f(1))\nprint(f(2))\nprint(f(3))\nThis will print\n[1]\n[1, 2]\n[1, 2, 3]\nIf you donʼt want the default to be shared between subsequent calls, you can write the function like this\ninstead:\ndef f(a, L=None):\nif L is None:\nL = []\nL.append(a)\nreturn L\n4.9.2. Keyword Arguments', 'this\ninstead:\ndef f(a, L=None):\nif L is None:\nL = []\nL.append(a)\nreturn L\n4.9.2. Keyword Arguments\nFunctions can also be called using keyword arguments of the form kwarg=value. For instance, the follow-\ning function:\ndef parrot(voltage, state=\'a stiff\', action=\'voom\', type=\'Norwegian Blue\'):\nprint(""-- This parrot wouldn\'t"", action, end=\' \')\nprint(""if you put"", voltage, ""volts through it."")\nhttps://docs.python.org/3/tutorial/controlflow.html#match-statements 10/18\n28/07/2026, 14:09 4. More Control Flow Tools — Python 3.14.6 documentation\nprint(""-- Lovely plumage, the"", type)\nprint(""-- It\'s"", state, ""!"")', 'are stored in the __annotations__ attribute of the function as a dictionary and have no ef-\nfect on any other part of the function. Parameter annotations are defined by a colon after the parameter\nhttps://docs.python.org/3/tutorial/controlflow.html#match-statements 16/18\n28/07/2026, 14:09 4. More Control Flow Tools — Python 3.14.6 documentation\nname, followed by an expression evaluating to the value of the annotation. Return annotations are defined\nby a literal ->, followed by an expression, between the parameter list and the colon denoting the end of\nthe def statement. The following example has a required argument, an optional argument, and the return\nvalue annotated:', 'What exactly happens when a method is called? You may have noticed that x.f() was called without an\nargument above, even though the function definition for f() specified an argument. What happened to\nthe argument? Surely Python raises an exception when a function that requires an argument is called with-\nout any — even if the argument isnʼt actually used…\nActually, you may have guessed the answer: the special thing about methods is that the instance object is\npassed as the first argument of the function. In our example, the call x.f() is exactly equivalent to\nMyClass.f(x). In general, calling a method with a list of n arguments is equivalent to calling the corre-']","Let's break down the behavior of the default arguments `retries` and `reminder` when the function is called with fewer than three arguments.

**Default Argument Values**

In Python, default argument values are evaluated only once at the point of function definition in the defining scope. This means that if you use a mutable object as a default argument and mutate it, you will and have mutated that object for all future calls to the function as well.

In the given example, the function `ask_ok` has two default arguments: `retries=4` and `reminder='Please try again!'`. When the function is called with fewer than three arguments, the default values of `retries` and `reminder` are used.

**Behavior of Default Arguments**

1. **`retries`**: When the function is called with fewer than three arguments, the default value of `retries` is used, which is `4`. This means that the `retries` variable will always be initialized to `4` when the function is called, regardless of the number of arguments passed to the function.
2. **`reminder`**: Similarly, when the function is called with fewer than three arguments, the default value of `reminder` is used, which is `'Please try again!'`. This means that the `reminder` variable will always be initialized to `'Please try again!'` when the function is called, regardless of the number of arguments passed to the function.

**What Value the Function Returns**

If execution reaches the end of the function body without hitting a `return` statement, the function will implicitly return `None`. This is because in Python, if a function does not explicitly return a value, it will return `None` by default.

In the given example, the function `ask_ok` has a `while` loop that continues indefinitely until a `return` statement is encountered. If the user enters a valid response (e.g., `'yes'`) and the function returns `True`, the loop will exit and the function will return `True`. However, if the user enters an invalid response and the function does not return `True` or `False`, the loop will continue indefinitely, and the function will implicitly return `None` when it reaches the end of the function body.

Therefore, the function `ask_ok` will return `None` if the user enters an invalid response and the function does not return `True` or `False`.","When a function is defined with default argument values, any parameter that is not supplied by the caller automatically receives its default. In the example, if `ask_ok` is called with only the `prompt` argument, `retries` will be set to 4 and `reminder` to ""Please try again!"". Supplying one or both of the optional arguments overrides the corresponding defaults, while any omitted optional arguments still use their defaults.

If the function’s control flow reaches the end of the body without executing a `return` statement, Python implicitly returns `None`. Thus, if the `while` loop exits without encountering the `return True` (for example, by breaking out of the loop or the loop never executing), the function will return `None`.
",0.8666666666666667,0.6337577643956236,0.9166666666361111,1.0,T2_016,T2
"The following Python code is intended to demonstrate that a positional‑only parameter can still be supplied via **kwds without causing a conflict. However, the code raises a TypeError when executed. Identify the exact line that contains the bug, explain why the error occurs, and provide the corrected version of that line (or the whole function definition) so that the call works as intended.

```python
def foo(name, **kwds):
    return 'name' in kwds

print(foo(1, **{'name': 2}))
```","["">>> def foo(name, /, **kwds):\n... return 'name' in kwds\n...\n>>> foo(1, **{'name': 2})\nTrue\nIn other words, the names of positional-only parameters can be used in **kwds without ambiguity.\n4.9.3.5. Recap\nThe use case will determine which parameters to use in the function definition:\ndef f(pos1, pos2, /, pos_or_kwd, *, kwd1, kwd2):\nAs guidance:\nUse positional-only if you want the name of the parameters to not be available to the user. This is useful\nwhen parameter names have no real meaning, if you want to enforce the order of the arguments when\nthe function is called or if you need to take some positional parameters and arbitrary keywords."", 'to match the order in which\nthey were provided in the function call.\n4.9.3. Special parameters\nBy default, arguments may be passed to a Python function either by position or explicitly by keyword. For\nreadability and performance, it makes sense to restrict the way arguments can be passed so that a devel-\noper need only look at the function definition to determine if items are passed by position, by position or\nkeyword, or by keyword.\nA function definition may look like:\ndef f(pos1, pos2, /, pos_or_kwd, *, kwd1, kwd2):\n----------- ---------- ----------\n| | |\n| Positional or keyword |\n| - Keyword only\n-- Positional only', 'takes 2 positional arguments but 3 were given\n>>> combined_example(1, 2, kwd_only=3)\n1 2 3\n>>> combined_example(1, standard=2, kwd_only=3)\nhttps://docs.python.org/3/tutorial/controlflow.html#match-statements 13/18\n28/07/2026, 14:09 4. More Control Flow Tools — Python 3.14.6 documentation\n1 2 3\n>>> combined_example(pos_only=1, standard=2, kwd_only=3)\nTraceback (most recent call last):\nFile ""<stdin>"", line 1, in <module>\nTypeError: combined_example() got some positional-only arguments passed as keyword a\nFinally, consider this function definition which has a potential collision between the positional argument\nname and **kwds which has name as a key:\ndef foo(name, **kwds):', 'between the positional argument\nname and **kwds which has name as a key:\ndef foo(name, **kwds):\nreturn \'name\' in kwds\nThere is no possible call that will make it return True as the keyword \'name\' will always bind to the first\nparameter. For example:\n>>> foo(1, **{\'name\': 2})\nTraceback (most recent call last):\nFile ""<stdin>"", line 1, in <module>\nTypeError: foo() got multiple values for argument \'name\'\n>>>\nBut using / (positional only arguments), it is possible since it allows name as a positional argument and\n\'name\' as a key in the keyword arguments:\n>>> def foo(name, /, **kwds):\n... return \'name\' in kwds\n...\n>>> foo(1, **{\'name\': 2})\nTrue', 'To mark parameters as keyword-only, indicating the parameters must be passed by keyword argument,\nplace an * in the arguments list just before the first keyword-only parameter.\nhttps://docs.python.org/3/tutorial/controlflow.html#match-statements 12/18\n28/07/2026, 14:09 4. More Control Flow Tools — Python 3.14.6 documentation\n4.9.3.4. Function Examples\nConsider the following example function definitions paying close attention to the markers / and *:\n>>> def standard_arg(arg):\n... print(arg)\n...\n>>> def pos_only_arg(arg, /):\n... print(arg)\n...\n>>> def kwd_only_arg(*, arg):\n... print(arg)\n...\n>>> def combined_example(pos_only, /, standard, *, kwd_only):\n... print(pos_only, standard, kwd_only)', '1, in <module>\nTypeError: pos_only_arg() got some positional-only arguments passed as keyword argum\nThe third function kwd_only_arg only allows keyword arguments as indicated by a * in the function\ndefinition:\n>>> kwd_only_arg(3)\nTraceback (most recent call last):\nFile ""<stdin>"", line 1, in <module>\nTypeError: kwd_only_arg() takes 0 positional arguments but 1 was given\n>>> kwd_only_arg(arg=3)\n3\nAnd the last uses all three calling conventions in the same function definition:\n>>> combined_example(1, 2, 3)\nTraceback (most recent call last):\nFile ""<stdin>"", line 1, in <module>\nTypeError: combined_example() takes 2 positional arguments but 3 were given\n>>> combined_example(1, 2, kwd_only=3)', 'def combined_example(pos_only, /, standard, *, kwd_only):\n... print(pos_only, standard, kwd_only)\nThe first function definition, standard_arg, the most familiar form, places no restrictions on the calling\nconvention and arguments may be passed by position or keyword:\n>>> standard_arg(2)\n2\n>>> standard_arg(arg=2)\n2\nThe second function pos_only_arg is restricted to only use positional parameters as there is a / in the\nfunction definition:\n>>> pos_only_arg(1)\n1\n>>> pos_only_arg(arg=1)\nTraceback (most recent call last):\nFile ""<stdin>"", line 1, in <module>\nTypeError: pos_only_arg() got some positional-only arguments passed as keyword argum']","The exact line that contains the bug is:

```python
def foo(name, **kwds):
```

The error occurs because the parameter `name` is a positional-only parameter, but it is also a keyword argument in the `**kwds` dictionary. When the function is called with `foo(1, **{'name': 2})`, Python tries to bind the value `1` to the parameter `name`, but it also tries to bind the value `2` to the parameter `name` because it is present in the `**kwds` dictionary. This causes a conflict, and Python raises a `TypeError` because it cannot determine which value to bind to the parameter `name`.

To fix this bug, we need to modify the function definition to use the `/` marker to indicate that the parameter `name` is a positional-only parameter. Here is the corrected version of the function definition:

```python
def foo(name, /, **kwds):
    return 'name' in kwds
```

With this corrected function definition, the call `foo(1, **{'name': 2})` will work as intended, and the function will return `True`.","The bug is in the function definition line:
```python
def foo(name, **kwds):
```
Because `name` is defined without the positional‑only marker `/`, it becomes a normal positional‑or‑keyword parameter. When the function is called as `foo(1, **{'name': 2})`, the argument `1` is bound to `name` positionally, and the keyword argument `'name': 2` tries to bind `name` again, producing the error `TypeError: foo() got multiple values for argument 'name'`.

Fix: make `name` positional‑only by inserting the slash after it:
```python
def foo(name, /, **kwds):
    return 'name' in kwds
```
Now `foo(1, **{'name': 2})` returns `True` as intended, because the positional‑only name can still appear in `kwds` without ambiguity.",0.9166666666666666,0.455526846933763,0.9999999999857143,1.0,T2_017,T2
"**Scenario:** You are creating a small utility that repeatedly asks the user a yes‑or‑no question until the user answers affirmatively or a maximum number of attempts is reached. Each answer must be recorded in a list called `attempts`. Write a function `ask_ok` that:

1. Takes the parameters `prompt` (the question to display), `retries` (default value 3), `reminder` (default value `'Please try again!'`), and `attempts` (default value `None`).
2. If `attempts` is `None`, creates a new empty list to store the replies.
3. Uses a `while` loop to:
   - Get user input with `input(prompt)`.
   - Append the reply to `attempts` using the list method `append()`.
   - If the reply is one of `{'y', 'ye', 'yes'}`, returns `True`.
   - Otherwise, increments a counter; if the counter reaches `retries`, returns `False`.
   - If the counter is still below `retries`, prints the `reminder` and continues.
4. After the loop, if the function somehow reaches the end without hitting a `return`, state what value the function would produce.

Provide the complete, correctly indented function definition.

**Answer:**","[""number of arguments. There are three forms, which\ncan be combined.\n4.9.1. Default Argument Values\nThe most useful form is to specify a default value for one or more arguments. This creates a function that\ncan be called with fewer arguments than it is defined to allow. For example:\ndef ask_ok(prompt, retries=4, reminder='Please try again!'):\nwhile True:\nreply = input(prompt)\nif reply in {'y', 'ye', 'yes'}:\nreturn True\nif reply in {'n', 'no', 'nop', 'nope'}:\nreturn False\nretries = retries - 1\nif retries < 0:\nraise ValueError('invalid user response')\nprint(reminder)\nThis function can be called in several ways:\nhttps://docs.python.org/3/tutorial/controlflow.html#match-statements 9/18"", 'an item at a given position. The first argument is the index of the element before which to in-\nsert, so a.insert(0, x) inserts at the front of the list, and a.insert(len(a), x) is equivalent to\na.append(x).\nlist.remove(value, /)\nRemove the first item from the list whose value is equal to value. It raises a ValueError if there is no\nsuch item.\nlist.pop(index=-1, /)\nRemove the item at the given position in the list, and return it. If no index is specified, a.pop() re-\nmoves and returns the last item in the list. It raises an IndexError if the list is empty or the index is\noutside the list range.\nlist.clear()\nRemove all items from the list. Similar to del a[:].', ""in users.items():\nif status == 'active':\nactive_users[user] = status\n4.3. The Function\nrange()\nIf you do need to iterate over a sequence of numbers, the built-in function range() comes in handy. It\ngenerates arithmetic progressions:\n>>> for i in range(5):\n... print(i)\n...\n0\n1\n2\n3\n4\nThe given end point is never part of the generated sequence; range(10) generates 10 values, the legal\nindices for items of a sequence of length 10. It is possible to let the range start at another number, or to\nspecify a different increment (even negative; sometimes this is called the ‘stepʼ):\n>>> list(range(5, 10))\n[5, 6, 7, 8, 9]\n>>> list(range(0, 10, 3))\n[0, 3, 6, 9]\n>>> list(range(-10, -100, -30))"", 'while True:\n... try:\n... x = int(input(""Please enter a number: ""))\n... break\n... except ValueError:\n... print(""Oops! That was no valid number. Try again..."")\n...\nThe try statement works as follows.\nFirst, the try clause (the statement(s) between the try and except keywords) is executed.\nIf no exception occurs, the except clause is skipped and execution of the try statement is finished.\nIf an exception occurs during execution of the try clause, the rest of the clause is skipped. Then, if its\ntype matches the exception named after the except keyword, the except clause is executed, and then\nexecution continues after the try/except block.', 'to Python — Python 3.14.6 documentation\n3\n5\n8\nThis example introduces several new features.\nThe first line contains a multiple assignment: the variables a and b simultaneously get the new values 0\nand 1. On the last line this is used again, demonstrating that the expressions on the right-hand side are\nall evaluated first before any of the assignments take place. The right-hand side expressions are evalu-\nated from the left to the right.\nThe while loop executes as long as the condition (here: a < 10) remains true. In Python, like in C, any\nnon-zero integer value is true; zero is false. The condition may also be a string or list value, in fact any', 'integer value is true; zero is false. The condition may also be a string or list value, in fact any\nsequence; anything with a non-zero length is true, empty sequences are false. The test used in the ex-\nample is a simple comparison. The standard comparison operators are written the same as in C: < (less\nthan), > (greater than), == (equal to), <= (less than or equal to), >= (greater than or equal to) and !=\n(not equal to).\nThe body of the loop is indented: indentation is Pythonʼs way of grouping statements. At the interactive\nprompt, you have to type a tab or space(s) for each indented line. In practice you will prepare more', 'continues with the next iteration of the loop:\n>>> for num in range(2, 10):\n... if num % 2 == 0:\n... print(f""Found an even number {num}"")\n... continue\n... print(f""Found an odd number {num}"")\n...\nFound an even number 2\nFound an odd number 3\nFound an even number 4\nFound an odd number 5\nFound an even number 6\nFound an odd number 7\nFound an even number 8\nFound an odd number 9\n4.5. Clauses on Loops\nelse\nIn a for or while loop the break statement may be paired with an else clause. If the loop finishes with-\nout executing the break, the else clause executes.\nIn a for loop, the else clause is executed after the loop finishes its final iteration, that is, if no break\noccurred.']","Here's the complete function definition that meets the requirements:

```python
def ask_ok(prompt, retries=3, reminder='Please try again!', attempts=None):
    if attempts is None:
        attempts = []
    
    attempts.append(input(prompt))
    
    while True:
        if input(prompt) in {'y', 'ye', 'yes'}:
            return True
        retries -= 1
        if retries < 0:
            return False
        print(reminder)
```

However, the above function does not append the reply to the `attempts` list correctly. It should be `attempts.append(input(prompt))` before the while loop, not inside the loop. Here's the corrected function:

```python
def ask_ok(prompt, retries=3, reminder='Please try again!', attempts=None):
    if attempts is None:
        attempts = []
    
    attempts.append(input(prompt))
    
    while True:
        if input(prompt) in {'y', 'ye', 'yes'}:
            return True
        retries -= 1
        if retries < 0:
            return False
        print(reminder)
```

However, this function still has a problem. The `input(prompt)` is called twice in the while loop, which is not what we want. We want to get the user's input only once and store it in the `attempts` list. Here's the corrected function:

```python
def ask_ok(prompt, retries=3, reminder='Please try again!', attempts=None):
    if attempts is None:
        attempts = []
    
    while True:
        reply = input(prompt)
        attempts.append(reply)
        if reply in {'y', 'ye', 'yes'}:
            return True
        retries -= 1
        if retries < 0:
            return False
        print(reminder)
```

This function now correctly appends the user's reply to the `attempts` list and only calls `input(prompt)` once in the while loop. 

As for the last part of the question, if the function somehow reaches the end without hitting a `return`, it would produce `None` because the function does not explicitly return anything in that case. However, this should not happen because the function will always hit a `return` statement in the while loop.","```python
def ask_ok(prompt, retries=3, reminder='Please try again!', attempts=None):
    """"""Ask a yes/no question with a limited number of retries.
    Each reply is stored in the list `attempts`.
    Returns True for an affirmative answer, False after exhausting retries.
    """"""
    if attempts is None:
        attempts = []          # create a fresh list when none is supplied
    count = 0
    while True:
        reply = input(prompt)   # get user input
        attempts.append(reply)  # record the reply using list.append()
        if reply in {'y', 'ye', 'yes'}:
            return True         # affirmative answer
        count += 1
        if count >= retries:
            return False        # ran out of allowed attempts
        print(reminder)         # remind the user and loop again
    # If execution ever reaches this point (which it cannot in the current logic),
    # the function would return None because it falls off the end without an explicit return.
```",0.375,0.3876445149501658,0.9999999999,1.0,T2_018,T2
"The following Python code defines two functions and a global variable:

```python
global_counter = 0

def fib(n):
    a, b = 0, 1
    while a < n:
        print(a, end=' ')
        a, b = b, a+b
    total = 0
    for i in range(n):
        total += i
    print(""\nSum:"", total)

def count_calls():
    global_counter += 1
    print(""Called"", global_counter, ""times"")
```

Evaluate this snippet from a best‑practice standpoint. Identify **at least three** violations of the recommended practices described in the context (e.g., docstrings, variable scope handling, function responsibilities). For each violation, explain why it is problematic and show the corrected code fragment that follows the best practice.

Provide your answer as a concise list of issues with brief justification and the corrected lines.","['list of formal parameters. The statements that form the body of the function start at the\nnext line, and must be indented.\nThe first statement of the function body can optionally be a string literal; this string literal is the functionʼs\ndocumentation string, or docstring. (More about docstrings can be found in the section Documentation\nStrings.) There are tools which use docstrings to automatically produce online or printed documentation,\nor to let the user interactively browse through code; itʼs good practice to include docstrings in code that\nyou write, so make a habit of it.\nThe execution of a function introduces a new symbol table used for the local variables of the function.', 'identi-\ncally named outer variable unchanged).\nhttps://docs.python.org/3/tutorial/classes.html 2/14\n28/07/2026, 14:10 9. Classes — Python 3.14.6 documentation\nUsually, the local scope references the local names of the (textually) current function. Outside functions,\nthe local scope references the same namespace as the global scope: the moduleʼs namespace. Class defi-\nnitions place yet another namespace in the local scope.\nIt is important to realize that scopes are determined textually: the global scope of a function defined in a\nmodule is that moduleʼs namespace, no matter from where or by what alias the function is called. On the', 'state the objectʼs name or type, since these are available by other means (except if the name\nhappens to be a verb describing a functionʼs operation). This line should begin with a capital letter and\nend with a period.\nIf there are more lines in the documentation string, the second line should be blank, visually separating the\nsummary from the rest of the description. The following lines should be one or more paragraphs describ-\ning the objectʼs calling conventions, its side effects, etc.\nThe Python parser strips indentation from multi-line string literals when they serve as module, class, or\nfunction docstrings.\nHere is an example of a multi-line docstring:\n>>> def my_function():', 'is a textual region of a Python program where a namespace is directly accessible. “Directly ac-\ncessible” here means that an unqualified reference to a name attempts to find the name in the namespace.\nAlthough scopes are determined statically, they are used dynamically. At any time during execution, there\nare 3 or 4 nested scopes whose namespaces are directly accessible:\nthe innermost scope, which is searched first, contains the local names\nthe scopes of any enclosing functions, which are searched starting with the nearest enclosing scope,\ncontain non-local, but also non-global names\nthe next-to-last scope contains the current moduleʼs global names', 'from a script file or interactively, are considered part of a module called __main__, so they have\ntheir own global namespace. (The built-in names actually also live in a module; this is called builtins.)\nThe local namespace for a function is created when the function is called, and deleted when the function\nreturns or raises an exception that is not handled within the function. (Actually, forgetting would be a bet-\nter way to describe what actually happens.) Of course, recursive invocations each have their own local\nnamespace.\nA scope is a textual region of a Python program where a namespace is directly accessible. “Directly ac-', 'operators and after commas, but not directly inside bracketing constructs: a =\nf(1, 2) + g(3, 4).\nName your classes and functions consistently; the convention is to use UpperCamelCase for classes\nand lowercase_with_underscores for functions and methods. Always use self as the name for the\nfirst method argument (see A First Look at Classes for more on classes and methods).\nDonʼt use fancy encodings if your code is meant to be used in international environments. Pythonʼs de-\nfault, UTF-8, or even plain ASCII work best in any case.\nhttps://docs.python.org/3/tutorial/controlflow.html#match-statements 17/18\n28/07/2026, 14:09 4. More Control Flow Tools — Python 3.14.6 documentation', 'are stored in the __annotations__ attribute of the function as a dictionary and have no ef-\nfect on any other part of the function. Parameter annotations are defined by a colon after the parameter\nhttps://docs.python.org/3/tutorial/controlflow.html#match-statements 16/18\n28/07/2026, 14:09 4. More Control Flow Tools — Python 3.14.6 documentation\nname, followed by an expression evaluating to the value of the annotation. Return annotations are defined\nby a literal ->, followed by an expression, between the parameter list and the colon denoting the end of\nthe def statement. The following example has a required argument, an optional argument, and the return\nvalue annotated:']","I'm sorry, that concept is outside the scope of our current syllabus or I couldn't find reliable information in the database to answer you accurately.","1. **Missing docstring** – The context states that the first statement of a function body should optionally be a string literal serving as a docstring, and that including docstrings is good practice. Both `fib` and `count_calls` lack docstrings. Adding a brief description clarifies purpose and enables automatic documentation tools.
   ```python
   def fib(n):
       """"""Print the Fibonacci numbers less than *n* and the sum of 0..n‑1.""""""
       ...
   def count_calls():
       """"""Increment and display how many times this function has been called.""""""
       ...
   ```

2. **Improper use of a global variable** – The context explains that assigning to a global variable inside a function requires a `global` statement; otherwise the name is treated as a new local variable, leading to an `UnboundLocalError`. `count_calls` tries to modify `global_counter` without declaring it global.
   ```python
   def count_calls():
       global global_counter
       global_counter += 1
       print(""Called"", global_counter, ""times"")
   ```
   A better practice is to avoid mutable globals altogether and return the count, but the minimal fix follows the rule.

3. **Mixing output and computation responsibilities** – The context notes that functions should focus on a single responsibility. `fib` both prints the series and computes a separate sum using a loop that iterates up to `n`. This makes the function harder to reuse and test. Separate the concerns:
   ```python
   def fib_series(n):
       """"""Return a list of Fibonacci numbers less than *n*.""""""
       a, b = 0, 1
       series = []
       while a < n:
           series.append(a)
           a, b = b, a + b
       return series

   def sum_range(n):
       """"""Return the sum of integers from 0 to n‑1.""""""
       return sum(range(n))
   ```
   The caller can then print or further process the results as needed.

These three changes bring the code into alignment with the best‑practice guidelines highlighted in the documentation.",0.0,0.0,0.9999999999833333,1.0,T2_019,T2
"According to Python’s design principle for mutable data structures, what is the return value of list methods that only modify the list (e.g., insert, remove, sort)?","[""might have noticed that methods like insert, remove or sort that only modify the list have no re-\nturn value printed – they return the default None. [1] This is a design principle for all mutable data struc-\ntures in Python.\nAnother thing you might notice is that not all data can be sorted or compared. For instance, [None,\n'hello', 10] doesnʼt sort because integers canʼt be compared to strings and None canʼt be compared\nto other types. Also, there are some types that donʼt have a defined ordering relation. For example, 3+4j\n< 5+7j isnʼt a valid comparison.\n5.1.1. Using Lists as Stacks\nThe list methods make it very easy to use a list as a stack, where the last element added is the first ele-"", ""/)\nReturn the number of times value appears in the list.\nlist.sort(*, key=None, reverse=False)\nSort the items of the list in place (the arguments can be used for sort customization, see sorted()\nfor their explanation).\nlist.reverse()\nhttps://docs.python.org/3/tutorial/datastructures.html 1/12\n28/07/2026, 14:10 5. Data Structures — Python 3.14.6 documentation\nReverse the elements of the list in place.\nlist.copy()\nReturn a shallow copy of the list. Similar to a[:].\nAn example that uses most of the list methods:\n>>> fruits = ['orange', 'apple', 'pear', 'banana', 'kiwi', 'apple', 'banana']\n>>> fruits.count('apple')\n2\n>>> fruits.count('tangerine')\n0\n>>> fruits.index('banana')\n3"", '28/07/2026, 14:10 5. Data Structures — Python 3.14.6 documentation\n5. Data Structures\nThis chapter describes some things youʼve learned about already in more detail, and adds some new\nthings as well.\n5.1. More on Lists\nThe list data type has some more methods. Here are all of the methods of list objects:\nlist.append(value, /)\nAdd an item to the end of the list. Similar to a[len(a):] = [x].\nlist.extend(iterable, /)\nExtend the list by appending all the items from the iterable. Similar to a[len(a):] = iterable.\nlist.insert(index, value, /)\nInsert an item at a given position. The first argument is the index of the element before which to in-', '11/12\n28/07/2026, 14:10 5. Data Structures — Python 3.14.6 documentation\n[1] Other languages may return the mutated object, which allows method chaining, such as d-\n>insert(""a"")->remove(""b"")->sort();.\nhttps://docs.python.org/3/tutorial/datastructures.html 12/12', '... a, b = b, a+b\n... return result\n...\n>>> f100 = fib2(100) # call it\n>>> f100 # write the result\n[0, 1, 1, 2, 3, 5, 8, 13, 21, 34, 55, 89]\nThis example, as usual, demonstrates some new Python features:\nThe return statement returns with a value from a function. return without an expression argument\nreturns None. Falling off the end of a function also returns None.\nThe statement result.append(a) calls a method of the list object result. A method is a function\nthat ‘belongsʼ to an object and is named obj.methodname, where obj is some object (this may be an\nexpression), and methodname is the name of a method that is defined by the objectʼs type. Different', '5. Data Structures — Python 3.14.6 documentation\n>>> stack\n[3, 4]\n5.1.2. Using Lists as Queues\nIt is also possible to use a list as a queue, where the first element added is the first element retrieved\n(“first-in, first-out”); however, lists are not efficient for this purpose. While appends and pops from the end\nof list are fast, doing inserts or pops from the beginning of a list is slow (because all of the other elements\nhave to be shifted by one).\nTo implement a queue, use collections.deque which was designed to have fast appends and pops\nfrom both ends. For example:\n>>> from collections import deque\n>>> queue = deque([""Eric"", ""John"", ""Michael""])\n>>> queue.append(""Terry"") # Terry arrives', '2/18\n28/07/2026, 14:09 4. More Control Flow Tools — Python 3.14.6 documentation\nIn many ways the object returned by range() behaves as if it is a list, but in fact it isnʼt. It is an object\nwhich returns the successive items of the desired sequence when you iterate over it, but it doesnʼt really\nmake the list, thus saving space.\nWe say such an object is iterable, that is, suitable as a target for functions and constructs that expect\nsomething from which they can obtain successive items until the supply is exhausted. We have seen that\nthe for statement is such a construct, while an example of a function that takes an iterable is sum():\n>>> sum(range(4)) # 0 + 1 + 2 + 3\n6']","According to the provided context, Python's design principle for mutable data structures is that methods that only modify the list, such as insert, remove, or sort, return the default value of None. This is explicitly stated in the context: ""methods like insert, remove or sort that only modify the list have no return value printed – they return the default None.""",These methods return the default value None; they do not return the modified list. This behavior is a design principle that applies to most mutable data structures in Python.,1.0,0.7562547987694389,0.8874999999778125,1.0,T3_001,T3
"Consider the following Python code:

```python
string1, string2, string3 = '', 'Trondheim', 'Hammer Dance'
non_null = string1 or string2 or string3
```
Explain how the `or` operator determines the value assigned to `non_null` and why the resulting value is `'Trondheim'`.","[""'Trondheim', 'Hammer Dance'\n>>> non_null = string1 or string2 or string3\n>>> non_null\n'Trondheim'\nNote that in Python, unlike C, assignment inside expressions must be done explicitly with the walrus oper-\nator :=. This avoids a common class of problems encountered in C programs: typing = in an expression\nwhen == was intended.\n5.8. Comparing Sequences and Other Types\nSequence objects typically may be compared to other objects with the same sequence type. The compari-\nson uses lexicographical ordering: first the first two items are compared, and if they differ this determines\nthe outcome of the comparison; if they are equal, the next two items are compared, and so on, until either"", ""Boolean operators and and or are so-called short-circuit operators: their arguments are evaluated\nfrom left to right, and evaluation stops as soon as the outcome is determined. For example, if A and C are\ntrue but B is false, A and B and C does not evaluate the expression C. When used as a general value\nand not as a Boolean, the return value of a short-circuit operator is the last evaluated argument.\nIt is possible to assign the result of a comparison or other Boolean expression to a variable. For example,\n>>> string1, string2, string3 = '', 'Trondheim', 'Hammer Dance'\n>>> non_null = string1 or string2 or string3\n>>> non_null\n'Trondheim'"", 'Strings support a large number of methods for basic transformations and searching.\nf-strings\nString literals that have embedded expressions.\nFormat string syntax\nInformation about string formatting with str.format().\nprintf-style String Formatting\nThe old formatting operations invoked when strings are the left operand of the % operator are de-\nscribed in more detail here.\nhttps://docs.python.org/3/tutorial/introduction.html 6/9\n28/07/2026, 14:07 3. An Informal Introduction to Python — Python 3.14.6 documentation\n3.1.3. Lists\nPython knows a number of compound data types, used to group together other values. The most versatile', 'to Python — Python 3.14.6 documentation\n3\n5\n8\nThis example introduces several new features.\nThe first line contains a multiple assignment: the variables a and b simultaneously get the new values 0\nand 1. On the last line this is used again, demonstrating that the expressions on the right-hand side are\nall evaluated first before any of the assignments take place. The right-hand side expressions are evalu-\nated from the left to the right.\nThe while loop executes as long as the condition (here: a < 10) remains true. In Python, like in C, any\nnon-zero integer value is true; zero is false. The condition may also be a string or list value, in fact any', ""of the same type:\n(1, 2, 3) < (1, 2, 4)\n[1, 2, 3] < [1, 2, 4]\n'ABC' < 'C' < 'Pascal' < 'Python'\n(1, 2, 3, 4) < (1, 2, 4)\n(1, 2) < (1, 2, -1)\n(1, 2, 3) == (1.0, 2.0, 3.0)\n(1, 2, ('aa', 'ab')) < (1, 2, ('abc', 'a'), 4)\nNote that comparing objects of different types with < or > is legal provided that the objects have appro-\npriate comparison methods. For example, mixed numeric types are compared according to their numeric\nvalue, so 0 equals 0.0, etc. Otherwise, rather than providing an arbitrary ordering, the interpreter will raise\na TypeError exception.\nFootnotes\nhttps://docs.python.org/3/tutorial/datastructures.html 11/12\n28/07/2026, 14:10 5. Data Structures — Python 3.14.6 documentation"", 'said.\'\n\'""Yes,"" they said.\'\n>>> ""\\""Yes,\\"" they said.""\n\'""Yes,"" they said.\'\n>>> \'""Isn\\\'t,"" they said.\'\n\'""Isn\\\'t,"" they said.\'\nIn the Python shell, the string definition and output string can look different. The print() function pro-\nduces a more readable output, by omitting the enclosing quotes and by printing escaped and special\ncharacters:\n>>> s = \'First line.\\nSecond line.\' # \\n means newline\n>>> s # without print(), special characters are included in the string\n\'First line.\\nSecond line.\'\n>>> print(s) # with print(), special characters are interpreted, so \\n produces new\nFirst line.\nSecond line.', ""both a and b\n{'a', 'c'}\n>>> a ^ b # letters in a or b but not both\n{'r', 'd', 'b', 'm', 'z', 'l'}\nhttps://docs.python.org/3/tutorial/datastructures.html 7/12\n28/07/2026, 14:10 5. Data Structures — Python 3.14.6 documentation\nSimilarly to list comprehensions, set comprehensions are also supported:\n>>> a = {x for x in 'abracadabra' if x not in 'abc'}\n>>> a\n{'r', 'd'}\n5.5. Dictionaries\nAnother useful data type built into Python is the dictionary (see Mapping Types — dict). Dictionaries are\nsometimes found in other languages as “associative memories” or “associative arrays”. Unlike sequences,\nwhich are indexed by a range of numbers, dictionaries are indexed by keys, which can be any immutable""]","Let's break down the code step by step to understand how the `or` operator determines the value assigned to `non_null`.

In Python, the `or` operator is a short-circuit operator, which means it evaluates its arguments from left to right and stops as soon as it finds a truthy value. A truthy value is any value that is not `False`, `0`, `None`, or an empty string (`''`).

In the given code, we have three string variables: `string1`, `string2`, and `string3`. We assign them the values `''`, `'Trondheim'`, and `'Hammer Dance'`, respectively.

Now, let's evaluate the expression `string1 or string2 or string3`:

1. `string1` is an empty string (`''`), which is a falsy value. So, the `or` operator moves on to the next argument.
2. `string2` is `'Trondheim'`, which is a truthy value. Since the `or` operator finds a truthy value, it stops evaluating the expression and assigns the value of `string2` to `non_null`.

Therefore, the value assigned to `non_null` is `'Trondheim'`.

To illustrate this further, let's consider what would happen if we swapped the order of `string2` and `string3`:

```python
string1, string2, string3 = '', 'Hammer Dance', 'Trondheim'
non_null = string1 or string2 or string3
```

In this case, `string2` is `'Hammer Dance'`, which is a truthy value. So, the `or` operator assigns the value of `string2` to `non_null`, resulting in `'Hammer Dance'`.

This behavior of the `or` operator is why the resulting value is `'Trondheim'` in the original code.","The `or` operator is a short‑circuit Boolean operator that evaluates its operands from left to right. It stops as soon as it encounters a truthy value, and the value of the whole expression is the last evaluated operand. In the code, `string1` is an empty string, which is falsy, so evaluation continues to `string2`. `string2` contains `'Trondheim'`, which is truthy, so the `or` expression returns this value and stops; `string3` is never evaluated. Consequently, `non_null` is assigned the string `'Trondheim'`.",0.7222222222222222,0.8877802747580323,0.99999999995,1.0,T3_002,T3
"In Python, list methods that modify a list have different behaviors. Compare the use of ``append`` and ``pop`` for implementing a stack with the use of ``sort`` for ordering a list. In your answer, discuss (a) what each method does to the list, (b) what each method returns, and (c) any restrictions on the kinds of data the method can handle.","[""might have noticed that methods like insert, remove or sort that only modify the list have no re-\nturn value printed – they return the default None. [1] This is a design principle for all mutable data struc-\ntures in Python.\nAnother thing you might notice is that not all data can be sorted or compared. For instance, [None,\n'hello', 10] doesnʼt sort because integers canʼt be compared to strings and None canʼt be compared\nto other types. Also, there are some types that donʼt have a defined ordering relation. For example, 3+4j\n< 5+7j isnʼt a valid comparison.\n5.1.1. Using Lists as Stacks\nThe list methods make it very easy to use a list as a stack, where the last element added is the first ele-"", 'methods make it very easy to use a list as a stack, where the last element added is the first ele-\nment retrieved (“last-in, first-out”). To add an item to the top of the stack, use append(). To retrieve an\nitem from the top of the stack, use pop() without an explicit index. For example:\n>>> stack = [3, 4, 5]\n>>> stack.append(6)\n>>> stack.append(7)\n>>> stack\n[3, 4, 5, 6, 7]\n>>> stack.pop()\n7\n>>> stack\n[3, 4, 5, 6]\n>>> stack.pop()\n6\n>>> stack.pop()\n5\nhttps://docs.python.org/3/tutorial/datastructures.html 2/12\n28/07/2026, 14:10 5. Data Structures — Python 3.14.6 documentation\n>>> stack\n[3, 4]\n5.1.2. Using Lists as Queues', '5. Data Structures — Python 3.14.6 documentation\n>>> stack\n[3, 4]\n5.1.2. Using Lists as Queues\nIt is also possible to use a list as a queue, where the first element added is the first element retrieved\n(“first-in, first-out”); however, lists are not efficient for this purpose. While appends and pops from the end\nof list are fast, doing inserts or pops from the beginning of a list is slow (because all of the other elements\nhave to be shifted by one).\nTo implement a queue, use collections.deque which was designed to have fast appends and pops\nfrom both ends. For example:\n>>> from collections import deque\n>>> queue = deque([""Eric"", ""John"", ""Michael""])\n>>> queue.append(""Terry"") # Terry arrives', '28/07/2026, 14:10 5. Data Structures — Python 3.14.6 documentation\n5. Data Structures\nThis chapter describes some things youʼve learned about already in more detail, and adds some new\nthings as well.\n5.1. More on Lists\nThe list data type has some more methods. Here are all of the methods of list objects:\nlist.append(value, /)\nAdd an item to the end of the list. Similar to a[len(a):] = [x].\nlist.extend(iterable, /)\nExtend the list by appending all the items from the iterable. Similar to a[len(a):] = iterable.\nlist.insert(index, value, /)\nInsert an item at a given position. The first argument is the index of the element before which to in-', 'the cube of 6\n>>> cubes.append(7 ** 3) # and the cube of 7\n>>> cubes\n[1, 8, 27, 64, 125, 216, 343]\nSimple assignment in Python never copies data. When you assign a list to a variable, the variable refers to\nthe existing list. Any changes you make to the list through one variable will be seen through all other vari-\nables that refer to it.:\n>>> rgb = [""Red"", ""Green"", ""Blue""]\n>>> rgba = rgb\n>>> id(rgb) == id(rgba) # they reference the same object\nTrue\n>>> rgba.append(""Alph"")\n>>> rgb\n[""Red"", ""Green"", ""Blue"", ""Alph""]\nAll slice operations return a new list containing the requested elements. This means that the following slice\nreturns a shallow copy of the list:', 'expression), and methodname is the name of a method that is defined by the objectʼs type. Different\ntypes define different methods. Methods of different types may have the same name without causing\nambiguity. (It is possible to define your own object types and methods, using classes, see Classes) The\nmethod append() shown in the example is defined for list objects; it adds a new element at the end of\nthe list. In this example it is equivalent to result = result + [a], but more efficient.\n4.9. More on Defining Functions\nIt is also possible to define functions with a variable number of arguments. There are three forms, which\ncan be combined.\n4.9.1. Default Argument Values', '... a, b = b, a+b\n... return result\n...\n>>> f100 = fib2(100) # call it\n>>> f100 # write the result\n[0, 1, 1, 2, 3, 5, 8, 13, 21, 34, 55, 89]\nThis example, as usual, demonstrates some new Python features:\nThe return statement returns with a value from a function. return without an expression argument\nreturns None. Falling off the end of a function also returns None.\nThe statement result.append(a) calls a method of the list object result. A method is a function\nthat ‘belongsʼ to an object and is named obj.methodname, where obj is some object (this may be an\nexpression), and methodname is the name of a method that is defined by the objectʼs type. Different']","Let's break down the list methods mentioned in the context and compare their behaviors.

### 1. `append`

*   **What it does to the list:** `append` adds an item to the end of the list.
*   **What it returns:** `append` returns `None`.
*   **Restrictions on data types:** `append` can handle any type of data, including integers, strings, floats, and even other lists.

### 2. `pop`

*   **What it does to the list:** `pop` removes and returns the last item from the list. If no index is specified, it removes the last item.
*   **What it returns:** `pop` returns the item that was removed from the list.
*   **Restrictions on data types:** `pop` can handle any type of data that can be stored in a list.

### 3. `sort`

*   **What it does to the list:** `sort` sorts the list in-place, meaning it modifies the original list. It rearranges the items in the list in a specific order, either ascending or descending.
*   **What it returns:** `sort` returns `None`.
*   **Restrictions on data types:** `sort` can handle any type of data that can be compared, such as integers, floats, and strings. However, it cannot handle data types that cannot be compared, such as lists or dictionaries.

### Comparison of `append` and `pop` for implementing a stack

`append` and `pop` are both used to implement a stack in Python. `append` adds an item to the top of the stack, while `pop` removes an item from the top of the stack. Both methods return `None` and can handle any type of data.

### Comparison of `sort` for ordering a list

`sort` is used to order a list in Python. It sorts the list in-place and returns `None`. However, it has restrictions on the types of data it can handle. It can only handle data types that can be compared, such as integers, floats, and strings.

In summary, `append` and `pop` are used to implement a stack, while `sort` is used to order a list. `append` and `pop` return `None` and can handle any type of data, while `sort` returns `None` but has restrictions on the types of data it can handle.","*Effect on the list*: ``append`` adds a new element to the end of the list, growing the stack; ``pop`` (without an index) removes and returns the last element, shrinking the stack. ``sort`` rearranges the existing elements into ascending order but does not add or remove items.

*Return value*: Both ``append`` and ``sort`` return the default ``None`` because they only modify the list in place. ``pop`` returns the element that was removed, as shown by the example where ``stack.pop()`` produced ``7``.

*Data‑type restrictions*: ``append`` and ``pop`` work with any object type because they merely insert or remove items. ``sort`` requires that all elements be comparable; it fails on lists that contain mixed, non‑orderable types such as ``None``, strings, integers, or complex numbers (e.g., ``[None, 'hello', 10]`` or ``3+4j < 5+7j`` are invalid for sorting).",0.6666666666666666,0.769411404156085,0.9166666666361111,1.0,T3_003,T3
"Consider the following Python code:
```python
nums = [1, 2, 3]
other = nums
copy = [1, 2, 3]

def check():
    return (1 < len(nums) == 3) and (nums is other) or (copy is nums) and (4 not in nums)

print(check())
```
Using only the information from the context, what is the exact output printed when this program is executed? Explain briefly how the chained comparison, identity tests, membership test, and Boolean‑operator precedence determine the result.","[""of the same type:\n(1, 2, 3) < (1, 2, 4)\n[1, 2, 3] < [1, 2, 4]\n'ABC' < 'C' < 'Pascal' < 'Python'\n(1, 2, 3, 4) < (1, 2, 4)\n(1, 2) < (1, 2, -1)\n(1, 2, 3) == (1.0, 2.0, 3.0)\n(1, 2, ('aa', 'ab')) < (1, 2, ('abc', 'a'), 4)\nNote that comparing objects of different types with < or > is legal provided that the objects have appro-\npriate comparison methods. For example, mixed numeric types are compared according to their numeric\nvalue, so 0 equals 0.0, etc. Otherwise, rather than providing an arbitrary ordering, the interpreter will raise\na TypeError exception.\nFootnotes\nhttps://docs.python.org/3/tutorial/datastructures.html 11/12\n28/07/2026, 14:10 5. Data Structures — Python 3.14.6 documentation"", 'comprehension consists of brackets containing an expression followed by a for clause, then zero or\nmore for or if clauses. The result will be a new list resulting from evaluating the expression in the con-\ntext of the for and if clauses which follow it. For example, this listcomp combines the elements of two\nlists if they are not equal:\nhttps://docs.python.org/3/tutorial/datastructures.html 3/12\n28/07/2026, 14:10 5. Data Structures — Python 3.14.6 documentation\n>>> [(x, y) for x in [1,2,3] for y in [3,1,4] if x != y]\n[(1, 3), (1, 4), (2, 3), (2, 1), (2, 4), (3, 1), (3, 4)]\nand itʼs equivalent to:\n>>> combs = []\n>>> for x in [1,2,3]:\n... for y in [3,1,4]:\n... if x != y:', ""of the comparison; if they are equal, the next two items are compared, and so on, until either\nsequence is exhausted. If two items to be compared are themselves sequences of the same type, the lexi-\ncographical comparison is carried out recursively. If all items of two sequences compare equal, the se-\nquences are considered equal. If one sequence is an initial sub-sequence of the other, the shorter se-\nquence is the smaller (lesser) one. Lexicographical ordering for strings uses the Unicode code point num-\nber to order individual characters. Some examples of comparisons between sequences of the same type:\n(1, 2, 3) < (1, 2, 4)\n[1, 2, 3] < [1, 2, 4]\n'ABC' < 'C' < 'Pascal' < 'Python'"", '28/07/2026, 14:07 3. An Informal Introduction to Python — Python 3.14.6 documentation\n3. An Informal Introduction to Python\nIn the following examples, input and output are distinguished by the presence or absence of prompts (>>>\nand …): to repeat the example, you must type everything after the prompt, when the prompt appears; lines\nthat do not begin with a prompt are output from the interpreter. Note that a secondary prompt on a line by\nitself in an example means you must type a blank line; this is used to end a multi-line command.\nYou can use the “Copy” button (it appears in the upper-right corner when hovering over or tapping a code', 'The conditions used in while and if statements can contain any operators, not just comparisons.\nThe comparison operators in and not in are membership tests that determine whether a value is in (or\nnot in) a container. The operators is and is not compare whether two objects are really the same ob-\nject. All comparison operators have the same priority, which is lower than that of all numerical operators.\nhttps://docs.python.org/3/tutorial/datastructures.html 10/12\n28/07/2026, 14:10 5. Data Structures — Python 3.14.6 documentation\nComparisons can be chained. For example, a < b == c tests whether a is less than b and moreover b\nequals c.', 'clauseʼs return statement, not the value from the try clauseʼs return statement. This can be con-\nfusing and is therefore discouraged. From version 3.14 the compiler emits a SyntaxWarning for it (see\nPEP 765).\nFor example:\n>>> def bool_return():\n... try:\n... return True\n... finally:\n... return False\n...\n>>> bool_return()\nFalse\nA more complicated example:\n>>> def divide(x, y):\n... try:\n... result = x / y\n... except ZeroDivisionError:\n... print(""division by zero!"")\n... else:\n... print(""result is"", result)\n... finally:\n... print(""executing finally clause"")\n...\n>>> divide(2, 1)\nresult is 2.0\nexecuting finally clause\nhttps://docs.python.org/3/tutorial/errors.html 7/11', 'to Python — Python 3.14.6 documentation\n3\n5\n8\nThis example introduces several new features.\nThe first line contains a multiple assignment: the variables a and b simultaneously get the new values 0\nand 1. On the last line this is used again, demonstrating that the expressions on the right-hand side are\nall evaluated first before any of the assignments take place. The right-hand side expressions are evalu-\nated from the left to the right.\nThe while loop executes as long as the condition (here: a < 10) remains true. In Python, like in C, any\nnon-zero integer value is true; zero is false. The condition may also be a string or list value, in fact any']","To determine the exact output printed when this program is executed, let's break down the chained comparison, identity tests, membership test, and Boolean-operator precedence.

The expression `(1 < len(nums) == 3)` is a chained comparison. In Python, comparisons can be chained. The expression is evaluated from left to right. First, `1 < len(nums)` is evaluated. Since `len(nums)` is 3, this expression is `True`. Then, `True == 3` is evaluated. Since `True` is not equal to 3, this expression is `False`. Therefore, the entire chained comparison is `False`.

The expression `(nums is other)` is an identity test. It checks if `nums` and `other` are the same object. Since `other = nums`, they are the same object, so this expression is `True`.

The expression `(copy is nums)` is also an identity test. Since `copy` is a list `[1, 2, 3]` and `nums` is a list `[1, 2, 3]`, they are not the same object, so this expression is `False`.

The expression `(4 not in nums)` is a membership test. It checks if 4 is not in the list `nums`. Since 4 is not in the list `nums`, this expression is `True`.

Now, let's look at the Boolean-operator precedence. The expression `(1 < len(nums) == 3) and (nums is other)` is evaluated first. Since the first part of the expression is `False`, the entire expression is `False`. Then, the expression `or (copy is nums) and (4 not in nums)` is evaluated. Since the first part of the expression is `False`, the entire expression is determined by the second part, which is `(4 not in nums)`. Since this expression is `True`, the final result is `True`.

Therefore, the exact output printed when this program is executed is:

```python
True
```","The program prints `True`. Explanation:
1. `len(nums)` is 3, so the chained comparison `1 < len(nums) == 3` is evaluated as `1 < 3 and 3 == 3`, which yields `True`.
2. `nums is other` is `True` because `other` references the same list object as `nums`.
3. The left side of the `or` therefore becomes `True and True`, i.e., `True`.
4. Because `or` short‑circuits, the right side `(copy is nums) and (4 not in nums)` is never evaluated.
5. The overall expression is `True or …`, which results in `True`, and that is what `print` outputs.",0.625,0.5526105761444385,0.19999999998,0.0,T3_004,T3
"Given the list `vec = [-4, -2, 0, 2, 4]`, complete the list comprehension below so that `result` contains the squares of only the non‑negative numbers in `vec`.
```python
vec = [-4, -2, 0, 2, 4]
# TODO: fill in the blank to compute the square of each qualifying element
result = [ ___ for x in vec if x >= 0 ]
print(result)  # Expected output: [0, 4, 16]
```","[""for x in range(6)]\n^^^^^^^\nSyntaxError: did you forget parentheses around the comprehension target?\n>>> # flatten a list using a listcomp with two 'for'\n>>> vec = [[1,2,3], [4,5,6], [7,8,9]]\n>>> [num for elem in vec for num in elem]\n[1, 2, 3, 4, 5, 6, 7, 8, 9]\nList comprehensions can contain complex expressions and nested functions:\n>>> from math import pi\n>>> [str(round(pi, i)) for i in range(1, 6)]\n['3.1', '3.14', '3.142', '3.1416', '3.14159']\n5.1.4. Nested List Comprehensions\nThe initial expression in a list comprehension can be any arbitrary expression, including another list\ncomprehension.\nConsider the following example of a 3x4 matrix implemented as a list of 3 lists of length 4:"", 'and itʼs equivalent to:\n>>> combs = []\n>>> for x in [1,2,3]:\n... for y in [3,1,4]:\n... if x != y:\n... combs.append((x, y))\n...\n>>> combs\n[(1, 3), (1, 4), (2, 3), (2, 1), (2, 4), (3, 1), (3, 4)]\nNote how the order of the for and if statements is the same in both these snippets.\nIf the expression is a tuple (e.g. the (x, y) in the previous example), it must be parenthesized.\n>>> vec = [-4, -2, 0, 2, 4]\n>>> # create a new list with the values doubled\n>>> [x*2 for x in vec]\n[-8, -4, 0, 4, 8]\n>>> # filter the list to exclude negative numbers\n>>> [x for x in vec if x >= 0]\n[0, 2, 4]\n>>> # apply a function to all the elements\n>>> [abs(x) for x in vec]\n[4, 2, 0, 2, 4]', 'comprehension consists of brackets containing an expression followed by a for clause, then zero or\nmore for or if clauses. The result will be a new list resulting from evaluating the expression in the con-\ntext of the for and if clauses which follow it. For example, this listcomp combines the elements of two\nlists if they are not equal:\nhttps://docs.python.org/3/tutorial/datastructures.html 3/12\n28/07/2026, 14:10 5. Data Structures — Python 3.14.6 documentation\n>>> [(x, y) for x in [1,2,3] for y in [3,1,4] if x != y]\n[(1, 3), (1, 4), (2, 3), (2, 1), (2, 4), (3, 1), (3, 4)]\nand itʼs equivalent to:\n>>> combs = []\n>>> for x in [1,2,3]:\n... for y in [3,1,4]:\n... if x != y:', 'Consider the following example of a 3x4 matrix implemented as a list of 3 lists of length 4:\nhttps://docs.python.org/3/tutorial/datastructures.html 4/12\n28/07/2026, 14:10 5. Data Structures — Python 3.14.6 documentation\n>>> matrix = [\n... [1, 2, 3, 4],\n... [5, 6, 7, 8],\n... [9, 10, 11, 12],\n... ]\nThe following list comprehension will transpose rows and columns:\n>>> [[row[i] for row in matrix] for i in range(4)]\n[[1, 5, 9], [2, 6, 10], [3, 7, 11], [4, 8, 12]]\nAs we saw in the previous section, the inner list comprehension is evaluated in the context of the for that\nfollows it, so this example is equivalent to:\n>>> transposed = []\n>>> for i in range(4):', '0]\n[0, 2, 4]\n>>> # apply a function to all the elements\n>>> [abs(x) for x in vec]\n[4, 2, 0, 2, 4]\n>>> # call a method on each element\n>>> freshfruit = [\' banana\', \' loganberry \', \'passion fruit \']\n>>> [weapon.strip() for weapon in freshfruit]\n[\'banana\', \'loganberry\', \'passion fruit\']\n>>> # create a list of 2-tuples like (number, square)\n>>> [(x, x**2) for x in range(6)]\n[(0, 0), (1, 1), (2, 4), (3, 9), (4, 16), (5, 25)]\n>>> # the tuple must be parenthesized, otherwise an error is raised\n>>> [x, x**2 for x in range(6)]\nFile ""<stdin>"", line 1\n[x, x**2 for x in range(6)]\n^^^^^^^\nSyntaxError: did you forget parentheses around the comprehension target?', 'or iter-\nable, or to create a subsequence of those elements that satisfy a certain condition.\nFor example, assume we want to create a list of squares, like:\n>>> squares = []\n>>> for x in range(10):\n... squares.append(x**2)\n...\n>>> squares\n[0, 1, 4, 9, 16, 25, 36, 49, 64, 81]\nNote that this creates (or overwrites) a variable named x that still exists after the loop completes. We can\ncalculate the list of squares without any side effects using:\nsquares = list(map(lambda x: x**2, range(10)))\nor, equivalently:\nsquares = [x**2 for x in range(10)]\nwhich is more concise and readable.\nA list comprehension consists of brackets containing an expression followed by a for clause, then zero or', ""10))\n[5, 6, 7, 8, 9]\n>>> list(range(0, 10, 3))\n[0, 3, 6, 9]\n>>> list(range(-10, -100, -30))\n[-10, -40, -70]\nTo iterate over the indices of a sequence, you can combine range() and len() as follows:\n>>> a = ['Mary', 'had', 'a', 'little', 'lamb']\n>>> for i in range(len(a)):\n... print(i, a[i])\n...\n0 Mary\n1 had\n2 a\n3 little\n4 lamb\nIn most such cases, however, it is convenient to use the enumerate() function, see Looping Techniques.\nA strange thing happens if you just print a range:\n>>> range(10)\nrange(0, 10)\nhttps://docs.python.org/3/tutorial/controlflow.html#match-statements 2/18\n28/07/2026, 14:09 4. More Control Flow Tools — Python 3.14.6 documentation""]","To complete the list comprehension, we need to compute the square of each qualifying element. We can do this by using the expression `x**2` inside the list comprehension.

Here's the completed list comprehension:

```python
vec = [-4, -2, 0, 2, 4]
# TODO: fill in the blank to compute the square of each qualifying element
result = [x**2 for x in vec if x >= 0]
print(result)  # Expected output: [0, 4, 16]
```

In this list comprehension, we're iterating over each element `x` in the list `vec`. If `x` is greater than or equal to 0 (i.e., it's a non-negative number), we're computing its square using the expression `x**2` and adding it to the `result` list. The final output will be `[0, 4, 16]`, which are the squares of the non-negative numbers in the original list `vec`.",x**2,0.6666666666666666,0.7342369025205635,0.5833333333041666,1.0,T3_005,T3
"A small text‑based adventure game stores the names of its heroes and their epithets in two separate lists:

```python
names  = ['gallahad', 'robin', 'lancelot']
titles = ['the pure', 'the brave', 'the valiant']
```

You need to build a dictionary that maps each hero’s name to its epithet, and then display a line for each hero in the form:

```
Sir <name> is known as <title>.
```

Complete the code below by writing the missing statement (replace the ellipsis) that creates the required dictionary using the techniques shown in the Context (e.g., `zip()` and `dict()`), and then let the provided loop print the formatted strings.

```python
names  = ['gallahad', 'robin', 'lancelot']
titles = ['the pure', 'the brave', 'the valiant']

# --- your code here ---
knights = ...

for k, v in knights.items():
    print(f""Sir {k} is known as {v}."")
```","[""looping through dictionaries, the key and corresponding value can be retrieved at the same time us-\ning the items() method.\n>>> knights = {'gallahad': 'the pure', 'robin': 'the brave'}\n>>> for k, v in knights.items():\n... print(k, v)\n...\ngallahad the pure\nrobin the brave\nWhen looping through a sequence, the position index and corresponding value can be retrieved at the\nsame time using the enumerate() function.\n>>> for i, v in enumerate(['tic', 'tac', 'toe']):\n... print(i, v)\n...\n0 tic\n1 tac\n2 toe\nTo loop over two or more sequences at the same time, the entries can be paired with the zip() function.\n>>> questions = ['name', 'quest', 'favorite color']"", '"""""")\nUsage: thingy [OPTIONS]\n-h Display this usage message\n-H hostname Hostname to connect to\n>>>\nStrings can be concatenated (glued together) with the + operator, and repeated with *:\n>>> # 3 times \'un\', followed by \'ium\'\n>>> 3 * \'un\' + \'ium\'\n\'unununium\'\nTwo or more string literals (i.e. the ones enclosed between quotes) next to each other are automatically\nconcatenated.\n>>> \'Py\' \'thon\'\n\'Python\'\nThis feature is particularly useful when you want to break long strings:\n>>> text = (\'Put several strings within parentheses \'\n... \'to have them joined together.\')\n>>> text\n\'Put several strings within parentheses to have them joined together.\'', 'Strings support a large number of methods for basic transformations and searching.\nf-strings\nString literals that have embedded expressions.\nFormat string syntax\nInformation about string formatting with str.format().\nprintf-style String Formatting\nThe old formatting operations invoked when strings are the left operand of the % operator are de-\nscribed in more detail here.\nhttps://docs.python.org/3/tutorial/introduction.html 6/9\n28/07/2026, 14:07 3. An Informal Introduction to Python — Python 3.14.6 documentation\n3.1.3. Lists\nPython knows a number of compound data types, used to group together other values. The most versatile', 'state the objectʼs name or type, since these are available by other means (except if the name\nhappens to be a verb describing a functionʼs operation). This line should begin with a capital letter and\nend with a period.\nIf there are more lines in the documentation string, the second line should be blank, visually separating the\nsummary from the rest of the description. The following lines should be one or more paragraphs describ-\ning the objectʼs calling conventions, its side effects, etc.\nThe Python parser strips indentation from multi-line string literals when they serve as module, class, or\nfunction docstrings.\nHere is an example of a multi-line docstring:\n>>> def my_function():', "">>> valedictorian = max((student.gpa, student.name) for student in graduates)\n>>> data = 'golf'\n>>> list(data[i] for i in range(len(data)-1, -1, -1))\n['f', 'l', 'o', 'g']\nFootnotes\n[1] Except for one thing. Module objects have a secret read-only attribute called __dict__ which returns\nthe dictionary used to implement the moduleʼs namespace; the name __dict__ is an attribute but not\na global name. Obviously, using this violates the abstraction of namespace implementation, and\nshould be restricted to things like post-mortem debuggers.\nhttps://docs.python.org/3/tutorial/classes.html 14/14"", 'the requested elements. This means that the following slice\nreturns a shallow copy of the list:\nhttps://docs.python.org/3/tutorial/introduction.html 7/9\n28/07/2026, 14:07 3. An Informal Introduction to Python — Python 3.14.6 documentation\n>>> correct_rgba = rgba[:]\n>>> correct_rgba[-1] = ""Alpha""\n>>> correct_rgba\n[""Red"", ""Green"", ""Blue"", ""Alpha""]\n>>> rgba\n[""Red"", ""Green"", ""Blue"", ""Alph""]\nAssignment to slices is also possible, and this can even change the size of the list or clear it entirely:\n>>> letters = [\'a\', \'b\', \'c\', \'d\', \'e\', \'f\', \'g\']\n>>> letters\n[\'a\', \'b\', \'c\', \'d\', \'e\', \'f\', \'g\']\n>>> # replace some values\n>>> letters[2:5] = [\'C\', \'D\', \'E\']\n>>> letters', ""both a and b\n{'a', 'c'}\n>>> a ^ b # letters in a or b but not both\n{'r', 'd', 'b', 'm', 'z', 'l'}\nhttps://docs.python.org/3/tutorial/datastructures.html 7/12\n28/07/2026, 14:10 5. Data Structures — Python 3.14.6 documentation\nSimilarly to list comprehensions, set comprehensions are also supported:\n>>> a = {x for x in 'abracadabra' if x not in 'abc'}\n>>> a\n{'r', 'd'}\n5.5. Dictionaries\nAnother useful data type built into Python is the dictionary (see Mapping Types — dict). Dictionaries are\nsometimes found in other languages as “associative memories” or “associative arrays”. Unlike sequences,\nwhich are indexed by a range of numbers, dictionaries are indexed by keys, which can be any immutable""]","To create the required dictionary, we can use the `zip()` function to pair each element from the `names` list with the corresponding element from the `titles` list, and then pass these pairs to the `dict()` function. Here's the missing statement:

```python
knights = dict(zip(names, titles))
```

This statement creates a dictionary where each key is a hero's name and each value is their epithet.

Now, let's put the entire code together:

```python
names  = ['gallahad', 'robin', 'lancelot']
titles = ['the pure', 'the brave', 'the valiant']

knights = dict(zip(names, titles))

for k, v in knights.items():
    print(f""Sir {k} is known as {v}."")
```

When you run this code, it will print the following lines:

```
Sir gallahad is known as the pure.
Sir robin is known as the brave.
Sir lancelot is known as the valiant.
```

This code uses the `zip()` function to pair the elements from the `names` and `titles` lists, and then passes these pairs to the `dict()` function to create the `knights` dictionary. The `for` loop then iterates over the items in the `knights` dictionary, using the `items()` method to retrieve the key-value pairs, and prints a formatted string for each hero.","The missing line should create a dictionary by zipping the two lists and passing the result to `dict()`: 
```python
knights = dict(zip(names, titles))
```
`zip(names, titles)` pairs each name with its corresponding title, producing an iterator of tuples like `('gallahad', 'the pure')`. Wrapping that iterator with `dict()` builds the desired mapping. The subsequent `for k, v in knights.items():` loop then prints:
```
Sir gallahad is known as the pure.
Sir robin is known as the brave.
Sir lancelot is known as the valiant.
```",0.3333333333333333,0.7501141342969831,0.9999999999,0.625,T3_006,T3
"You are writing a small data‑processing script. Three values are read from a source:

```python
id_val = 42
score_val = 9.5
label_val = 'test'
```

Your task is to **apply** the tuple concepts from the context:
1. Pack these three values into a single tuple `t`.
2. Immediately unpack `t` back into three separate variables named `id_`, `score_`, and `label_`.
3. Print the length of `t`.

Write the missing lines of code (replace the comments) that accomplish these steps, using the tuple‑packing and tuple‑unpacking syntax described in the context.

```python
# 1. Pack the values
# TODO: create tuple t here

# 2. Unpack the tuple
# TODO: unpack t into id_, score_, label_

# 3. Show the tuple size
print(len(t))
```","[""these. Empty tuples are constructed by an empty pair of parentheses; a tuple with one item\nis constructed by following a value with a comma (it is not sufficient to enclose a single value in parenthe-\nses). Ugly, but effective. For example:\nhttps://docs.python.org/3/tutorial/datastructures.html 6/12\n28/07/2026, 14:10 5. Data Structures — Python 3.14.6 documentation\n>>> empty = ()\n>>> singleton = 'hello', # <-- note trailing comma\n>>> len(empty)\n0\n>>> len(singleton)\n1\n>>> singleton\n('hello',)\nThe statement t = 12345, 54321, 'hello!' is an example of tuple packing: the values 12345, 54321\nand 'hello!' are packed together in a tuple. The reverse operation is also possible:\n>>> x, y, z = t"", 'write and much more clear than an approach using instance variables like\nself.index and self.data.\nhttps://docs.python.org/3/tutorial/classes.html 13/14\n28/07/2026, 14:10 9. Classes — Python 3.14.6 documentation\nIn addition to automatic method creation and saving program state, when generators terminate, they auto-\nmatically raise StopIteration. In combination, these features make it easy to create iterators with no\nmore effort than writing a regular function.\n9.10. Generator Expressions\nSome simple generators can be coded succinctly as expressions using a syntax similar to list comprehen-\nsions but with parentheses instead of square brackets. These expressions are designed for situations', '1234.5]\n>>> del a[0]\n>>> a\n[1, 66.25, 333, 333, 1234.5]\n>>> del a[2:4]\n>>> a\n[1, 66.25, 1234.5]\nhttps://docs.python.org/3/tutorial/datastructures.html 5/12\n28/07/2026, 14:10 5. Data Structures — Python 3.14.6 documentation\n>>> del a[:]\n>>> a\n[]\ndel can also be used to delete entire variables:\n>>> del a\nReferencing the name a hereafter is an error (at least until another value is assigned to it). Weʼll find other\nuses for del later.\n5.3. Tuples and Sequences\nWe saw that lists and strings have many common properties, such as indexing and slicing operations.\nThey are two examples of sequence data types (see Sequence Types — list, tuple, range). Since Python is', 'comprehension consists of brackets containing an expression followed by a for clause, then zero or\nmore for or if clauses. The result will be a new list resulting from evaluating the expression in the con-\ntext of the for and if clauses which follow it. For example, this listcomp combines the elements of two\nlists if they are not equal:\nhttps://docs.python.org/3/tutorial/datastructures.html 3/12\n28/07/2026, 14:10 5. Data Structures — Python 3.14.6 documentation\n>>> [(x, y) for x in [1,2,3] for y in [3,1,4] if x != y]\n[(1, 3), (1, 4), (2, 3), (2, 1), (2, 4), (3, 1), (3, 4)]\nand itʼs equivalent to:\n>>> combs = []\n>>> for x in [1,2,3]:\n... for y in [3,1,4]:\n... if x != y:', ""'hello!' are packed together in a tuple. The reverse operation is also possible:\n>>> x, y, z = t\nThis is called, appropriately enough, sequence unpacking and works for any sequence on the right-hand\nside. Sequence unpacking requires that there are as many variables on the left side of the equals sign as\nthere are elements in the sequence. Note that multiple assignment is really just a combination of tuple\npacking and sequence unpacking.\n5.4. Sets\nPython also includes a data type for sets. A set is an unordered collection with no duplicate elements.\nBasic uses include membership testing and eliminating duplicate entries. Set objects also support mathe-"", "">>> valedictorian = max((student.gpa, student.name) for student in graduates)\n>>> data = 'golf'\n>>> list(data[i] for i in range(len(data)-1, -1, -1))\n['f', 'l', 'o', 'g']\nFootnotes\n[1] Except for one thing. Module objects have a secret read-only attribute called __dict__ which returns\nthe dictionary used to implement the moduleʼs namespace; the name __dict__ is an attribute but not\na global name. Obviously, using this violates the abstraction of namespace implementation, and\nshould be restricted to things like post-mortem debuggers.\nhttps://docs.python.org/3/tutorial/classes.html 14/14"", 'of arguments. These arguments will be wrapped up in a tuple (see Tuples and Sequences). Before the\nhttps://docs.python.org/3/tutorial/controlflow.html#match-statements 14/18\n28/07/2026, 14:09 4. More Control Flow Tools — Python 3.14.6 documentation\nvariable number of arguments, zero or more normal arguments may occur.\ndef write_multiple_items(file, separator, *args):\nfile.write(separator.join(args))\nNormally, these variadic arguments will be last in the list of formal parameters, because they scoop up all\nremaining input arguments that are passed to the function. Any formal parameters which occur after the']","To accomplish the task, we can use the tuple packing and unpacking syntax described in the context. Here's the code that meets the requirements:

```python
# 1. Pack the values
t = (id_val, score_val, label_val)  # Create tuple t by packing the values

# 2. Unpack the tuple
id_, score_, label_ = t  # Unpack t into id_, score_, label_

# 3. Show the tuple size
print(len(t))  # Print the length of t
```

In this code, we first create a tuple `t` by packing the values `id_val`, `score_val`, and `label_val` using the tuple packing syntax `(id_val, score_val, label_val)`. Then, we unpack the tuple `t` into three separate variables `id_`, `score_`, and `label_` using the tuple unpacking syntax `id_, score_, label_ = t`. Finally, we print the length of the tuple `t` using the `len()` function.","```python
# 1. Pack the values
t = id_val, score_val, label_val   # tuple packing

# 2. Unpack the tuple
id_, score_, label_ = t            # sequence unpacking

# 3. Show the tuple size
print(len(t))   # prints 3
```The tuple is created by listing the values separated by commas (no surrounding brackets are needed). Unpacking uses the same number of target variables on the left‑hand side, matching the three elements in `t`. The length of the tuple is 3, as confirmed by `len(t)`.",0.14285714285714285,0.5643248112588125,0.699999999965,1.0,T3_007,T3
"The following Python code is intended to transpose a 3×4 matrix using a nested list comprehension, as described in the context. However, when executed it raises an exception. Identify the exact line and operator that cause the failure, explain why the code behaves incorrectly, and provide the corrected version of that line.

```python
matrix = [
    [1, 2, 3, 4],
    [5, 6, 7, 8],
    [9, 10, 11, 12],
]

# broken transposition
transposed = [[row[i] for row in matrix] for i in range(5)]
print(transposed)
```","['Consider the following example of a 3x4 matrix implemented as a list of 3 lists of length 4:\nhttps://docs.python.org/3/tutorial/datastructures.html 4/12\n28/07/2026, 14:10 5. Data Structures — Python 3.14.6 documentation\n>>> matrix = [\n... [1, 2, 3, 4],\n... [5, 6, 7, 8],\n... [9, 10, 11, 12],\n... ]\nThe following list comprehension will transpose rows and columns:\n>>> [[row[i] for row in matrix] for i in range(4)]\n[[1, 5, 9], [2, 6, 10], [3, 7, 11], [4, 8, 12]]\nAs we saw in the previous section, the inner list comprehension is evaluated in the context of the for that\nfollows it, so this example is equivalent to:\n>>> transposed = []\n>>> for i in range(4):', ""for x in range(6)]\n^^^^^^^\nSyntaxError: did you forget parentheses around the comprehension target?\n>>> # flatten a list using a listcomp with two 'for'\n>>> vec = [[1,2,3], [4,5,6], [7,8,9]]\n>>> [num for elem in vec for num in elem]\n[1, 2, 3, 4, 5, 6, 7, 8, 9]\nList comprehensions can contain complex expressions and nested functions:\n>>> from math import pi\n>>> [str(round(pi, i)) for i in range(1, 6)]\n['3.1', '3.14', '3.142', '3.1416', '3.14159']\n5.1.4. Nested List Comprehensions\nThe initial expression in a list comprehension can be any arbitrary expression, including another list\ncomprehension.\nConsider the following example of a 3x4 matrix implemented as a list of 3 lists of length 4:"", 'for that\nfollows it, so this example is equivalent to:\n>>> transposed = []\n>>> for i in range(4):\n... transposed.append([row[i] for row in matrix])\n...\n>>> transposed\n[[1, 5, 9], [2, 6, 10], [3, 7, 11], [4, 8, 12]]\nwhich, in turn, is the same as:\n>>> transposed = []\n>>> for i in range(4):\n... # the following 3 lines implement the nested listcomp\n... transposed_row = []\n... for row in matrix:\n... transposed_row.append(row[i])\n... transposed.append(transposed_row)\n...\n>>> transposed\n[[1, 5, 9], [2, 6, 10], [3, 7, 11], [4, 8, 12]]\nIn the real world, you should prefer built-in functions to complex flow statements. The zip() function\nwould do a great job for this use case:\n>>> list(zip(*matrix))', 'comprehension consists of brackets containing an expression followed by a for clause, then zero or\nmore for or if clauses. The result will be a new list resulting from evaluating the expression in the con-\ntext of the for and if clauses which follow it. For example, this listcomp combines the elements of two\nlists if they are not equal:\nhttps://docs.python.org/3/tutorial/datastructures.html 3/12\n28/07/2026, 14:10 5. Data Structures — Python 3.14.6 documentation\n>>> [(x, y) for x in [1,2,3] for y in [3,1,4] if x != y]\n[(1, 3), (1, 4), (2, 3), (2, 1), (2, 4), (3, 1), (3, 4)]\nand itʼs equivalent to:\n>>> combs = []\n>>> for x in [1,2,3]:\n... for y in [3,1,4]:\n... if x != y:', 'or iter-\nable, or to create a subsequence of those elements that satisfy a certain condition.\nFor example, assume we want to create a list of squares, like:\n>>> squares = []\n>>> for x in range(10):\n... squares.append(x**2)\n...\n>>> squares\n[0, 1, 4, 9, 16, 25, 36, 49, 64, 81]\nNote that this creates (or overwrites) a variable named x that still exists after the loop completes. We can\ncalculate the list of squares without any side effects using:\nsquares = list(map(lambda x: x**2, range(10)))\nor, equivalently:\nsquares = [x**2 for x in range(10)]\nwhich is more concise and readable.\nA list comprehension consists of brackets containing an expression followed by a for clause, then zero or', 'Traceback (most recent call last):\nFile ""<stdin>"", line 2, in <module>\nraise TypeError(\'bad type\')\nTypeError: bad type\nAdd some information\nAdd some more information\n>>>\nFor example, when collecting exceptions into an exception group, we may want to add context information\nfor the individual errors. In the following each exception in the group has a note indicating when this error\nhas occurred.\n>>> def f():\n... raise OSError(\'operation failed\')\n...\n>>> excs = []\n>>> for i in range(3):\n... try:\n... f()\nhttps://docs.python.org/3/tutorial/errors.html 10/11\n28/07/2026, 14:10 8. Errors and Exceptions — Python 3.14.6 documentation\n... except Exception as e:', '2/18\n28/07/2026, 14:09 4. More Control Flow Tools — Python 3.14.6 documentation\nIn many ways the object returned by range() behaves as if it is a list, but in fact it isnʼt. It is an object\nwhich returns the successive items of the desired sequence when you iterate over it, but it doesnʼt really\nmake the list, thus saving space.\nWe say such an object is iterable, that is, suitable as a target for functions and constructs that expect\nsomething from which they can obtain successive items until the supply is exhausted. We have seen that\nthe for statement is such a construct, while an example of a function that takes an iterable is sum():\n>>> sum(range(4)) # 0 + 1 + 2 + 3\n6']","The exact line that causes the failure is:

```python
transposed = [[row[i] for row in matrix] for i in range(5)]
```

The operator that causes the failure is `range(5)`. 

The code behaves incorrectly because the range function generates numbers from 0 to 4, but the matrix has only 3 rows. When the code tries to access the 4th row (at index 4) in the matrix, it raises an `IndexError` because the matrix only has 3 rows.

The corrected version of that line is:

```python
transposed = [[row[i] for row in matrix] for i in range(4)]
```

This corrected line will generate the correct transposed matrix without raising an exception.","The bug is in the outer comprehension’s range: `for i in range(5)`. The original matrix has only 4 columns (indices 0‑3). When `i` becomes 4, `row[i]` tries to access a non‑existent element, raising `IndexError: list index out of range`. The correct line should limit `i` to the number of columns, i.e., `for i in range(4)`. The fixed code is:
```python
transposed = [[row[i] for row in matrix] for i in range(4)]
```",0.5,0.4967660387697009,0.6984126983894179,1.0,T3_008,T3
"The matrix below is defined as a list of three equal‑length rows:
```python
matrix = [
    [1, 2, 3, 4],
    [5, 6, 7, 8],
    [9, 10, 11, 12]
]
```
Two different pieces of code are presented for transposing this matrix:

**Version A – nested list comprehension**
```python
transposed_a = [[row[i] for row in matrix] for i in range(4)]
```

**Version B – using the built‑in zip function**
```python
transposed_b = list(zip(*matrix))
```

Analyze and compare these two implementations. In your answer, discuss at least four aspects such as (1) the type and shape of the resulting data structure, (2) readability and Pythonic style, (3) computational work performed (order of growth), and (4) how each version behaves if the rows of *matrix* are not all the same length. Use only the information provided in the context.","['for that\nfollows it, so this example is equivalent to:\n>>> transposed = []\n>>> for i in range(4):\n... transposed.append([row[i] for row in matrix])\n...\n>>> transposed\n[[1, 5, 9], [2, 6, 10], [3, 7, 11], [4, 8, 12]]\nwhich, in turn, is the same as:\n>>> transposed = []\n>>> for i in range(4):\n... # the following 3 lines implement the nested listcomp\n... transposed_row = []\n... for row in matrix:\n... transposed_row.append(row[i])\n... transposed.append(transposed_row)\n...\n>>> transposed\n[[1, 5, 9], [2, 6, 10], [3, 7, 11], [4, 8, 12]]\nIn the real world, you should prefer built-in functions to complex flow statements. The zip() function\nwould do a great job for this use case:\n>>> list(zip(*matrix))', 'Consider the following example of a 3x4 matrix implemented as a list of 3 lists of length 4:\nhttps://docs.python.org/3/tutorial/datastructures.html 4/12\n28/07/2026, 14:10 5. Data Structures — Python 3.14.6 documentation\n>>> matrix = [\n... [1, 2, 3, 4],\n... [5, 6, 7, 8],\n... [9, 10, 11, 12],\n... ]\nThe following list comprehension will transpose rows and columns:\n>>> [[row[i] for row in matrix] for i in range(4)]\n[[1, 5, 9], [2, 6, 10], [3, 7, 11], [4, 8, 12]]\nAs we saw in the previous section, the inner list comprehension is evaluated in the context of the for that\nfollows it, so this example is equivalent to:\n>>> transposed = []\n>>> for i in range(4):', ""for x in range(6)]\n^^^^^^^\nSyntaxError: did you forget parentheses around the comprehension target?\n>>> # flatten a list using a listcomp with two 'for'\n>>> vec = [[1,2,3], [4,5,6], [7,8,9]]\n>>> [num for elem in vec for num in elem]\n[1, 2, 3, 4, 5, 6, 7, 8, 9]\nList comprehensions can contain complex expressions and nested functions:\n>>> from math import pi\n>>> [str(round(pi, i)) for i in range(1, 6)]\n['3.1', '3.14', '3.142', '3.1416', '3.14159']\n5.1.4. Nested List Comprehensions\nThe initial expression in a list comprehension can be any arbitrary expression, including another list\ncomprehension.\nConsider the following example of a 3x4 matrix implemented as a list of 3 lists of length 4:"", 'comprehension consists of brackets containing an expression followed by a for clause, then zero or\nmore for or if clauses. The result will be a new list resulting from evaluating the expression in the con-\ntext of the for and if clauses which follow it. For example, this listcomp combines the elements of two\nlists if they are not equal:\nhttps://docs.python.org/3/tutorial/datastructures.html 3/12\n28/07/2026, 14:10 5. Data Structures — Python 3.14.6 documentation\n>>> [(x, y) for x in [1,2,3] for y in [3,1,4] if x != y]\n[(1, 3), (1, 4), (2, 3), (2, 1), (2, 4), (3, 1), (3, 4)]\nand itʼs equivalent to:\n>>> combs = []\n>>> for x in [1,2,3]:\n... for y in [3,1,4]:\n... if x != y:', ""of the same type:\n(1, 2, 3) < (1, 2, 4)\n[1, 2, 3] < [1, 2, 4]\n'ABC' < 'C' < 'Pascal' < 'Python'\n(1, 2, 3, 4) < (1, 2, 4)\n(1, 2) < (1, 2, -1)\n(1, 2, 3) == (1.0, 2.0, 3.0)\n(1, 2, ('aa', 'ab')) < (1, 2, ('abc', 'a'), 4)\nNote that comparing objects of different types with < or > is legal provided that the objects have appro-\npriate comparison methods. For example, mixed numeric types are compared according to their numeric\nvalue, so 0 equals 0.0, etc. Otherwise, rather than providing an arbitrary ordering, the interpreter will raise\na TypeError exception.\nFootnotes\nhttps://docs.python.org/3/tutorial/datastructures.html 11/12\n28/07/2026, 14:10 5. Data Structures — Python 3.14.6 documentation"", ""both a and b\n{'a', 'c'}\n>>> a ^ b # letters in a or b but not both\n{'r', 'd', 'b', 'm', 'z', 'l'}\nhttps://docs.python.org/3/tutorial/datastructures.html 7/12\n28/07/2026, 14:10 5. Data Structures — Python 3.14.6 documentation\nSimilarly to list comprehensions, set comprehensions are also supported:\n>>> a = {x for x in 'abracadabra' if x not in 'abc'}\n>>> a\n{'r', 'd'}\n5.5. Dictionaries\nAnother useful data type built into Python is the dictionary (see Mapping Types — dict). Dictionaries are\nsometimes found in other languages as “associative memories” or “associative arrays”. Unlike sequences,\nwhich are indexed by a range of numbers, dictionaries are indexed by keys, which can be any immutable"", 'to Python — Python 3.14.6 documentation\n3\n5\n8\nThis example introduces several new features.\nThe first line contains a multiple assignment: the variables a and b simultaneously get the new values 0\nand 1. On the last line this is used again, demonstrating that the expressions on the right-hand side are\nall evaluated first before any of the assignments take place. The right-hand side expressions are evalu-\nated from the left to the right.\nThe while loop executes as long as the condition (here: a < 10) remains true. In Python, like in C, any\nnon-zero integer value is true; zero is false. The condition may also be a string or list value, in fact any']","Let's analyze and compare the two implementations of transposing the matrix.

**1. Type and shape of the resulting data structure:**

Both Version A and Version B produce a transposed matrix, but with different data structures. Version A uses a list of lists, where each inner list represents a column of the original matrix. Version B uses a list of tuples, where each tuple represents a column of the original matrix.

```python
print(type(transposed_a))  # Output: <class 'list'>
print(type(transposed_b))  # Output: <class 'list'>
print(type(transposed_a[0]))  # Output: <class 'list'>
print(type(transposed_b[0]))  # Output: <class 'tuple'>
```

**2. Readability and Pythonic style:**

Version A uses a nested list comprehension, which can be considered less readable than Version B, which uses the built-in `zip` function. The `zip` function is a more Pythonic way to transpose a matrix, as it is a built-in function specifically designed for this purpose.

```python
# Version A
transposed_a = [[row[i] for row in matrix] for i in range(4)]

# Version B
transposed_b = list(zip(*matrix))
```

**3. Computational work performed (order of growth):**

Both Version A and Version B have a time complexity of O(n*m), where n is the number of rows and m is the number of columns in the original matrix. However, Version B is likely to be faster in practice, as it uses a built-in function that is optimized for performance.

**4. Behavior when rows are not all the same length:**

If the rows of the matrix are not all the same length, Version A will raise an `IndexError` when trying to access an index that is out of range. Version B will truncate the resulting list to the length of the shortest row.

```python
matrix = [
    [1, 2, 3],
    [4, 5, 6, 7],
    [8, 9]
]

# Version A
try:
    transposed_a = [[row[i] for row in matrix] for i in range(4)]
except IndexError as e:
    print(e)  # Output: list index out of range

# Version B
transposed_b = list(zip(*matrix))
print(transposed_b)  # Output: [(1, 4, 8), (2, 5, 9), (3, 6), (4, 7)]
```

In conclusion, Version B using the built-in `zip` function is a more Pythonic and efficient way to transpose a matrix, especially when the rows are not all the same length.","Both snippets produce a logical transpose of the original 3×4 matrix, but they differ in several important ways.  
1. **Result type** – Version A builds a list of lists (`[[1,5,9], [2,6,10], …]`), exactly as shown in the context.  Version B returns a list of tuples (`[(1,5,9), (2,6,10), …]`) because `zip` yields tuples, which the context demonstrates.  
2. **Readability/Pythonic style** – The context explicitly recommends preferring built‑in functions to complex flow statements, noting that `zip(*matrix)` “would do a great job for this use case.”  The zip version is a single, concise expression, whereas the nested comprehension requires two nested `for` clauses and is harder to parse at a glance.  
3. **Computational work** – Both approaches iterate over every element of the matrix exactly once: the outer loop runs `range(4)` and the inner list‑comprehension iterates over the three rows, giving O(n·m) work (n columns, m rows).  `zip` internally performs the same double iteration, so the asymptotic time complexity is identical.  
4. **Handling non‑rectangular input** – The list‑comprehension version will raise an `IndexError` as soon as it tries to access `row[i]` for a row that is shorter than the current column index, because the inner expression is evaluated for each row.  The `zip(*matrix)` version silently truncates to the length of the shortest row, returning only as many columns as every row shares, which is the documented behaviour of `zip`.  Thus, with irregular rows, the two methods produce different results or errors.
Overall, while both achieve the same transpose for a well‑formed matrix, Version B is more concise and safer for uniformly sized data, whereas Version A gives a mutable list‑of‑lists structure but requires the rows to be of equal length.",0.42105263157894735,0.6317576487449931,0.99999999995,0.9,T3_009,T3
"Consider the following Python program that works with sets and sequence unpacking:
```python
word1 = ""abracadabra""
word2 = ""alacazam""

# Create sets of unique letters
set1 = set(word1)
set2 = set(word2)

# Perform set operations
diff = set1 - set2          # letters in set1 but not in set2
union = set1 | set2         # all letters appearing in either set
inter = set1 & set2         # letters common to both sets
sym_diff = set1 ^ set2      # letters appearing in exactly one set

# Pack the results into a tuple and immediately unpack them into four variables
(a_diff, a_union, a_inter, a_sym) = (diff, union, inter, sym_diff)

# Print each result as a sorted list so the order is deterministic
print(sorted(a_diff))
print(sorted(a_union))
print(sorted(a_inter))
print(sorted(a_sym))
```
Analyse the program step‑by‑step and determine the exact four lines that are printed when the script is executed. Show the contents of each printed list in the order they appear.","[""'hello!' are packed together in a tuple. The reverse operation is also possible:\n>>> x, y, z = t\nThis is called, appropriately enough, sequence unpacking and works for any sequence on the right-hand\nside. Sequence unpacking requires that there are as many variables on the left side of the equals sign as\nthere are elements in the sequence. Note that multiple assignment is really just a combination of tuple\npacking and sequence unpacking.\n5.4. Sets\nPython also includes a data type for sets. A set is an unordered collection with no duplicate elements.\nBasic uses include membership testing and eliminating duplicate entries. Set objects also support mathe-"", ""both a and b\n{'a', 'c'}\n>>> a ^ b # letters in a or b but not both\n{'r', 'd', 'b', 'm', 'z', 'l'}\nhttps://docs.python.org/3/tutorial/datastructures.html 7/12\n28/07/2026, 14:10 5. Data Structures — Python 3.14.6 documentation\nSimilarly to list comprehensions, set comprehensions are also supported:\n>>> a = {x for x in 'abracadabra' if x not in 'abc'}\n>>> a\n{'r', 'd'}\n5.5. Dictionaries\nAnother useful data type built into Python is the dictionary (see Mapping Types — dict). Dictionaries are\nsometimes found in other languages as “associative memories” or “associative arrays”. Unlike sequences,\nwhich are indexed by a range of numbers, dictionaries are indexed by keys, which can be any immutable"", ""'Trondheim', 'Hammer Dance'\n>>> non_null = string1 or string2 or string3\n>>> non_null\n'Trondheim'\nNote that in Python, unlike C, assignment inside expressions must be done explicitly with the walrus oper-\nator :=. This avoids a common class of problems encountered in C programs: typing = in an expression\nwhen == was intended.\n5.8. Comparing Sequences and Other Types\nSequence objects typically may be compared to other objects with the same sequence type. The compari-\nson uses lexicographical ordering: first the first two items are compared, and if they differ this determines\nthe outcome of the comparison; if they are equal, the next two items are compared, and so on, until either"", ""of the comparison; if they are equal, the next two items are compared, and so on, until either\nsequence is exhausted. If two items to be compared are themselves sequences of the same type, the lexi-\ncographical comparison is carried out recursively. If all items of two sequences compare equal, the se-\nquences are considered equal. If one sequence is an initial sub-sequence of the other, the shorter se-\nquence is the smaller (lesser) one. Lexicographical ordering for strings uses the Unicode code point num-\nber to order individual characters. Some examples of comparisons between sequences of the same type:\n(1, 2, 3) < (1, 2, 4)\n[1, 2, 3] < [1, 2, 4]\n'ABC' < 'C' < 'Pascal' < 'Python'"", 'to Python — Python 3.14.6 documentation\n3\n5\n8\nThis example introduces several new features.\nThe first line contains a multiple assignment: the variables a and b simultaneously get the new values 0\nand 1. On the last line this is used again, demonstrating that the expressions on the right-hand side are\nall evaluated first before any of the assignments take place. The right-hand side expressions are evalu-\nated from the left to the right.\nThe while loop executes as long as the condition (here: a < 10) remains true. In Python, like in C, any\nnon-zero integer value is true; zero is false. The condition may also be a string or list value, in fact any', '{x}"")\ncase Point(x, y):\nprint(f""Not on the diagonal"")\nSeveral other key features of this statement:\nLike unpacking assignments, tuple and list patterns have exactly the same meaning and actually match\narbitrary sequences. An important exception is that they donʼt match iterators or strings.\nSequence patterns support extended unpacking: [x, y, *rest] and (x, y, *rest) work similar to\nunpacking assignments. The name after * may also be _, so (x, y, *_) matches a sequence of at\nleast two items without binding the remaining items.\nMapping patterns: {""bandwidth"": b, ""latency"": l} captures the ""bandwidth"" and ""latency""', ""an arithmetic progression of numbers (like in Pascal), or giving the user the ability to define\nboth the iteration step and halting condition (as C), Pythonʼs for statement iterates over the items of any\nsequence (a list or a string), in the order that they appear in the sequence. For example (no pun intended):\n>>> # Measure some strings:\n>>> words = ['cat', 'window', 'defenestrate']\n>>> for w in words:\n... print(w, len(w))\n...\ncat 3\nwindow 6\ndefenestrate 12\nCode that modifies a collection while iterating over that same collection can be tricky to get right. Instead,\nit is usually more straight-forward to loop over a copy of the collection or to create a new collection:""]","Let's analyze the program step-by-step.

1. The program starts by creating two sets, `set1` and `set2`, from the strings `word1` and `word2` respectively. The sets contain unique letters from each word.

   ```python
word1 = ""abracadabra""
word2 = ""alacazam""

set1 = set(word1)
set2 = set(word2)
```

2. The program then performs set operations:
   - `diff = set1 - set2`: This operation returns a set containing letters that are in `set1` but not in `set2`.
   - `union = set1 | set2`: This operation returns a set containing all letters that appear in either `set1` or `set2`.
   - `inter = set1 & set2`: This operation returns a set containing letters that are common to both `set1` and `set2`.
   - `sym_diff = set1 ^ set2`: This operation returns a set containing letters that appear in exactly one of the sets.

   ```python
diff = set1 - set2
union = set1 | set2
inter = set1 & set2
sym_diff = set1 ^ set2
```

3. The results of these set operations are then packed into a tuple using the `()` operator.

   ```python
(a_diff, a_union, a_inter, a_sym) = (diff, union, inter, sym_diff)
```

4. Finally, the program prints each result as a sorted list using the `sorted()` function.

   ```python
print(sorted(a_diff))
print(sorted(a_union))
print(sorted(a_inter))
print(sorted(a_sym))
```

Now, let's determine the exact four lines that are printed when the script is executed.

First, we need to calculate the set operations:

- `set1 = {'a', 'b', 'r', 'c', 'd', 'a'}` (after removing duplicates)
- `set2 = {'a', 'l', 'c', 'z', 'm', 'a'}` (after removing duplicates)

- `diff = set1 - set2 = {'b', 'r', 'd'}` (letters in `set1` but not in `set2`)
- `union = set1 | set2 = {'a', 'b', 'r', 'c', 'd', 'l', 'z', 'm'}` (all letters appearing in either set)
- `inter = set1 & set2 = {'a', 'c'}` (letters common to both sets)
- `sym_diff = set1 ^ set2 = {'b', 'r', 'd', 'l', 'z', 'm'}` (letters appearing in exactly one set)

Now, let's pack the results into a tuple and unpack them into four variables:

- `a_diff = {'b', 'r', 'd'}`
- `a_union = {'a', 'b', 'r', 'c', 'd', 'l', 'z', 'm'}`
- `a_inter = {'a', 'c'}`
- `a_sym = {'b', 'r', 'd', 'l', 'z', 'm'}`

Finally, let's print each result as a sorted list:

- `print(sorted(a_diff))`: `['b', 'd', 'r']`
- `print(sorted(a_union))`: `['a', 'b', 'c', 'd', 'l', 'm', 'r', 'z']`
- `print(sorted(a_inter))`: `['a', 'c']`
- `print(sorted(a_sym))`: `['b', 'd', 'l', 'm', 'r', 'z']`

So, the exact four lines that are printed when the script is executed are:

```
['b', 'd', 'r']
['a', 'b', 'c', 'd', 'l', 'm', 'r', 'z']
['a', 'c']
['b', 'd', 'l', 'm', 'r', 'z']
```","The program first builds two sets of unique characters:
- `set1` from ""abracadabra"" → {'a', 'b', 'c', 'd', 'r'}
- `set2` from ""alacazam""   → {'a', 'c', 'l', 'm', 'z'}

Applying the set operations gives:
- `diff = set1 - set2` → {'b', 'd', 'r'}
- `union = set1 | set2` → {'a', 'b', 'c', 'd', 'l', 'm', 'r', 'z'}
- `inter = set1 & set2` → {'a', 'c'}
- `sym_diff = set1 ^ set2` → {'b', 'd', 'l', 'm', 'r', 'z'}

These four sets are packed into a tuple and unpacked into the variables `a_diff`, `a_union`, `a_inter`, and `a_sym`. Each variable is then printed after being sorted, producing deterministic list representations:
```
['b', 'd', 'r']
['a', 'b', 'c', 'd', 'l', 'm', 'r', 'z']
['a', 'c']
['b', 'd', 'l', 'm', 'r', 'z']
```",0.0,0.4201038890525842,0.0,0.36363636363636365,T3_010,T3
"A programmer is managing a phone directory with the following Python code:
```python
entries = [('jack', 4098), ('sape', 4139), ('guido', 4127)]

tel = dict(entries)

for name, number in tel.items():
    print(name, number)

# Mutations
tel['irv'] = 4127
del tel['sape']
tel['guido'] = tel.get('guido') + 1

keys_list = list(tel)
sorted_keys = sorted(tel)
```
Analyze the behavior of the dictionary `tel` throughout this script. In your answer, address the following points:
1. What exact lines are printed by the `for` loop, and why does that order appear?
2. After the three mutation statements (`tel['irv'] = 4127`, `del tel['sape']`, `tel['guido'] = tel.get('guido') + 1`), what is the final content of `tel`?
3. Explain the difference between `keys_list` and `sorted_keys`. What does each list reveal about dictionary ordering in Python 3.14?
4. If the dictionary had been created with a comprehension `tel = {name: number for name, number in entries}` instead of `dict(entries)`, would any of your answers to (1)–(3) change? Justify your analysis.","['= 4127\n>>> tel\n{\'jack\': 4098, \'sape\': 4139, \'guido\': 4127}\n>>> tel[\'jack\']\n4098\n>>> tel[\'irv\']\nTraceback (most recent call last):\nFile ""<stdin>"", line 1, in <module>\nKeyError: \'irv\'\n>>> print(tel.get(\'irv\'))\nNone\n>>> del tel[\'sape\']\n>>> tel[\'irv\'] = 4127\n>>> tel\n{\'jack\': 4098, \'guido\': 4127, \'irv\': 4127}\n>>> list(tel)\n[\'jack\', \'guido\', \'irv\']\n>>> sorted(tel)\n[\'guido\', \'irv\', \'jack\']\nhttps://docs.python.org/3/tutorial/datastructures.html 8/12\n28/07/2026, 14:10 5. Data Structures — Python 3.14.6 documentation\n>>> \'guido\' in tel\nTrue\n>>> \'jack\' not in tel\nFalse\nThe dict() constructor builds dictionaries directly from sequences of key-value pairs:', ""a value for a non-existent key by subscripting (d[key]) raises a KeyError. To avoid getting\nthis error when trying to access a possibly non-existent key, use the get() method instead, which returns\nNone (or a specified default value) if the key is not in the dictionary.\nPerforming list(d) on a dictionary returns a list of all the keys used in the dictionary, in insertion order\n(if you want it sorted, just use sorted(d) instead). To check whether a single key is in the dictionary, use\nthe in keyword.\nHere is a small example using a dictionary:\n>>> tel = {'jack': 4098, 'sape': 4139}\n>>> tel['guido'] = 4127\n>>> tel\n{'jack': 4098, 'sape': 4139, 'guido': 4127}\n>>> tel['jack']\n4098\n>>> tel['irv']"", ""in tel\nFalse\nThe dict() constructor builds dictionaries directly from sequences of key-value pairs:\n>>> dict([('sape', 4139), ('guido', 4127), ('jack', 4098)])\n{'sape': 4139, 'guido': 4127, 'jack': 4098}\nIn addition, dict comprehensions can be used to create dictionaries from arbitrary key and value\nexpressions:\n>>> {x: x**2 for x in (2, 4, 6)}\n{2: 4, 4: 16, 6: 36}\nWhen the keys are simple strings, it is sometimes easier to specify pairs using keyword arguments:\n>>> dict(sape=4139, guido=4127, jack=4098)\n{'sape': 4139, 'guido': 4127, 'jack': 4098}\n5.6. Looping Techniques\nWhen looping through dictionaries, the key and corresponding value can be retrieved at the same time us-"", '5/9\n28/07/2026, 14:07 3. An Informal Introduction to Python — Python 3.14.6 documentation\n>>> word[42] # the word only has 6 characters\nTraceback (most recent call last):\nFile ""<stdin>"", line 1, in <module>\nIndexError: string index out of range\nHowever, out of range slice indexes are handled gracefully when used for slicing:\n>>> word[4:42]\n\'on\'\n>>> word[42:]\n\'\'\nPython strings cannot be changed — they are immutable. Therefore, assigning to an indexed position in\nthe string results in an error:\n>>> word[0] = \'J\'\nTraceback (most recent call last):\nFile ""<stdin>"", line 1, in <module>\nTypeError: \'str\' object does not support item assignment\n>>> word[2:] = \'py\'\nTraceback (most recent call last):', ""both a and b\n{'a', 'c'}\n>>> a ^ b # letters in a or b but not both\n{'r', 'd', 'b', 'm', 'z', 'l'}\nhttps://docs.python.org/3/tutorial/datastructures.html 7/12\n28/07/2026, 14:10 5. Data Structures — Python 3.14.6 documentation\nSimilarly to list comprehensions, set comprehensions are also supported:\n>>> a = {x for x in 'abracadabra' if x not in 'abc'}\n>>> a\n{'r', 'd'}\n5.5. Dictionaries\nAnother useful data type built into Python is the dictionary (see Mapping Types — dict). Dictionaries are\nsometimes found in other languages as “associative memories” or “associative arrays”. Unlike sequences,\nwhich are indexed by a range of numbers, dictionaries are indexed by keys, which can be any immutable"", '1234.5]\n>>> del a[0]\n>>> a\n[1, 66.25, 333, 333, 1234.5]\n>>> del a[2:4]\n>>> a\n[1, 66.25, 1234.5]\nhttps://docs.python.org/3/tutorial/datastructures.html 5/12\n28/07/2026, 14:10 5. Data Structures — Python 3.14.6 documentation\n>>> del a[:]\n>>> a\n[]\ndel can also be used to delete entire variables:\n>>> del a\nReferencing the name a hereafter is an error (at least until another value is assigned to it). Weʼll find other\nuses for del later.\n5.3. Tuples and Sequences\nWe saw that lists and strings have many common properties, such as indexing and slicing operations.\nThey are two examples of sequence data types (see Sequence Types — list, tuple, range). Since Python is', ""might have noticed that methods like insert, remove or sort that only modify the list have no re-\nturn value printed – they return the default None. [1] This is a design principle for all mutable data struc-\ntures in Python.\nAnother thing you might notice is that not all data can be sorted or compared. For instance, [None,\n'hello', 10] doesnʼt sort because integers canʼt be compared to strings and None canʼt be compared\nto other types. Also, there are some types that donʼt have a defined ordering relation. For example, 3+4j\n< 5+7j isnʼt a valid comparison.\n5.1.1. Using Lists as Stacks\nThe list methods make it very easy to use a list as a stack, where the last element added is the first ele-""]","Let's analyze the behavior of the dictionary `tel` throughout this script.

1. **Lines printed by the `for` loop:**

   The `for` loop iterates over the items in the dictionary `tel`, which are key-value pairs. The order of the items is determined by the order in which they were inserted into the dictionary. In this case, the dictionary was created from a list of tuples `entries` using `dict(entries)`. The order of the tuples in `entries` is `('jack', 4098)`, `('sape', 4139)`, `('guido', 4127)`, so the order of the items in `tel` is `('jack', 4098)`, `('sape', 4139)`, `('guido', 4127)`.

   Therefore, the exact lines printed by the `for` loop are:

   ```
jack 4098
sape 4139
guido 4127
```

   This order appears because dictionaries in Python 3.14 maintain the insertion order of their items.

2. **Final content of `tel` after mutations:**

   After the three mutation statements, the final content of `tel` is:

   ```python
tel = {'jack': 4098, 'guido': 4128, 'irv': 4127}
```

   Here's what happened:

   - `tel['irv'] = 4127` added a new key-value pair `('irv', 4127)` to the dictionary.
   - `del tel['sape']` removed the key-value pair `('sape', 4139)` from the dictionary.
   - `tel['guido'] = tel.get('guido') + 1` incremented the value associated with the key `'guido'` from `4127` to `4128`.

3. **Difference between `keys_list` and `sorted_keys`:**

   `keys_list` is a list of all the keys in the dictionary `tel`, in the order they were inserted. `sorted_keys` is a sorted list of all the keys in the dictionary `tel`.

   The difference between the two lists is that `keys_list` preserves the insertion order of the keys, while `sorted_keys` sorts the keys in ascending order.

   In this case, since the dictionary was created from a list of tuples in a specific order, `keys_list` will be `['jack', 'guido', 'irv']`, while `sorted_keys` will be `['guido', 'irv', 'jack']`.

   This reveals that dictionary ordering in Python 3.14 is insertion order, but you can also sort the keys if needed.

4. **Effect of using a dictionary comprehension:**

   If the dictionary had been created with a comprehension `tel = {name: number for name, number in entries}` instead of `dict(entries)`, the answers to (1)–(3) would not change.

   The reason is that dictionary comprehensions also maintain the insertion order of their items, just like the `dict()` constructor. Therefore, the order of the items in `tel` would still be determined by the order of the tuples in `entries`.

   The final content of `tel` after mutations would still be the same, and the difference between `keys_list` and `sorted_keys` would still be the same.

   The only difference would be in the way the dictionary is created, but the behavior of the dictionary would remain the same.","1. The `for` loop iterates over `tel.items()` in the order the keys were inserted when the dictionary was created. `dict(entries)` inserts the pairs in the order they appear in the list, so the loop prints:
```
jack 4098
sape 4139
guido 4127
```
2. The mutations occur sequentially:
   - `tel['irv'] = 4127` adds a new key at the end.
   - `del tel['sape']` removes the key `'sape'`.
   - `tel['guido'] = tel.get('guido') + 1` fetches the current value 4127, adds 1, and re‑assigns it; the key remains in its original position.
   After these steps the dictionary is:
   ```python
   {'jack': 4098, 'guido': 4128, 'irv': 4127}
   ```
3. `keys_list = list(tel)` captures the keys in their insertion order, which after the mutations is `['jack', 'guido', 'irv']`. `sorted_keys = sorted(tel)` returns a new list of the same keys sorted alphabetically: `['guido', 'irv', 'jack']`. The first list reflects the dictionary’s preservation of insertion order (a guarantee in Python 3.14), while the second shows an explicit lexical ordering applied by `sorted()`.
4. Creating the dictionary with a comprehension `{name: number for name, number in entries}` inserts the key‑value pairs in the order the comprehension iterates over `entries`, which is the same left‑to‑right order as `dict(entries)`. Therefore the printed order in (1), the final content in (2), and the relationship between `keys_list` and `sorted_keys` in (3) would remain unchanged. The comprehension does not alter insertion order or value handling in this scenario.",0.5,0.6931548011450046,0.99999999995,0.9,T3_011,T3
"The code below attempts to remove every entry whose phone number is 4127 from the dictionary `tel`:

```python
tel = {'jack': 4098, 'guido': 4127, 'irv': 4127}
for name, number in tel.items():
    if number == 4127:
        del tel[name]
print(tel)
```

Evaluate this approach. Explain why it is considered poor practice according to Python’s dictionary handling rules, and rewrite the snippet using the best‑practice technique for filtering a dictionary without causing runtime errors.","[""a value for a non-existent key by subscripting (d[key]) raises a KeyError. To avoid getting\nthis error when trying to access a possibly non-existent key, use the get() method instead, which returns\nNone (or a specified default value) if the key is not in the dictionary.\nPerforming list(d) on a dictionary returns a list of all the keys used in the dictionary, in insertion order\n(if you want it sorted, just use sorted(d) instead). To check whether a single key is in the dictionary, use\nthe in keyword.\nHere is a small example using a dictionary:\n>>> tel = {'jack': 4098, 'sape': 4139}\n>>> tel['guido'] = 4127\n>>> tel\n{'jack': 4098, 'sape': 4139, 'guido': 4127}\n>>> tel['jack']\n4098\n>>> tel['irv']"", '= 4127\n>>> tel\n{\'jack\': 4098, \'sape\': 4139, \'guido\': 4127}\n>>> tel[\'jack\']\n4098\n>>> tel[\'irv\']\nTraceback (most recent call last):\nFile ""<stdin>"", line 1, in <module>\nKeyError: \'irv\'\n>>> print(tel.get(\'irv\'))\nNone\n>>> del tel[\'sape\']\n>>> tel[\'irv\'] = 4127\n>>> tel\n{\'jack\': 4098, \'guido\': 4127, \'irv\': 4127}\n>>> list(tel)\n[\'jack\', \'guido\', \'irv\']\n>>> sorted(tel)\n[\'guido\', \'irv\', \'jack\']\nhttps://docs.python.org/3/tutorial/datastructures.html 8/12\n28/07/2026, 14:10 5. Data Structures — Python 3.14.6 documentation\n>>> \'guido\' in tel\nTrue\n>>> \'jack\' not in tel\nFalse\nThe dict() constructor builds dictionaries directly from sequences of key-value pairs:', ""in tel\nFalse\nThe dict() constructor builds dictionaries directly from sequences of key-value pairs:\n>>> dict([('sape', 4139), ('guido', 4127), ('jack', 4098)])\n{'sape': 4139, 'guido': 4127, 'jack': 4098}\nIn addition, dict comprehensions can be used to create dictionaries from arbitrary key and value\nexpressions:\n>>> {x: x**2 for x in (2, 4, 6)}\n{2: 4, 4: 16, 6: 36}\nWhen the keys are simple strings, it is sometimes easier to specify pairs using keyword arguments:\n>>> dict(sape=4139, guido=4127, jack=4098)\n{'sape': 4139, 'guido': 4127, 'jack': 4098}\n5.6. Looping Techniques\nWhen looping through dictionaries, the key and corresponding value can be retrieved at the same time us-"", 'one dictionary). A pair of braces creates an empty dictionary: {}. Placing a comma-separated list\nof key:value pairs within the braces adds initial key:value pairs to the dictionary; this is also the way dictio-\nnaries are written on output.\nThe main operations on a dictionary are storing a value with some key and extracting the value given the\nkey. It is also possible to delete a key:value pair with del. If you store using a key that is already in use, the\nold value associated with that key is forgotten.\nExtracting a value for a non-existent key by subscripting (d[key]) raises a KeyError. To avoid getting', ""uses include membership testing and eliminating duplicate entries. Set objects also support mathe-\nmatical operations like union, intersection, difference, and symmetric difference.\nCurly braces or the set() function can be used to create sets. Note: to create an empty set you have to\nuse set(), not {}; the latter creates an empty dictionary, a data structure that we discuss in the next\nsection.\nBecause sets are unordered, iterating over them or printing them can produce the elements in a different\norder than you expect.\nHere is a brief demonstration:\n>>> basket = {'apple', 'orange', 'apple', 'pear', 'orange', 'banana'}\n>>> print(basket) # show that duplicates have been removed"", 'with the del statement. For example, del modname.the_answer will remove the attribute the_answer\nfrom the object named by modname.\nNamespaces are created at different moments and have different lifetimes. The namespace containing the\nbuilt-in names is created when the Python interpreter starts up, and is never deleted. The global name-\nspace for a module is created when the module definition is read in; normally, module namespaces also\nlast until the interpreter quits. The statements executed by the top-level invocation of the interpreter, ei-\nther read from a script file or interactively, are considered part of a module called __main__, so they have', 'an item at a given position. The first argument is the index of the element before which to in-\nsert, so a.insert(0, x) inserts at the front of the list, and a.insert(len(a), x) is equivalent to\na.append(x).\nlist.remove(value, /)\nRemove the first item from the list whose value is equal to value. It raises a ValueError if there is no\nsuch item.\nlist.pop(index=-1, /)\nRemove the item at the given position in the list, and return it. If no index is specified, a.pop() re-\nmoves and returns the last item in the list. It raises an IndexError if the list is empty or the index is\noutside the list range.\nlist.clear()\nRemove all items from the list. Similar to del a[:].']","The code snippet you provided attempts to remove every entry whose phone number is 4127 from the dictionary `tel`. However, this approach is considered poor practice according to Python's dictionary handling rules.

The issue lies in the fact that the dictionary is being modified while it's being iterated over. When you delete an item from the dictionary, the iteration over the dictionary is not automatically updated. This can lead to unexpected behavior and runtime errors.

In this case, when you delete an item from the dictionary, the iteration will continue with the next item, but the dictionary will have already been modified, so the next item might not be what you expect. This can cause the iteration to skip some items or visit some items multiple times.

To rewrite the snippet using the best-practice technique for filtering a dictionary without causing runtime errors, you can use a list comprehension to create a new dictionary that excludes the items with phone number 4127:

```python
tel = {'jack': 4098, 'guido': 4127, 'irv': 4127}
tel = {name: number for name, number in tel.items() if number != 4127}
print(tel)
```

Alternatively, you can use the `dict comprehension` to create a new dictionary that excludes the items with phone number 4127:

```python
tel = {'jack': 4098, 'guido': 4127, 'irv': 4127}
tel = {name: number for name, number in tel.items() if number != 4127}
print(tel)
```

Both of these approaches create a new dictionary that excludes the items with phone number 4127, without modifying the original dictionary.

However, if you want to modify the original dictionary, you can use the `dict comprehension` with the `del` statement:

```python
tel = {'jack': 4098, 'guido': 4127, 'irv': 4127}
for name, number in list(tel.items()):
    if number == 4127:
        del tel[name]
print(tel)
```

In this case, we use `list(tel.items())` to create a copy of the dictionary items, so that we can safely delete items from the original dictionary while iterating over it.","Iterating over `tel.items()` while deleting keys from `tel` mutates the dictionary during iteration, which raises a `RuntimeError: dictionary changed size during iteration`. This is unsafe because the iterator’s internal view becomes inconsistent as the underlying container changes. The best‑practice way to filter a dictionary is to create a new dictionary (or a list of keys to delete) without mutating the original during the loop. Using a dictionary comprehension is concise and efficient:

```python
tel = {'jack': 4098, 'guido': 4127, 'irv': 4127}
# Keep only entries whose number is not 4127
tel = {k: v for k, v in tel.items() if v != 4127}
print(tel)  # {'jack': 4098}
```

Alternatively, you could first collect keys to remove with `keys_to_del = [k for k, v in tel.items() if v == 4127]` and then delete them in a separate loop, but the comprehension is the most Pythonic and avoids the mutation‑during‑iteration pitfall.",0.0,0.7214917581717875,0.99999999995,0.6666666666666666,T3_012,T3
"Scenario: You have a list `basket = ['apple', 'orange', 'apple', 'pear', 'orange', 'banana']`. You need to print each fruit exactly once, in **descending alphabetical order**. Two programmers propose different solutions.

Programmer A:
```python
for fruit in sorted(set(basket), reverse=True):
    print(fruit)
```

Programmer B:
```python
unique = []
for item in basket:
    if item not in unique:
        unique.append(item)
for fruit in reversed(unique):
    print(fruit)
```

**Evaluate** which solution better satisfies the requirements of correctness, efficiency, and readability. Justify your answer using only the concepts presented in the context (e.g., `set()`, `sorted()`, `reversed()`, looping over sequences).","[""— Python 3.14.6 documentation\n>>> for i in reversed(range(1, 10, 2)):\n... print(i)\n...\n9\n7\n5\n3\n1\nTo loop over a sequence in sorted order, use the sorted() function which returns a new sorted list while\nleaving the source unaltered.\n>>> basket = ['apple', 'orange', 'apple', 'pear', 'orange', 'banana']\n>>> for i in sorted(basket):\n... print(i)\n...\napple\napple\nbanana\norange\norange\npear\nUsing set() on a sequence eliminates duplicate elements. The use of sorted() in combination with\nset() over a sequence is an idiomatic way to loop over unique elements of the sequence in sorted order.\n>>> basket = ['apple', 'orange', 'apple', 'pear', 'orange', 'banana']\n>>> for f in sorted(set(basket)):"", ""uses include membership testing and eliminating duplicate entries. Set objects also support mathe-\nmatical operations like union, intersection, difference, and symmetric difference.\nCurly braces or the set() function can be used to create sets. Note: to create an empty set you have to\nuse set(), not {}; the latter creates an empty dictionary, a data structure that we discuss in the next\nsection.\nBecause sets are unordered, iterating over them or printing them can produce the elements in a different\norder than you expect.\nHere is a brief demonstration:\n>>> basket = {'apple', 'orange', 'apple', 'pear', 'orange', 'banana'}\n>>> print(basket) # show that duplicates have been removed"", ""/)\nReturn the number of times value appears in the list.\nlist.sort(*, key=None, reverse=False)\nSort the items of the list in place (the arguments can be used for sort customization, see sorted()\nfor their explanation).\nlist.reverse()\nhttps://docs.python.org/3/tutorial/datastructures.html 1/12\n28/07/2026, 14:10 5. Data Structures — Python 3.14.6 documentation\nReverse the elements of the list in place.\nlist.copy()\nReturn a shallow copy of the list. Similar to a[:].\nAn example that uses most of the list methods:\n>>> fruits = ['orange', 'apple', 'pear', 'banana', 'kiwi', 'apple', 'banana']\n>>> fruits.count('apple')\n2\n>>> fruits.count('tangerine')\n0\n>>> fruits.index('banana')\n3"", ""basket = ['apple', 'orange', 'apple', 'pear', 'orange', 'banana']\n>>> for f in sorted(set(basket)):\n... print(f)\n...\napple\nbanana\norange\npear\nIt is sometimes tempting to change a list while you are looping over it; however, it is often simpler and\nsafer to create a new list instead.\n>>> import math\n>>> raw_data = [56.2, float('NaN'), 51.7, 55.3, 52.5, float('NaN'), 47.8]\n>>> filtered_data = []\n>>> for value in raw_data:\n... if not math.isnan(value):\n... filtered_data.append(value)\n...\n>>> filtered_data\n[56.2, 51.7, 55.3, 52.5, 47.8]\n5.7. More on Conditions\nThe conditions used in while and if statements can contain any operators, not just comparisons."", ""'banana']\n>>> fruits.count('apple')\n2\n>>> fruits.count('tangerine')\n0\n>>> fruits.index('banana')\n3\n>>> fruits.index('banana', 4) # Find next banana starting at position 4\n6\n>>> fruits.reverse()\n>>> fruits\n['banana', 'apple', 'kiwi', 'banana', 'pear', 'apple', 'orange']\n>>> fruits.append('grape')\n>>> fruits\n['banana', 'apple', 'kiwi', 'banana', 'pear', 'apple', 'orange', 'grape']\n>>> fruits.sort()\n>>> fruits\n['apple', 'apple', 'banana', 'banana', 'grape', 'kiwi', 'orange', 'pear']\n>>> fruits.pop()\n'pear'\nYou might have noticed that methods like insert, remove or sort that only modify the list have no re-"", ""'apple', 'pear', 'orange', 'banana'}\n>>> print(basket) # show that duplicates have been removed\n{'orange', 'banana', 'pear', 'apple'}\n>>> 'orange' in basket # fast membership testing\nTrue\n>>> 'crabgrass' in basket\nFalse\n>>> # Demonstrate set operations on unique letters from two words\n>>>\n>>> a = set('abracadabra')\n>>> b = set('alacazam')\n>>> a # unique letters in a\n{'a', 'r', 'b', 'c', 'd'}\n>>> a - b # letters in a but not in b\n{'r', 'd', 'b'}\n>>> a | b # letters in a or b or both\n{'a', 'c', 'r', 'd', 'b', 'm', 'z', 'l'}\n>>> a & b # letters in both a and b\n{'a', 'c'}\n>>> a ^ b # letters in a or b but not both\n{'r', 'd', 'b', 'm', 'z', 'l'}"", ""might have noticed that methods like insert, remove or sort that only modify the list have no re-\nturn value printed – they return the default None. [1] This is a design principle for all mutable data struc-\ntures in Python.\nAnother thing you might notice is that not all data can be sorted or compared. For instance, [None,\n'hello', 10] doesnʼt sort because integers canʼt be compared to strings and None canʼt be compared\nto other types. Also, there are some types that donʼt have a defined ordering relation. For example, 3+4j\n< 5+7j isnʼt a valid comparison.\n5.1.1. Using Lists as Stacks\nThe list methods make it very easy to use a list as a stack, where the last element added is the first ele-""]","Let's evaluate the two proposed solutions.

**Programmer A's Solution:**
```python
for fruit in sorted(set(basket), reverse=True):
    print(fruit)
```
This solution uses the `sorted()` function to sort the unique fruits in descending alphabetical order. The `set()` function is used to eliminate duplicate fruits. The `reverse=True` argument is used to sort in descending order.

**Programmer B's Solution:**
```python
unique = []
for item in basket:
    if item not in unique:
        unique.append(item)
for fruit in reversed(unique):
    print(fruit)
```
This solution first creates a list of unique fruits by iterating over the original list and checking if each item is already in the `unique` list. Then, it uses the `reversed()` function to reverse the order of the unique fruits and prints each one.

**Evaluation:**

**Correctness:**
Both solutions correctly print each fruit exactly once in descending alphabetical order.

**Efficiency:**
Programmer A's solution is more efficient because it uses the `sorted()` function, which has a time complexity of O(n log n) for sorting a list of n elements. In contrast, Programmer B's solution first creates a list of unique fruits, which has a time complexity of O(n^2) due to the `in` operator, and then reverses the list, which has a time complexity of O(n). Therefore, Programmer A's solution has a better time complexity.

**Readability:**
Programmer A's solution is more readable because it uses a single line of code to achieve the desired result, whereas Programmer B's solution requires two separate loops and more code.

**Conclusion:**
Programmer A's solution is the better choice because it is more efficient and more readable. It uses the `sorted()` function to sort the unique fruits in descending alphabetical order, which is a more concise and efficient way to achieve the desired result.","Programmer A’s solution is superior on all three criteria. **Correctness**: `sorted(set(basket), reverse=True)` first eliminates duplicates with `set()`, then sorts the unique elements in descending order, exactly matching the requirement. Programmer B’s code builds `unique` in the original insertion order and then simply reverses that order; the resulting sequence is the reverse of the original list, not a descending alphabetical order, so it fails the specification. **Efficiency**: Using `set(basket)` removes duplicates in O(n) time, and `sorted(...)` sorts the resulting k unique items in O(k log k). Programmer B performs an O(n²) membership test (`item not in unique`) for each element and then a separate reversal, which is slower for larger inputs. **Readability**: Programmer A expresses the intent in a single, idiomatic line that directly references the concepts from the context (set + sorted + reversed). Programmer B’s multi‑step loop is longer, harder to follow, and obscures the goal. Therefore, Programmer A’s approach is the better choice.",0.05,0.269823547527878,0.9484126983968915,0.5,T3_013,T3
"Consider the following Python code that creates a tuple and a nested tuple:
```python
t = 12345, 54321, 'hello!'
u = t, (1, 2, 3, 4, 5)
# TODO: assign the string 'hello!' from the nested tuple to the variable result
result = ___
```
Replace the three underscores with the correct expression so that `result` receives the value `'hello!'`.  (Use only indexing operations; do not modify the tuples.)","[""these. Empty tuples are constructed by an empty pair of parentheses; a tuple with one item\nis constructed by following a value with a comma (it is not sufficient to enclose a single value in parenthe-\nses). Ugly, but effective. For example:\nhttps://docs.python.org/3/tutorial/datastructures.html 6/12\n28/07/2026, 14:10 5. Data Structures — Python 3.14.6 documentation\n>>> empty = ()\n>>> singleton = 'hello', # <-- note trailing comma\n>>> len(empty)\n0\n>>> len(singleton)\n1\n>>> singleton\n('hello',)\nThe statement t = 12345, 54321, 'hello!' is an example of tuple packing: the values 12345, 54321\nand 'hello!' are packed together in a tuple. The reverse operation is also possible:\n>>> x, y, z = t"", 'are two examples of sequence data types (see Sequence Types — list, tuple, range). Since Python is\nan evolving language, other sequence data types may be added. There is also another standard sequence\ndata type: the tuple.\nA tuple consists of a number of values separated by commas, for instance:\n>>> t = 12345, 54321, \'hello!\'\n>>> t[0]\n12345\n>>> t\n(12345, 54321, \'hello!\')\n>>> # Tuples may be nested:\n>>> u = t, (1, 2, 3, 4, 5)\n>>> u\n((12345, 54321, \'hello!\'), (1, 2, 3, 4, 5))\n>>> # Tuples are immutable:\n>>> t[0] = 88888\nTraceback (most recent call last):\nFile ""<stdin>"", line 1, in <module>\nTypeError: \'tuple\' object does not support item assignment\n>>> # but they can contain mutable objects:', ""'tuple' object does not support item assignment\n>>> # but they can contain mutable objects:\n>>> v = ([1, 2, 3], [3, 2, 1])\n>>> v\n([1, 2, 3], [3, 2, 1])\nAs you see, on output tuples are always enclosed in parentheses, so that nested tuples are interpreted\ncorrectly; they may be input with or without surrounding parentheses, although often parentheses are\nnecessary anyway (if the tuple is part of a larger expression). It is not possible to assign to the individual\nitems of a tuple, however it is possible to create tuples which contain mutable objects, such as lists.\nThough tuples may seem similar to lists, they are often used in different situations and for different pur-"", '1234.5]\n>>> del a[0]\n>>> a\n[1, 66.25, 333, 333, 1234.5]\n>>> del a[2:4]\n>>> a\n[1, 66.25, 1234.5]\nhttps://docs.python.org/3/tutorial/datastructures.html 5/12\n28/07/2026, 14:10 5. Data Structures — Python 3.14.6 documentation\n>>> del a[:]\n>>> a\n[]\ndel can also be used to delete entire variables:\n>>> del a\nReferencing the name a hereafter is an error (at least until another value is assigned to it). Weʼll find other\nuses for del later.\n5.3. Tuples and Sequences\nWe saw that lists and strings have many common properties, such as indexing and slicing operations.\nThey are two examples of sequence data types (see Sequence Types — list, tuple, range). Since Python is', ""'hello!' are packed together in a tuple. The reverse operation is also possible:\n>>> x, y, z = t\nThis is called, appropriately enough, sequence unpacking and works for any sequence on the right-hand\nside. Sequence unpacking requires that there are as many variables on the left side of the equals sign as\nthere are elements in the sequence. Note that multiple assignment is really just a combination of tuple\npacking and sequence unpacking.\n5.4. Sets\nPython also includes a data type for sets. A set is an unordered collection with no duplicate elements.\nBasic uses include membership testing and eliminating duplicate entries. Set objects also support mathe-"", 'may seem similar to lists, they are often used in different situations and for different pur-\nposes. Tuples are immutable, and usually contain a heterogeneous sequence of elements that are ac-\ncessed via unpacking (see later in this section) or indexing (or even by attribute in the case of\nnamedtuples). Lists are mutable, and their elements are usually homogeneous and are accessed by iter-\nating over the list.\nA special problem is the construction of tuples containing 0 or 1 items: the syntax has some extra quirks to\naccommodate these. Empty tuples are constructed by an empty pair of parentheses; a tuple with one item', ""for x in range(6)]\n^^^^^^^\nSyntaxError: did you forget parentheses around the comprehension target?\n>>> # flatten a list using a listcomp with two 'for'\n>>> vec = [[1,2,3], [4,5,6], [7,8,9]]\n>>> [num for elem in vec for num in elem]\n[1, 2, 3, 4, 5, 6, 7, 8, 9]\nList comprehensions can contain complex expressions and nested functions:\n>>> from math import pi\n>>> [str(round(pi, i)) for i in range(1, 6)]\n['3.1', '3.14', '3.142', '3.1416', '3.14159']\n5.1.4. Nested List Comprehensions\nThe initial expression in a list comprehension can be any arbitrary expression, including another list\ncomprehension.\nConsider the following example of a 3x4 matrix implemented as a list of 3 lists of length 4:""]","To assign the string 'hello!' from the nested tuple to the variable result, we need to access the nested tuple first and then access the string 'hello!' within it. The nested tuple is `u[1]`, and the string 'hello!' is at index 2 within the tuple `t`. 

So, the correct expression to assign the string 'hello!' to the variable result is:

```python
result = u[1][0][2]
```

Here's a step-by-step breakdown of how this expression works:

1. `u[1]` accesses the nested tuple within the tuple `u`.
2. `u[1][0]` accesses the tuple `t` within the nested tuple.
3. `u[1][0][2]` accesses the string 'hello!' at index 2 within the tuple `t`.

Therefore, the final code would be:

```python
t = 12345, 54321, 'hello!'
u = t, (1, 2, 3, 4, 5)
result = u[1][0][2]
print(result)  # Output: 'hello!'
```",result = u[0][2],0.5,0.7838011734337049,0.8666666666377778,1.0,T3_014,T3
"The code below is meant to generate a list of all ordered pairs (x, y) where *x* comes from the list [1, 2, 3], *y* comes from the list [3, 1, 4], and the two values are **different** (i.e., x != y). However, the snippet contains a single bug that makes the result incorrect. Identify the exact line (or operator) that is wrong and provide the corrected version of that line.

```python
pairs = [(x, y) for x in [1, 2, 3] for y in [3, 1, 4] if x == y]
print(pairs)
```","['said.\'\n\'""Yes,"" they said.\'\n>>> ""\\""Yes,\\"" they said.""\n\'""Yes,"" they said.\'\n>>> \'""Isn\\\'t,"" they said.\'\n\'""Isn\\\'t,"" they said.\'\nIn the Python shell, the string definition and output string can look different. The print() function pro-\nduces a more readable output, by omitting the enclosing quotes and by printing escaped and special\ncharacters:\n>>> s = \'First line.\\nSecond line.\' # \\n means newline\n>>> s # without print(), special characters are included in the string\n\'First line.\\nSecond line.\'\n>>> print(s) # with print(), special characters are interpreted, so \\n produces new\nFirst line.\nSecond line.', '1)\nresult is 2.0\nexecuting finally clause\nhttps://docs.python.org/3/tutorial/errors.html 7/11\n28/07/2026, 14:10 8. Errors and Exceptions — Python 3.14.6 documentation\n>>> divide(2, 0)\ndivision by zero!\nexecuting finally clause\n>>> divide(""2"", ""1"")\nexecuting finally clause\nTraceback (most recent call last):\nFile ""<stdin>"", line 1, in <module>\ndivide(""2"", ""1"")\n~~~~~~^^^^^^^^^^\nFile ""<stdin>"", line 3, in divide\nresult = x / y\n~~^~~\nTypeError: unsupported operand type(s) for /: \'str\' and \'str\'\nAs you can see, the finally clause is executed in any event. The TypeError raised by dividing two\nstrings is not handled by the except clause and therefore re-raised after the finally clause has been', 'clauseʼs return statement, not the value from the try clauseʼs return statement. This can be con-\nfusing and is therefore discouraged. From version 3.14 the compiler emits a SyntaxWarning for it (see\nPEP 765).\nFor example:\n>>> def bool_return():\n... try:\n... return True\n... finally:\n... return False\n...\n>>> bool_return()\nFalse\nA more complicated example:\n>>> def divide(x, y):\n... try:\n... result = x / y\n... except ZeroDivisionError:\n... print(""division by zero!"")\n... else:\n... print(""result is"", result)\n... finally:\n... print(""executing finally clause"")\n...\n>>> divide(2, 1)\nresult is 2.0\nexecuting finally clause\nhttps://docs.python.org/3/tutorial/errors.html 7/11', 'and itʼs equivalent to:\n>>> combs = []\n>>> for x in [1,2,3]:\n... for y in [3,1,4]:\n... if x != y:\n... combs.append((x, y))\n...\n>>> combs\n[(1, 3), (1, 4), (2, 3), (2, 1), (2, 4), (3, 1), (3, 4)]\nNote how the order of the for and if statements is the same in both these snippets.\nIf the expression is a tuple (e.g. the (x, y) in the previous example), it must be parenthesized.\n>>> vec = [-4, -2, 0, 2, 4]\n>>> # create a new list with the values doubled\n>>> [x*2 for x in vec]\n[-8, -4, 0, 4, 8]\n>>> # filter the list to exclude negative numbers\n>>> [x for x in vec if x >= 0]\n[0, 2, 4]\n>>> # apply a function to all the elements\n>>> [abs(x) for x in vec]\n[4, 2, 0, 2, 4]', 'comprehension consists of brackets containing an expression followed by a for clause, then zero or\nmore for or if clauses. The result will be a new list resulting from evaluating the expression in the con-\ntext of the for and if clauses which follow it. For example, this listcomp combines the elements of two\nlists if they are not equal:\nhttps://docs.python.org/3/tutorial/datastructures.html 3/12\n28/07/2026, 14:10 5. Data Structures — Python 3.14.6 documentation\n>>> [(x, y) for x in [1,2,3] for y in [3,1,4] if x != y]\n[(1, 3), (1, 4), (2, 3), (2, 1), (2, 4), (3, 1), (3, 4)]\nand itʼs equivalent to:\n>>> combs = []\n>>> for x in [1,2,3]:\n... for y in [3,1,4]:\n... if x != y:', 'The conditions used in while and if statements can contain any operators, not just comparisons.\nThe comparison operators in and not in are membership tests that determine whether a value is in (or\nnot in) a container. The operators is and is not compare whether two objects are really the same ob-\nject. All comparison operators have the same priority, which is lower than that of all numerical operators.\nhttps://docs.python.org/3/tutorial/datastructures.html 10/12\n28/07/2026, 14:10 5. Data Structures — Python 3.14.6 documentation\nComparisons can be chained. For example, a < b == c tests whether a is less than b and moreover b\nequals c.', '{x}"")\ncase Point(x, y):\nprint(f""Not on the diagonal"")\nSeveral other key features of this statement:\nLike unpacking assignments, tuple and list patterns have exactly the same meaning and actually match\narbitrary sequences. An important exception is that they donʼt match iterators or strings.\nSequence patterns support extended unpacking: [x, y, *rest] and (x, y, *rest) work similar to\nunpacking assignments. The name after * may also be _, so (x, y, *_) matches a sequence of at\nleast two items without binding the remaining items.\nMapping patterns: {""bandwidth"": b, ""latency"": l} captures the ""bandwidth"" and ""latency""']","I'm sorry, that concept is outside the scope of our current syllabus or I couldn't find reliable information in the database to answer you accurately.","The bug is in the conditional of the list comprehension: the operator `==` incorrectly selects pairs where x equals y. It should be the inequality operator `!=`.

Corrected line:
```python
pairs = [(x, y) for x in [1, 2, 3] for y in [3, 1, 4] if x != y]
```",0.0,0.0,0.32499999998375,0.75,T3_015,T3
"Explain, in your own words, how the list comprehension `[(x, y) for x in [1,2,3] for y in [3,1,4] if x != y]` produces the same result as the equivalent multi‑line for‑loop shown in the context. In your explanation, describe the role of the expression, the order of the `for` clauses, and the purpose of the `if` clause.","['comprehension consists of brackets containing an expression followed by a for clause, then zero or\nmore for or if clauses. The result will be a new list resulting from evaluating the expression in the con-\ntext of the for and if clauses which follow it. For example, this listcomp combines the elements of two\nlists if they are not equal:\nhttps://docs.python.org/3/tutorial/datastructures.html 3/12\n28/07/2026, 14:10 5. Data Structures — Python 3.14.6 documentation\n>>> [(x, y) for x in [1,2,3] for y in [3,1,4] if x != y]\n[(1, 3), (1, 4), (2, 3), (2, 1), (2, 4), (3, 1), (3, 4)]\nand itʼs equivalent to:\n>>> combs = []\n>>> for x in [1,2,3]:\n... for y in [3,1,4]:\n... if x != y:', ""for x in range(6)]\n^^^^^^^\nSyntaxError: did you forget parentheses around the comprehension target?\n>>> # flatten a list using a listcomp with two 'for'\n>>> vec = [[1,2,3], [4,5,6], [7,8,9]]\n>>> [num for elem in vec for num in elem]\n[1, 2, 3, 4, 5, 6, 7, 8, 9]\nList comprehensions can contain complex expressions and nested functions:\n>>> from math import pi\n>>> [str(round(pi, i)) for i in range(1, 6)]\n['3.1', '3.14', '3.142', '3.1416', '3.14159']\n5.1.4. Nested List Comprehensions\nThe initial expression in a list comprehension can be any arbitrary expression, including another list\ncomprehension.\nConsider the following example of a 3x4 matrix implemented as a list of 3 lists of length 4:"", 'and itʼs equivalent to:\n>>> combs = []\n>>> for x in [1,2,3]:\n... for y in [3,1,4]:\n... if x != y:\n... combs.append((x, y))\n...\n>>> combs\n[(1, 3), (1, 4), (2, 3), (2, 1), (2, 4), (3, 1), (3, 4)]\nNote how the order of the for and if statements is the same in both these snippets.\nIf the expression is a tuple (e.g. the (x, y) in the previous example), it must be parenthesized.\n>>> vec = [-4, -2, 0, 2, 4]\n>>> # create a new list with the values doubled\n>>> [x*2 for x in vec]\n[-8, -4, 0, 4, 8]\n>>> # filter the list to exclude negative numbers\n>>> [x for x in vec if x >= 0]\n[0, 2, 4]\n>>> # apply a function to all the elements\n>>> [abs(x) for x in vec]\n[4, 2, 0, 2, 4]', 'or iter-\nable, or to create a subsequence of those elements that satisfy a certain condition.\nFor example, assume we want to create a list of squares, like:\n>>> squares = []\n>>> for x in range(10):\n... squares.append(x**2)\n...\n>>> squares\n[0, 1, 4, 9, 16, 25, 36, 49, 64, 81]\nNote that this creates (or overwrites) a variable named x that still exists after the loop completes. We can\ncalculate the list of squares without any side effects using:\nsquares = list(map(lambda x: x**2, range(10)))\nor, equivalently:\nsquares = [x**2 for x in range(10)]\nwhich is more concise and readable.\nA list comprehension consists of brackets containing an expression followed by a for clause, then zero or', 'Consider the following example of a 3x4 matrix implemented as a list of 3 lists of length 4:\nhttps://docs.python.org/3/tutorial/datastructures.html 4/12\n28/07/2026, 14:10 5. Data Structures — Python 3.14.6 documentation\n>>> matrix = [\n... [1, 2, 3, 4],\n... [5, 6, 7, 8],\n... [9, 10, 11, 12],\n... ]\nThe following list comprehension will transpose rows and columns:\n>>> [[row[i] for row in matrix] for i in range(4)]\n[[1, 5, 9], [2, 6, 10], [3, 7, 11], [4, 8, 12]]\nAs we saw in the previous section, the inner list comprehension is evaluated in the context of the for that\nfollows it, so this example is equivalent to:\n>>> transposed = []\n>>> for i in range(4):', 'while an example of a function that takes an iterable is sum():\n>>> sum(range(4)) # 0 + 1 + 2 + 3\n6\nLater we will see more functions that return iterables and take iterables as arguments. In chapter Data\nStructures, we will discuss list() in more detail.\n4.4. and Statements\nbreak continue\nThe break statement breaks out of the innermost enclosing for or while loop:\n>>> for n in range(2, 10):\n... for x in range(2, n):\n... if n % x == 0:\n... print(f""{n} equals {x} * {n//x}"")\n... break\n...\n4 equals 2 * 2\n6 equals 2 * 3\n8 equals 2 * 4\n9 equals 3 * 3\nThe continue statement continues with the next iteration of the loop:\n>>> for num in range(2, 10):\n... if num % 2 == 0:', ""for loop, which searches for prime numbers:\n>>> for n in range(2, 10):\n... for x in range(2, n):\n... if n % x == 0:\n... print(n, 'equals', x, '*', n//x)\n... break\n... else:\n... # loop fell through without finding a factor\n... print(n, 'is a prime number')\n...\n2 is a prime number\n3 is a prime number\n4 equals 2 * 2\n5 is a prime number\n6 equals 2 * 3\n7 is a prime number\n8 equals 2 * 4\n9 equals 3 * 3\n(Yes, this is the correct code. Look closely: the else clause belongs to the for loop, not the if\nstatement.)\nOne way to think of the else clause is to imagine it paired with the if inside the loop. As the loop exe-""]","Let's break down the list comprehension `[(x, y) for x in [1,2,3] for y in [3,1,4] if x != y]` and the equivalent multi-line for-loop to understand how they produce the same result.

**List Comprehension:**
The list comprehension consists of three main parts:

1. **Expression:** The expression is `(x, y)`, which is a tuple containing two variables, `x` and `y`. This expression will be evaluated for each combination of `x` and `y` that satisfies the conditions specified in the `for` and `if` clauses.
2. **`for` Clauses:** There are two `for` clauses: `for x in [1,2,3]` and `for y in [3,1,4]`. These clauses specify the iteration over the lists `[1,2,3]` and `[3,1,4]`, respectively. The order of the `for` clauses is crucial here, as it determines the order in which the values of `x` and `y` are iterated over.
3. **`if` Clause:** The `if` clause is `if x != y`. This clause filters out the combinations of `x` and `y` where `x` is equal to `y`.

Now, let's see how the list comprehension works:

* The outer `for` clause iterates over the values of `x` in the list `[1,2,3]`.
* For each value of `x`, the inner `for` clause iterates over the values of `y` in the list `[3,1,4]`.
* For each combination of `x` and `y`, the expression `(x, y)` is evaluated, and if `x` is not equal to `y` (i.e., the `if` clause is true), the tuple `(x, y)` is added to the resulting list.

**Equivalent Multi-line For-Loop:**
The equivalent multi-line for-loop is:
```python
combs = []
for x in [1,2,3]:
    for y in [3,1,4]:
        if x != y:
            combs.append((x, y))
```
Here's how this loop works:

* The outer `for` loop iterates over the values of `x` in the list `[1,2,3]`.
* For each value of `x`, the inner `for` loop iterates over the values of `y` in the list `[3,1,4]`.
* For each combination of `x` and `y`, the `if` clause is evaluated. If `x` is not equal to `y`, the tuple `(x, y)` is appended to the `combs` list.

As you can see, the list comprehension and the equivalent multi-line for-loop produce the same result because they both iterate over the same values of `x` and `y`, evaluate the same expression, and apply the same filtering condition. The order of the `for` clauses and the `if` clause is the same in both cases, which ensures that the resulting lists are identical.","The list comprehension builds a new list by evaluating the expression `(x, y)` for every combination of `x` from the first list `[1,2,3]` and `y` from the second list `[3,1,4]`. The two `for` clauses appear in the same order as the nested loops in the explicit version: the outer `for x` runs first, and for each `x` the inner `for y` iterates over all `y` values. After each pair `(x, y)` is generated, the `if x != y` clause filters out any pair where the two values are equal, so only pairs with different elements are kept. The resulting list therefore contains exactly the tuples that the nested `for` loops would `append` after applying the same condition, giving `[(1, 3), (1, 4), (2, 3), (2, 1), (2, 4), (3, 1), (3, 4)]`.",0.9565217391304348,0.6984283348999601,0.8055555555287036,1.0,T3_016,T3
"You are maintaining a phone‑directory dictionary called **tel** that initially contains the entries shown in the context. Write a function **update_directory(dir_dict, new_entry, remove_name)** that:
1. Adds the new entry (a tuple ``(name, number)``) to *dir_dict*.
2. Removes the key *remove_name* from *dir_dict* if it exists (otherwise do nothing).
3. Returns a **list** of the remaining keys sorted in alphabetical order.

Complete the code below where the comments indicate the missing steps.

```python
def update_directory(dir_dict, new_entry, remove_name):
    # 1. add the new entry
    name, number = new_entry
    # (your code here)

    # 2. remove the specified name if present
    # (your code here)

    # 3. return the sorted list of keys
    # (your code here)
```

Assume *dir_dict* is a dictionary like the one in the context (e.g., ``{'jack': 4098, 'guido': 4127, 'irv': 4127}``).","[""a value for a non-existent key by subscripting (d[key]) raises a KeyError. To avoid getting\nthis error when trying to access a possibly non-existent key, use the get() method instead, which returns\nNone (or a specified default value) if the key is not in the dictionary.\nPerforming list(d) on a dictionary returns a list of all the keys used in the dictionary, in insertion order\n(if you want it sorted, just use sorted(d) instead). To check whether a single key is in the dictionary, use\nthe in keyword.\nHere is a small example using a dictionary:\n>>> tel = {'jack': 4098, 'sape': 4139}\n>>> tel['guido'] = 4127\n>>> tel\n{'jack': 4098, 'sape': 4139, 'guido': 4127}\n>>> tel['jack']\n4098\n>>> tel['irv']"", 'one dictionary). A pair of braces creates an empty dictionary: {}. Placing a comma-separated list\nof key:value pairs within the braces adds initial key:value pairs to the dictionary; this is also the way dictio-\nnaries are written on output.\nThe main operations on a dictionary are storing a value with some key and extracting the value given the\nkey. It is also possible to delete a key:value pair with del. If you store using a key that is already in use, the\nold value associated with that key is forgotten.\nExtracting a value for a non-existent key by subscripting (d[key]) raises a KeyError. To avoid getting', 'call requiring separate positional arguments. For instance, the built-in range() function ex-\npects separate start and stop arguments. If they are not available separately, write the function call with\nthe *-operator to unpack the arguments out of a list or tuple:\n>>> list(range(3, 6)) # normal call with separate arguments\n[3, 4, 5]\n>>> args = [3, 6]\n>>> list(range(*args)) # call with arguments unpacked from a list\n[3, 4, 5]\nIn the same fashion, dictionaries can deliver keyword arguments with the **-operator:\n>>> def parrot(voltage, state=\'a stiff\', action=\'voom\'):\n... print(""-- This parrot wouldn\'t"", action, end=\' \')\n... print(""if you put"", voltage, ""volts through it."", end=\' \')', '= 4127\n>>> tel\n{\'jack\': 4098, \'sape\': 4139, \'guido\': 4127}\n>>> tel[\'jack\']\n4098\n>>> tel[\'irv\']\nTraceback (most recent call last):\nFile ""<stdin>"", line 1, in <module>\nKeyError: \'irv\'\n>>> print(tel.get(\'irv\'))\nNone\n>>> del tel[\'sape\']\n>>> tel[\'irv\'] = 4127\n>>> tel\n{\'jack\': 4098, \'guido\': 4127, \'irv\': 4127}\n>>> list(tel)\n[\'jack\', \'guido\', \'irv\']\n>>> sorted(tel)\n[\'guido\', \'irv\', \'jack\']\nhttps://docs.python.org/3/tutorial/datastructures.html 8/12\n28/07/2026, 14:10 5. Data Structures — Python 3.14.6 documentation\n>>> \'guido\' in tel\nTrue\n>>> \'jack\' not in tel\nFalse\nThe dict() constructor builds dictionaries directly from sequences of key-value pairs:', 'index is\noutside the list range.\nlist.clear()\nRemove all items from the list. Similar to del a[:].\nlist.index(value[, start[, stop]])\nReturn zero-based index of the first occurrence of value in the list. Raises a ValueError if there is no\nsuch item.\nThe optional arguments start and end are interpreted as in the slice notation and are used to limit the\nsearch to a particular subsequence of the list. The returned index is computed relative to the begin-\nning of the full sequence rather than the start argument.\nlist.count(value, /)\nReturn the number of times value appears in the list.\nlist.sort(*, key=None, reverse=False)', 'an item at a given position. The first argument is the index of the element before which to in-\nsert, so a.insert(0, x) inserts at the front of the list, and a.insert(len(a), x) is equivalent to\na.append(x).\nlist.remove(value, /)\nRemove the first item from the list whose value is equal to value. It raises a ValueError if there is no\nsuch item.\nlist.pop(index=-1, /)\nRemove the item at the given position in the list, and return it. If no index is specified, a.pop() re-\nmoves and returns the last item in the list. It raises an IndexError if the list is empty or the index is\noutside the list range.\nlist.clear()\nRemove all items from the list. Similar to del a[:].', 'self.items_list = []\nself.__update(iterable)\ndef update(self, iterable):\nfor item in iterable:\nself.items_list.append(item)\n__update = update # private copy of original update() method\nclass MappingSubclass(Mapping):\ndef update(self, keys, values):\n# provides new signature for update()\n# but does not break __init__()\nfor item in zip(keys, values):\nself.items_list.append(item)\nThe above example would work even if MappingSubclass were to introduce a __update identifier since it\nis replaced with _Mapping__update in the Mapping class and _MappingSubclass__update in the\nMappingSubclass class respectively.']","To complete the `update_directory` function, we need to add the new entry to the dictionary, remove the specified name if present, and return the sorted list of keys. Here's the completed code:

```python
def update_directory(dir_dict, new_entry, remove_name):
    # 1. add the new entry
    name, number = new_entry
    dir_dict[name] = number  # Add the new entry to the dictionary

    # 2. remove the specified name if present
    if remove_name in dir_dict:  # Check if the name is present in the dictionary
        del dir_dict[remove_name]  # Remove the name from the dictionary

    # 3. return the sorted list of keys
    return sorted(dir_dict.keys())  # Return the sorted list of keys
```

Here's an explanation of the code:

1. We first unpack the `new_entry` tuple into `name` and `number` variables.
2. We then add the new entry to the dictionary using the `name` as the key and `number` as the value.
3. We check if the `remove_name` is present in the dictionary using the `in` keyword. If it is, we remove it from the dictionary using the `del` statement.
4. Finally, we return the sorted list of keys using the `sorted` function and the `keys` method of the dictionary.

You can test the function with the following code:

```python
tel = {'jack': 4098, 'guido': 4127, 'irv': 4127}
new_entry = ('john', 1234)
remove_name = 'guido'
print(update_directory(tel, new_entry, remove_name))
```

This should output `['irv', 'jack', 'john']`.","```python
def update_directory(dir_dict, new_entry, remove_name):
    # 1. add the new entry
    name, number = new_entry
    dir_dict[name] = number

    # 2. remove the specified name if present
    if remove_name in dir_dict:
        del dir_dict[remove_name]

    # 3. return the sorted list of keys
    return sorted(dir_dict)
```
The function uses direct assignment (``dir_dict[name] = number``) to add the new key‑value pair, checks membership before deleting with ``del``, and finally returns ``sorted(dir_dict)`` which produces a list of the dictionary’s keys in alphabetical order.",0.07142857142857142,0.5612719103389421,0.9166666666361111,1.0,T3_017,T3
"Consider the following two code fragments that aim to produce the set of letters that appear in **exactly one** of the two words `'abracadabra'` and `'alacazam'`.

Snippet 1:
```python
a = set('abracadabra')
b = set('alacazam')
result1 = a ^ b
print(result1)
```

Snippet 2:
```python
a = set('abracadabra')
b = set('alacazam')
result2 = a | b
print(result2)
```

Analyse both fragments. Which snippet correctly fulfills the requirement? State the exact set each `print` statement will output (order of elements is irrelevant) and explain why the operation used in the other snippet does not meet the specification.","[""'apple', 'pear', 'orange', 'banana'}\n>>> print(basket) # show that duplicates have been removed\n{'orange', 'banana', 'pear', 'apple'}\n>>> 'orange' in basket # fast membership testing\nTrue\n>>> 'crabgrass' in basket\nFalse\n>>> # Demonstrate set operations on unique letters from two words\n>>>\n>>> a = set('abracadabra')\n>>> b = set('alacazam')\n>>> a # unique letters in a\n{'a', 'r', 'b', 'c', 'd'}\n>>> a - b # letters in a but not in b\n{'r', 'd', 'b'}\n>>> a | b # letters in a or b or both\n{'a', 'c', 'r', 'd', 'b', 'm', 'z', 'l'}\n>>> a & b # letters in both a and b\n{'a', 'c'}\n>>> a ^ b # letters in a or b but not both\n{'r', 'd', 'b', 'm', 'z', 'l'}"", ""of the comparison; if they are equal, the next two items are compared, and so on, until either\nsequence is exhausted. If two items to be compared are themselves sequences of the same type, the lexi-\ncographical comparison is carried out recursively. If all items of two sequences compare equal, the se-\nquences are considered equal. If one sequence is an initial sub-sequence of the other, the shorter se-\nquence is the smaller (lesser) one. Lexicographical ordering for strings uses the Unicode code point num-\nber to order individual characters. Some examples of comparisons between sequences of the same type:\n(1, 2, 3) < (1, 2, 4)\n[1, 2, 3] < [1, 2, 4]\n'ABC' < 'C' < 'Pascal' < 'Python'"", ""both a and b\n{'a', 'c'}\n>>> a ^ b # letters in a or b but not both\n{'r', 'd', 'b', 'm', 'z', 'l'}\nhttps://docs.python.org/3/tutorial/datastructures.html 7/12\n28/07/2026, 14:10 5. Data Structures — Python 3.14.6 documentation\nSimilarly to list comprehensions, set comprehensions are also supported:\n>>> a = {x for x in 'abracadabra' if x not in 'abc'}\n>>> a\n{'r', 'd'}\n5.5. Dictionaries\nAnother useful data type built into Python is the dictionary (see Mapping Types — dict). Dictionaries are\nsometimes found in other languages as “associative memories” or “associative arrays”. Unlike sequences,\nwhich are indexed by a range of numbers, dictionaries are indexed by keys, which can be any immutable"", ""uses include membership testing and eliminating duplicate entries. Set objects also support mathe-\nmatical operations like union, intersection, difference, and symmetric difference.\nCurly braces or the set() function can be used to create sets. Note: to create an empty set you have to\nuse set(), not {}; the latter creates an empty dictionary, a data structure that we discuss in the next\nsection.\nBecause sets are unordered, iterating over them or printing them can produce the elements in a different\norder than you expect.\nHere is a brief demonstration:\n>>> basket = {'apple', 'orange', 'apple', 'pear', 'orange', 'banana'}\n>>> print(basket) # show that duplicates have been removed"", 'takes 2 positional arguments but 3 were given\n>>> combined_example(1, 2, kwd_only=3)\n1 2 3\n>>> combined_example(1, standard=2, kwd_only=3)\nhttps://docs.python.org/3/tutorial/controlflow.html#match-statements 13/18\n28/07/2026, 14:09 4. More Control Flow Tools — Python 3.14.6 documentation\n1 2 3\n>>> combined_example(pos_only=1, standard=2, kwd_only=3)\nTraceback (most recent call last):\nFile ""<stdin>"", line 1, in <module>\nTypeError: combined_example() got some positional-only arguments passed as keyword a\nFinally, consider this function definition which has a potential collision between the positional argument\nname and **kwds which has name as a key:\ndef foo(name, **kwds):', ""'Trondheim', 'Hammer Dance'\n>>> non_null = string1 or string2 or string3\n>>> non_null\n'Trondheim'\nNote that in Python, unlike C, assignment inside expressions must be done explicitly with the walrus oper-\nator :=. This avoids a common class of problems encountered in C programs: typing = in an expression\nwhen == was intended.\n5.8. Comparing Sequences and Other Types\nSequence objects typically may be compared to other objects with the same sequence type. The compari-\nson uses lexicographical ordering: first the first two items are compared, and if they differ this determines\nthe outcome of the comparison; if they are equal, the next two items are compared, and so on, until either"", 'and itʼs equivalent to:\n>>> combs = []\n>>> for x in [1,2,3]:\n... for y in [3,1,4]:\n... if x != y:\n... combs.append((x, y))\n...\n>>> combs\n[(1, 3), (1, 4), (2, 3), (2, 1), (2, 4), (3, 1), (3, 4)]\nNote how the order of the for and if statements is the same in both these snippets.\nIf the expression is a tuple (e.g. the (x, y) in the previous example), it must be parenthesized.\n>>> vec = [-4, -2, 0, 2, 4]\n>>> # create a new list with the values doubled\n>>> [x*2 for x in vec]\n[-8, -4, 0, 4, 8]\n>>> # filter the list to exclude negative numbers\n>>> [x for x in vec if x >= 0]\n[0, 2, 4]\n>>> # apply a function to all the elements\n>>> [abs(x) for x in vec]\n[4, 2, 0, 2, 4]']","Let's analyze both code fragments.

**Snippet 1:**
```python
a = set('abracadabra')
b = set('alacazam')
result1 = a ^ b
print(result1)
```
In this snippet, the `^` operator is used to compute the symmetric difference between sets `a` and `b`. The symmetric difference of two sets is the set of elements that are in exactly one of the sets. This is exactly what we want.

The symmetric difference of `a` and `b` is computed as follows:

`a` = {'a', 'r', 'b', 'c', 'd'}
`b` = {'a', 'c', 'z', 'm', 'l'}

The symmetric difference `a ^ b` is the set of elements that are in `a` or `b` but not both:

`a ^ b` = {'r', 'd', 'b', 'm', 'z', 'l'}

So, the `print` statement will output: `{'r', 'd', 'b', 'm', 'z', 'l'}`

**Snippet 2:**
```python
a = set('abracadabra')
b = set('alacazam')
result2 = a | b
print(result2)
```
In this snippet, the `|` operator is used to compute the union of sets `a` and `b`. The union of two sets is the set of elements that are in either of the sets. This is not what we want. We want the set of elements that are in exactly one of the sets, not in both.

The union of `a` and `b` is computed as follows:

`a` = {'a', 'r', 'b', 'c', 'd'}
`b` = {'a', 'c', 'z', 'm', 'l'}

The union `a | b` is the set of elements that are in `a` or `b` or both:

`a | b` = {'a', 'c', 'r', 'd', 'b', 'm', 'z', 'l'}

So, the `print` statement will output: `{'a', 'c', 'r', 'd', 'b', 'm', 'z', 'l'}`

As you can see, Snippet 1 correctly fulfills the requirement, while Snippet 2 does not. The `|` operator computes the union of sets, which is not what we want. We want the symmetric difference, which is computed using the `^` operator.","Snippet 1 prints the symmetric difference of the two sets, so the output is the set of letters that occur in one word but not both: `{'r', 'd', 'b', 'm', 'z', 'l'}` (order may vary). Snippet 2 prints the union of the two sets, so its output is `{'a', 'c', 'r', 'd', 'b', 'm', 'z', 'l'}` (order may vary). The requirement is to obtain letters that appear **exactly once** across the two words, which corresponds to the symmetric‑difference operation (`^`). The union operator (`|`) also includes the letters that are common to both words (`'a'` and `'c'`), therefore Snippet 2 does not satisfy the requirement.",0.631578947368421,0.5685030748763813,0.8055555555287036,1.0,T3_018,T3
"The following Python program implements a simple name queue and generates a list of squares:
```python
# Build a queue of names and process them
queue = [""Eric"", ""John"", ""Michael""]
queue.append(""Terry"")
queue.append(""Graham"")
while len(queue) > 0:
    person = queue.pop(0)
    print(person)

# Create a list of squares of numbers 0‑9
squares = []
for x in range(10):
    squares.append(x**2)
print(squares)
```
Evaluate this code from a *best‑practice* perspective. Identify any inefficiencies related to the choice of data structures or idioms, and rewrite the program using the most appropriate constructs described in the provided context. Explain why your revised version is preferable.","['5. Data Structures — Python 3.14.6 documentation\n>>> stack\n[3, 4]\n5.1.2. Using Lists as Queues\nIt is also possible to use a list as a queue, where the first element added is the first element retrieved\n(“first-in, first-out”); however, lists are not efficient for this purpose. While appends and pops from the end\nof list are fast, doing inserts or pops from the beginning of a list is slow (because all of the other elements\nhave to be shifted by one).\nTo implement a queue, use collections.deque which was designed to have fast appends and pops\nfrom both ends. For example:\n>>> from collections import deque\n>>> queue = deque([""Eric"", ""John"", ""Michael""])\n>>> queue.append(""Terry"") # Terry arrives', 'about this subject is useful for any advanced Python\nprogrammer.\nLetʼs begin with some definitions.\nhttps://docs.python.org/3/tutorial/classes.html 1/14\n28/07/2026, 14:10 9. Classes — Python 3.14.6 documentation\nA namespace is a mapping from names to objects. Most namespaces are currently implemented as\nPython dictionaries, but thatʼs normally not noticeable in any way (except for performance), and it may\nchange in the future. Examples of namespaces are: the set of built-in names (containing functions such as\nabs(), and built-in exception names); the global names in a module; and the local names in a function in-', "">>> valedictorian = max((student.gpa, student.name) for student in graduates)\n>>> data = 'golf'\n>>> list(data[i] for i in range(len(data)-1, -1, -1))\n['f', 'l', 'o', 'g']\nFootnotes\n[1] Except for one thing. Module objects have a secret read-only attribute called __dict__ which returns\nthe dictionary used to implement the moduleʼs namespace; the name __dict__ is an attribute but not\na global name. Obviously, using this violates the abstraction of namespace implementation, and\nshould be restricted to things like post-mortem debuggers.\nhttps://docs.python.org/3/tutorial/classes.html 14/14"", 'or iter-\nable, or to create a subsequence of those elements that satisfy a certain condition.\nFor example, assume we want to create a list of squares, like:\n>>> squares = []\n>>> for x in range(10):\n... squares.append(x**2)\n...\n>>> squares\n[0, 1, 4, 9, 16, 25, 36, 49, 64, 81]\nNote that this creates (or overwrites) a variable named x that still exists after the loop completes. We can\ncalculate the list of squares without any side effects using:\nsquares = list(map(lambda x: x**2, range(10)))\nor, equivalently:\nsquares = [x**2 for x in range(10)]\nwhich is more concise and readable.\nA list comprehension consists of brackets containing an expression followed by a for clause, then zero or', 'methods make it very easy to use a list as a stack, where the last element added is the first ele-\nment retrieved (“last-in, first-out”). To add an item to the top of the stack, use append(). To retrieve an\nitem from the top of the stack, use pop() without an explicit index. For example:\n>>> stack = [3, 4, 5]\n>>> stack.append(6)\n>>> stack.append(7)\n>>> stack\n[3, 4, 5, 6, 7]\n>>> stack.pop()\n7\n>>> stack\n[3, 4, 5, 6]\n>>> stack.pop()\n6\n>>> stack.pop()\n5\nhttps://docs.python.org/3/tutorial/datastructures.html 2/12\n28/07/2026, 14:10 5. Data Structures — Python 3.14.6 documentation\n>>> stack\n[3, 4]\n5.1.2. Using Lists as Queues', 'deque\n>>> queue = deque([""Eric"", ""John"", ""Michael""])\n>>> queue.append(""Terry"") # Terry arrives\n>>> queue.append(""Graham"") # Graham arrives\n>>> queue.popleft() # The first to arrive now leaves\n\'Eric\'\n>>> queue.popleft() # The second to arrive now leaves\n\'John\'\n>>> queue # Remaining queue in order of arrival\ndeque([\'Michael\', \'Terry\', \'Graham\'])\n5.1.3. List Comprehensions\nList comprehensions provide a concise way to create lists. Common applications are to make new lists\nwhere each element is the result of some operations applied to each member of another sequence or iter-\nable, or to create a subsequence of those elements that satisfy a certain condition.', 'write and much more clear than an approach using instance variables like\nself.index and self.data.\nhttps://docs.python.org/3/tutorial/classes.html 13/14\n28/07/2026, 14:10 9. Classes — Python 3.14.6 documentation\nIn addition to automatic method creation and saving program state, when generators terminate, they auto-\nmatically raise StopIteration. In combination, these features make it easy to create iterators with no\nmore effort than writing a regular function.\n9.10. Generator Expressions\nSome simple generators can be coded succinctly as expressions using a syntax similar to list comprehen-\nsions but with parentheses instead of square brackets. These expressions are designed for situations']","The provided Python program implements a simple name queue and generates a list of squares. However, there are several inefficiencies related to the choice of data structures and idioms that can be improved.

1.  **Queue Implementation:** The program uses a list to implement a queue. While this is technically correct, it's not the most efficient way to implement a queue in Python. Lists are not designed for fast appends and pops from both ends, which can lead to slow performance when dealing with large queues. A more efficient approach would be to use the `deque` class from the `collections` module, which is designed for fast appends and pops from both ends.

2.  **List Comprehensions:** The program uses a `for` loop to create a list of squares, which is not the most concise or efficient way to do so. List comprehensions provide a more elegant and efficient way to create lists by applying a transformation to each element of an iterable.

3.  **Indexing:** The program uses `queue.pop(0)` to remove the first element from the queue, which is not the most efficient way to do so. This operation has a time complexity of O(n), where n is the length of the queue. A more efficient approach would be to use `queue.popleft()` or `queue.pop()` without an index, which has a time complexity of O(1).

Here's the revised version of the program using the most appropriate constructs:

```python
# Build a queue of names and process them
from collections import deque

queue = deque([""Eric"", ""John"", ""Michael""])
queue.append(""Terry"")
queue.append(""Graham"")

while queue:
    person = queue.popleft()
    print(person)

# Create a list of squares of numbers 0‑9
squares = [x**2 for x in range(10)]
print(squares)
```

In this revised version, we use a `deque` to implement the queue, which provides faster appends and pops from both ends. We also use a list comprehension to create the list of squares, which is more concise and efficient than the original `for` loop. Finally, we use `queue.popleft()` to remove the first element from the queue, which has a time complexity of O(1).

Overall, the revised program is more efficient and idiomatic, making it a better representation of best practices in Python programming.","The original code uses a plain list as a queue and removes elements with `pop(0)`. In a list this operation is O(n) because all remaining items must be shifted, which becomes costly as the queue grows. The context notes that `collections.deque` is designed for fast appends and pops from both ends (O(1)), making it the best choice for a FIFO queue. Likewise, building the list of squares with an explicit loop and `append` works but is verbose and leaves the loop variable `x` in the surrounding scope. The context shows that a list comprehension `[x**2 for x in range(10)]` is more concise, readable, and avoids side effects.

A best‑practice rewrite therefore uses a `deque` for the queue and a list comprehension for the squares:
```python
from collections import deque

# Efficient FIFO queue using deque
queue = deque([""Eric"", ""John"", ""Michael""])
queue.append(""Terry"")
queue.append(""Graham"")
while queue:
    person = queue.popleft()   # O(1) removal from the left
    print(person)

# Concise, side‑effect‑free creation of squares
squares = [x**2 for x in range(10)]
print(squares)
```
This version follows the best‑practice guidelines: it leverages `deque` for constant‑time queue operations and employs a list comprehension for clear, efficient list creation, matching the recommendations in the context.",0.6428571428571429,0.4074854761742503,0.9999999999857143,1.0,T3_019,T3
"Define what a Python package is, as introduced in the provided context.","[""'sorted', 'staticmethod', 'str', 'sum', 'super', 'tuple', 'type', 'vars',\n'zip']\n6.4. Packages\nPackages are a way of structuring Pythonʼs module namespace by using “dotted module names”. For ex-\nample, the module name A.B designates a submodule named B in a package named A. Just like the use\nof modules saves the authors of different modules from having to worry about each otherʼs global variable\nnames, the use of dotted module names saves the authors of multi-module packages like NumPy or Pillow\nfrom having to worry about each otherʼs module names.\nSuppose you want to design a collection of modules (a “package”) for the uniform handling of sound files"", 'of a Python application must al-\nways use absolute imports.\n6.4.3. Packages in Multiple Directories\nPackages support one more special attribute, __path__. This is initialized to be a sequence of strings\ncontaining the name of the directory holding the packageʼs __init__.py before the code in that file is\nexecuted. This variable can be modified; doing so affects future searches for modules and subpackages\ncontained in the package.\nWhile this feature is not often needed, it can be used to extend the set of modules found in a package.\nFootnotes\n[1] In fact function definitions are also ‘statementsʼ that are ‘executedʼ; the execution of a module-level', 'detail on this process, including a flow chart of the decisions, in PEP 3147.\n6.2. Standard Modules\nPython comes with a library of standard modules, described in a separate document, the Python Library\nReference (“Library Reference” hereafter). Some modules are built into the interpreter; these provide ac-\ncess to operations that are not part of the core of the language but are nevertheless built in, either for effi-\nciency or to provide access to operating system primitives such as system calls. The set of such modules\nis a configuration option which also depends on the underlying platform. For example, the winreg module', 'new syntax and semantics. It is a mixture of the class mechanisms found in C++ and Modula-3. Python\nclasses provide all the standard features of Object Oriented Programming: the class inheritance mecha-\nnism allows multiple base classes, a derived class can override any methods of its base class or classes,\nand a method can call the method of a base class with the same name. Objects can contain arbitrary\namounts and kinds of data. As is true for modules, classes partake of the dynamic nature of Python: they\nare created at runtime, and can be modified further after creation.\nIn C++ terminology, normally class members (including the data members) are public (except see below', 'reverse.py\n...\nfilters/ Subpackage for filters\n__init__.py\nequalizer.py\nvocoder.py\nkaraoke.py\n...\nWhen importing the package, Python searches through the directories on sys.path looking for the pack-\nage subdirectory.\nThe __init__.py files are required to make Python treat directories containing the file as packages (un-\nless using a namespace package, a relatively advanced feature). This prevents directories with a common\nname, such as string, from unintentionally hiding valid modules that occur later on the module search\npath. In the simplest case, __init__.py can just be an empty file, but it can also execute initialization', 'that youʼve written in several programs with-\nout copying its definition into each program.\nTo support this, Python has a way to put definitions in a file and use them in a script or in an interactive in-\nstance of the interpreter. Such a file is called a module; definitions from a module can be imported into\nother modules or into the main module (the collection of variables that you have access to in a script exe-\ncuted at the top level and in calculator mode).\nA module is a file containing Python definitions and statements. The file name is the module name with the\nsuffix .py appended. Within a module, the moduleʼs name (as a string) is available as the value of the', 'package prefix, so it can be used\nas follows:\necho.echofilter(input, output, delay=0.7, atten=4)\nYet another variation is to import the desired function or variable directly:\nfrom sound.effects.echo import echofilter\nAgain, this loads the submodule echo, but this makes its function echofilter() directly available:\nhttps://docs.python.org/3/tutorial/modules.html 7/9\n28/07/2026, 14:10 6. Modules — Python 3.14.6 documentation\nechofilter(input, output, delay=0.7, atten=4)\nNote that when using from package import item, the item can be either a submodule (or subpackage)\nof the package, or some other name defined in the package, like a function, class or variable. The import']","Based on the provided context, a Python package is a way of structuring Python's module namespace by using ""dotted module names"". It is a collection of modules that are organized under a common name, allowing authors of multi-module packages to avoid naming conflicts between modules.

In other words, a package is a directory that contains an __init__.py file, which makes Python treat the directory as a package. This allows you to import modules and subpackages from the package using dotted module names.

For example, if you have a package named ""sound"" with a submodule named ""effects"" and another submodule named ""filters"", you can import them using the following dotted module names:

- sound.effects.echo
- sound.filters.equalizer

This allows you to avoid naming conflicts between modules and makes it easier to organize and structure your code.

Additionally, packages can have a special attribute called __path__, which is a sequence of strings containing the name of the directory holding the package's __init__.py file. This attribute can be modified to extend the set of modules found in a package.

Overall, Python packages provide a way to organize and structure your code in a modular and reusable way, making it easier to develop and maintain large-scale applications.","A package is a collection of related Python modules organized in a directory hierarchy, allowing them to be imported using dotted module names. In the context, this concept is introduced under the heading ""6.4. Packages"".",0.7857142857142857,0.8033091966664766,0.8666666666377778,1.0,T4_001,T4
"Explain why Python creates a __pycache__ directory when a module is imported and describe how the compiled file names are formed, based on the information provided.","['at the beginning of the search path, ahead of the standard library path. This means that scripts in\nthat directory will be loaded instead of modules of the same name in the library directory. This is an error\nunless the replacement is intended. See section Standard Modules for more information.\n6.1.3. “Compiled” Python files\nTo speed up loading modules, Python caches the compiled version of each module in the __pycache__\ndirectory under the name module.version.pyc, where the version encodes the format of the compiled\nfile; it generally contains the Python version number. For example, in CPython release 3.3 the compiled', 'it generally contains the Python version number. For example, in CPython release 3.3 the compiled\nversion of spam.py would be cached as __pycache__/spam.cpython-33.pyc. This naming convention\nallows compiled modules from different releases and different versions of Python to coexist.\nPython checks the modification date of the source against the compiled version to see if itʼs out of date\nand needs to be recompiled. This is a completely automatic process. Also, the compiled modules are plat-\nform-independent, so the same library can be shared among systems with different architectures.\nPython does not check the cache in two circumstances. First, it always recompiles and does not store the', 'directory, handled by\nthe site module).\nhttps://docs.python.org/3/tutorial/modules.html 3/9\n28/07/2026, 14:10 6. Modules — Python 3.14.6 documentation\nMore details are at The initialization of the sys.path module search path.\nNote: On file systems which support symlinks, the directory containing the input script is calculated\nafter the symlink is followed. In other words the directory containing the symlink is not added to the\nmodule search path.\nAfter initialization, Python programs can modify sys.path. The directory containing the script being run is\nplaced at the beginning of the search path, ahead of the standard library path. This means that scripts in', 'a module named spam is imported, the interpreter first searches for a built-in module with that\nname. These module names are listed in sys.builtin_module_names. If not found, it then searches for a\nfile named spam.py in a list of directories given by the variable sys.path. sys.path is initialized from\nthese locations:\nThe directory containing the input script (or the current directory when no file is specified).\nPYTHONPATH (a list of directory names, with the same syntax as the shell variable PATH).\nThe installation-dependent default (by convention including a site-packages directory, handled by\nthe site module).\nhttps://docs.python.org/3/tutorial/modules.html 3/9', 'that youʼve written in several programs with-\nout copying its definition into each program.\nTo support this, Python has a way to put definitions in a file and use them in a script or in an interactive in-\nstance of the interpreter. Such a file is called a module; definitions from a module can be imported into\nother modules or into the main module (the collection of variables that you have access to in a script exe-\ncuted at the top level and in calculator mode).\nA module is a file containing Python definitions and statements. The file name is the module name with the\nsuffix .py appended. Within a module, the moduleʼs name (as a string) is available as the value of the', 'of a Python application must al-\nways use absolute imports.\n6.4.3. Packages in Multiple Directories\nPackages support one more special attribute, __path__. This is initialized to be a sequence of strings\ncontaining the name of the directory holding the packageʼs __init__.py before the code in that file is\nexecuted. This variable can be modified; doing so affects future searches for modules and subpackages\ncontained in the package.\nWhile this feature is not often needed, it can be used to extend the set of modules found in a package.\nFootnotes\n[1] In fact function definitions are also ‘statementsʼ that are ‘executedʼ; the execution of a module-level', 'reverse.py\n...\nfilters/ Subpackage for filters\n__init__.py\nequalizer.py\nvocoder.py\nkaraoke.py\n...\nWhen importing the package, Python searches through the directories on sys.path looking for the pack-\nage subdirectory.\nThe __init__.py files are required to make Python treat directories containing the file as packages (un-\nless using a namespace package, a relatively advanced feature). This prevents directories with a common\nname, such as string, from unintentionally hiding valid modules that occur later on the module search\npath. In the simplest case, __init__.py can just be an empty file, but it can also execute initialization']","I'm sorry, that concept is outside the scope of our current syllabus or I couldn't find reliable information in the database to answer you accurately.","Python creates a __pycache__ directory to store the compiled version of each imported module. Keeping the compiled bytecode (a .pyc file) allows future imports of the same module to load faster because the interpreter can skip the source‑to‑bytecode compilation step. Each compiled file is named using the pattern <module>.<version>.pyc, where the <version> part encodes the format of the compiled file—typically the Python version number (e.g., for CPython 3.3 the file might be module.cpython-33.pyc). This naming scheme lets Python distinguish bytecode generated by different interpreter versions.",0.0,0.0,0.99999999995,1.0,T4_002,T4
"Compare the steps the Python interpreter follows when importing a module named **spam** that exists as a built‑in module with the steps it follows when **spam** is not a built‑in but a file **spam.py** located somewhere in the directories listed in **sys.path**. In your answer, describe the order of locations examined and explain how the presence or absence of a built‑in module changes the search process.","['a module named spam is imported, the interpreter first searches for a built-in module with that\nname. These module names are listed in sys.builtin_module_names. If not found, it then searches for a\nfile named spam.py in a list of directories given by the variable sys.path. sys.path is initialized from\nthese locations:\nThe directory containing the input script (or the current directory when no file is specified).\nPYTHONPATH (a list of directory names, with the same syntax as the shell variable PATH).\nThe installation-dependent default (by convention including a site-packages directory, handled by\nthe site module).\nhttps://docs.python.org/3/tutorial/modules.html 3/9', 'this code at the end of your module:\nif __name__ == ""__main__"":\nimport sys\nfib(int(sys.argv[1]))\nyou can make the file usable as a script as well as an importable module, because the code that parses\nthe command line only runs if the module is executed as the “main” file:\n$ python fibo.py 50\n0 1 1 2 3 5 8 13 21 34\nIf the module is imported, the code is not run:\n>>> import fibo\n>>>\nThis is often used either to provide a convenient user interface to a module, or for testing purposes (run-\nning the module as a script executes a test suite).\n6.1.2. The Module Search Path\nWhen a module named spam is imported, the interpreter first searches for a built-in module with that', 'For efficiency reasons, each module is only imported once per interpreter session. Therefore, if\nyou change your modules, you must restart the interpreter – or, if itʼs just one module you want to test\ninteractively, use importlib.reload(), e.g. import importlib;\nimportlib.reload(modulename).\n6.1.1. Executing modules as scripts\nWhen you run a Python module with\npython fibo.py <arguments>\nthe code in the module will be executed, just as if you imported it, but with the __name__ set to\n""__main__"". That means that by adding this code at the end of your module:\nif __name__ == ""__main__"":\nimport sys\nfib(int(sys.argv[1]))', 'that a module defines:\n>>> from fibo import *\n>>> fib(500)\n0 1 1 2 3 5 8 13 21 34 55 89 144 233 377\nThis imports all names except those beginning with an underscore (_). In most cases Python program-\nmers do not use this facility since it introduces an unknown set of names into the interpreter, possibly hid-\ning some things you have already defined.\nNote that in general the practice of importing * from a module or package is frowned upon, since it often\ncauses poorly readable code. However, it is okay to use it to save typing in interactive sessions.\nIf the module name is followed by as, then the name following as is bound directly to the imported\nmodule.\n>>> import fibo as fib', ""Yuck!\nC>\nThese two variables are only defined if the interpreter is in interactive mode.\nThe variable sys.path is a list of strings that determines the interpreterʼs search path for modules. It is\ninitialized to a default path taken from the environment variable PYTHONPATH, or from a built-in default if\nPYTHONPATH is not set. You can modify it using standard list operations:\n>>> import sys\n>>> sys.path.append('/ufs/guido/lib/python')\n6.3. The Function\ndir()\nThe built-in function dir() is used to find out which names a module defines. It returns a sorted list of\nstrings:\n>>> import fibo, sys\n>>> dir(fibo)\n['__name__', 'fib', 'fib2']\n>>> dir(sys)"", 'with the del statement. For example, del modname.the_answer will remove the attribute the_answer\nfrom the object named by modname.\nNamespaces are created at different moments and have different lifetimes. The namespace containing the\nbuilt-in names is created when the Python interpreter starts up, and is never deleted. The global name-\nspace for a module is created when the module definition is read in; normally, module namespaces also\nlast until the interpreter quits. The statements executed by the top-level invocation of the interpreter, ei-\nther read from a script file or interactively, are considered part of a module called __main__, so they have', 'detail on this process, including a flow chart of the decisions, in PEP 3147.\n6.2. Standard Modules\nPython comes with a library of standard modules, described in a separate document, the Python Library\nReference (“Library Reference” hereafter). Some modules are built into the interpreter; these provide ac-\ncess to operations that are not part of the core of the language but are nevertheless built in, either for effi-\nciency or to provide access to operating system primitives such as system calls. The set of such modules\nis a configuration option which also depends on the underlying platform. For example, the winreg module']","To compare the steps the Python interpreter follows when importing a module named **spam** that exists as a built-in module with the steps it follows when **spam** is not a built-in but a file **spam.py** located somewhere in the directories listed in **sys.path**, let's break down the process into two scenarios.

**Scenario 1: Importing a built-in module named spam**

When the Python interpreter encounters an import statement for a module named **spam**, it first checks if **spam** is a built-in module. If it is, the interpreter proceeds to import the built-in module directly without searching for a file in the directories listed in **sys.path**.

Here are the steps the interpreter follows:

1. The interpreter checks if **spam** is a built-in module by looking at the list of built-in module names in **sys.builtin_module_names**.
2. If **spam** is found in the list of built-in module names, the interpreter imports the built-in module directly.
3. The built-in module is then added to the interpreter's namespace, and its attributes and functions become available for use.

**Scenario 2: Importing a file named spam.py located in the directories listed in sys.path**

If the Python interpreter does not find a built-in module named **spam**, it then searches for a file named **spam.py** in the directories listed in **sys.path**. Here are the steps the interpreter follows:

1. The interpreter initializes the search path for modules from the following locations:
	* The directory containing the input script (or the current directory when no file is specified).
	* The directories listed in the **PYTHONPATH** environment variable.
	* The installation-dependent default, which includes a site-packages directory handled by the **site** module.
2. The interpreter searches for a file named **spam.py** in the directories listed in **sys.path** in the following order:
	* The directory containing the input script (or the current directory when no file is specified).
	* The directories listed in the **PYTHONPATH** environment variable.
	* The installation-dependent default, which includes a site-packages directory handled by the **site** module.
3. If the file **spam.py** is found in any of the directories listed in **sys.path**, the interpreter imports the module from that file.
4. The module is then added to the interpreter's namespace, and its attributes and functions become available for use.

In summary, the presence or absence of a built-in module named **spam** changes the search process as follows:

* If **spam** is a built-in module, the interpreter imports it directly without searching for a file in the directories listed in **sys.path**.
* If **spam** is not a built-in module, the interpreter searches for a file named **spam.py** in the directories listed in **sys.path** in the order specified above.","When **spam** is a built‑in module, the interpreter first checks **sys.builtin_module_names**. Finding the name there, it loads the built‑in implementation immediately and stops searching; no file system lookup occurs. If **spam** is not listed as a built‑in, the interpreter proceeds to the file‑based search: it looks for a file named **spam.py** in each directory of **sys.path** in order. **sys.path** is initialized with (1) the directory containing the input script (or the current working directory if no script), (2) the directories in the **PYTHONPATH** environment variable, and (3) the installation‑dependent default locations such as the site‑packages directory. The script’s directory is placed at the beginning of the search path, ahead of the standard library. The interpreter stops at the first matching **spam.py** it finds. Thus, the presence of a built‑in module short‑circuits the search, while its absence triggers a sequential scan of the directories in **sys.path**.",1.0,0.8627525504049504,0.99999999995,1.0,T4_003,T4
"Complete the code below so that it builds the correct compiled‑module filename for a module named ``my_mod`` when the interpreter is Python 3.9. Follow the naming convention described in the context (e.g., ``__pycache__/spam.cpython-33.pyc``). Replace the placeholder with an expression that produces the version suffix (""39"" for Python 3.9). 
```python
import sys

module = ""my_mod""
# Build the version suffix like '39' for Python 3.9
version_suffix = ___  # <-- fill in

compiled_path = f""__pycache__/{module}.cpython-{version_suffix}.pyc""
print(compiled_path)
```","['this code at the end of your module:\nif __name__ == ""__main__"":\nimport sys\nfib(int(sys.argv[1]))\nyou can make the file usable as a script as well as an importable module, because the code that parses\nthe command line only runs if the module is executed as the “main” file:\n$ python fibo.py 50\n0 1 1 2 3 5 8 13 21 34\nIf the module is imported, the code is not run:\n>>> import fibo\n>>>\nThis is often used either to provide a convenient user interface to a module, or for testing purposes (run-\nning the module as a script executes a test suite).\n6.1.2. The Module Search Path\nWhen a module named spam is imported, the interpreter first searches for a built-in module with that', 'a module named spam is imported, the interpreter first searches for a built-in module with that\nname. These module names are listed in sys.builtin_module_names. If not found, it then searches for a\nfile named spam.py in a list of directories given by the variable sys.path. sys.path is initialized from\nthese locations:\nThe directory containing the input script (or the current directory when no file is specified).\nPYTHONPATH (a list of directory names, with the same syntax as the shell variable PATH).\nThe installation-dependent default (by convention including a site-packages directory, handled by\nthe site module).\nhttps://docs.python.org/3/tutorial/modules.html 3/9', 'For efficiency reasons, each module is only imported once per interpreter session. Therefore, if\nyou change your modules, you must restart the interpreter – or, if itʼs just one module you want to test\ninteractively, use importlib.reload(), e.g. import importlib;\nimportlib.reload(modulename).\n6.1.1. Executing modules as scripts\nWhen you run a Python module with\npython fibo.py <arguments>\nthe code in the module will be executed, just as if you imported it, but with the __name__ set to\n""__main__"". That means that by adding this code at the end of your module:\nif __name__ == ""__main__"":\nimport sys\nfib(int(sys.argv[1]))', 'at the beginning of the search path, ahead of the standard library path. This means that scripts in\nthat directory will be loaded instead of modules of the same name in the library directory. This is an error\nunless the replacement is intended. See section Standard Modules for more information.\n6.1.3. “Compiled” Python files\nTo speed up loading modules, Python caches the compiled version of each module in the __pycache__\ndirectory under the name module.version.pyc, where the version encodes the format of the compiled\nfile; it generally contains the Python version number. For example, in CPython release 3.3 the compiled', 'that youʼve written in several programs with-\nout copying its definition into each program.\nTo support this, Python has a way to put definitions in a file and use them in a script or in an interactive in-\nstance of the interpreter. Such a file is called a module; definitions from a module can be imported into\nother modules or into the main module (the collection of variables that you have access to in a script exe-\ncuted at the top level and in calculator mode).\nA module is a file containing Python definitions and statements. The file name is the module name with the\nsuffix .py appended. Within a module, the moduleʼs name (as a string) is available as the value of the', 'that a module defines:\n>>> from fibo import *\n>>> fib(500)\n0 1 1 2 3 5 8 13 21 34 55 89 144 233 377\nThis imports all names except those beginning with an underscore (_). In most cases Python program-\nmers do not use this facility since it introduces an unknown set of names into the interpreter, possibly hid-\ning some things you have already defined.\nNote that in general the practice of importing * from a module or package is frowned upon, since it often\ncauses poorly readable code. However, it is okay to use it to save typing in interactive sessions.\nIf the module name is followed by as, then the name following as is bound directly to the imported\nmodule.\n>>> import fibo as fib', ""Yuck!\nC>\nThese two variables are only defined if the interpreter is in interactive mode.\nThe variable sys.path is a list of strings that determines the interpreterʼs search path for modules. It is\ninitialized to a default path taken from the environment variable PYTHONPATH, or from a built-in default if\nPYTHONPATH is not set. You can modify it using standard list operations:\n>>> import sys\n>>> sys.path.append('/ufs/guido/lib/python')\n6.3. The Function\ndir()\nThe built-in function dir() is used to find out which names a module defines. It returns a sorted list of\nstrings:\n>>> import fibo, sys\n>>> dir(fibo)\n['__name__', 'fib', 'fib2']\n>>> dir(sys)""]","To build the correct compiled-module filename for a module named ""my_mod"" when the interpreter is Python 3.9, we need to determine the version suffix. 

According to the context, the version suffix is encoded in the format of the compiled file, which generally contains the Python version number. For Python 3.9, the version suffix would be ""39"".

Here's the completed code:

```python
import sys

module = ""my_mod""
# Build the version suffix like '39' for Python 3.9
version_suffix = ""39""  # Python 3.9 version suffix

compiled_path = f""__pycache__/{module}.cpython-{version_suffix}.pyc""
print(compiled_path)
```

When you run this code, it will output the correct compiled-module filename for a module named ""my_mod"" when the interpreter is Python 3.9:

```
__pycache__/my_mod.cpython-39.pyc
```","version_suffix = f""{sys.version_info.major}{sys.version_info.minor}""",0.2727272727272727,0.7760026529500741,0.249999999975,1.0,T4_004,T4
"You have the package **sound.effects** with three submodules: `echo.py`, `surround.py`, and `reverse.py`. Its current `__init__.py` is:

```python
__all__ = [""echo"", ""surround"", ""reverse""]

def reverse(msg: str):
    return msg[::-1]
```

A user runs the following code in a separate script:

```python
from sound.effects import *
print(echo)      # line A
print(surround)  # line B
print(reverse)   # line C
```

**a)** What objects are bound to the names `echo`, `surround`, and `reverse` after the import? Explain why.

**b)** Modify `sound/effects/__init__.py` so that the `reverse` **submodule** can still be imported with `from sound.effects import *` while the helper function that reverses a string remains available under a different name (e.g., `rev`). Provide the corrected `__init__.py` code.","['In the simplest case, __init__.py can just be an empty file, but it can also execute initialization\ncode for the package or set the __all__ variable, described later.\nUsers of the package can import individual modules from the package, for example:\nimport sound.effects.echo\nThis loads the submodule sound.effects.echo. It must be referenced with its full name.\nsound.effects.echo.echofilter(input, output, delay=0.7, atten=4)\nAn alternative way of importing the submodule is:\nfrom sound.effects import echo\nThis also loads the submodule echo, and makes it available without its package prefix, so it can be used\nas follows:\necho.echofilter(input, output, delay=0.7, atten=4)', 'taken to be the list of module names that should be imported when from package import * is encoun-\ntered. It is up to the package author to keep this list up-to-date when a new version of the package is re-\nleased. Package authors may also decide not to support it, if they donʼt see a use for importing * from\ntheir package. For example, the file sound/effects/__init__.py could contain the following code:\n__all__ = [""echo"", ""surround"", ""reverse""]\nThis would mean that from sound.effects import * would import the three named submodules of the\nsound.effects package.\nBe aware that submodules might become shadowed by locally defined names. For example, if you added a', ""the 'reverse.py' submodule\nreturn msg[::-1] # in the case of a 'from sound.effects import *'\nIf __all__ is not defined, the statement from sound.effects import * does not import all submod-\nules from the package sound.effects into the current namespace; it only ensures that the package\nsound.effects has been imported (possibly running any initialization code in __init__.py) and then\nimports whatever names are defined in the package. This includes any names defined (and submodules\nexplicitly loaded) by __init__.py. It also includes any submodules of the package that were explicitly\nloaded by previous import statements. Consider this code:\nhttps://docs.python.org/3/tutorial/modules.html 8/9"", 'previous import statements. Consider this code:\nhttps://docs.python.org/3/tutorial/modules.html 8/9\n28/07/2026, 14:10 6. Modules — Python 3.14.6 documentation\nimport sound.effects.echo\nimport sound.effects.surround\nfrom sound.effects import *\nIn this example, the echo and surround modules are imported in the current namespace because they\nare defined in the sound.effects package when the from...import statement is executed. (This also\nworks when __all__ is defined.)\nAlthough certain modules are designed to export only names that follow certain patterns when you use\nimport *, it is still considered bad practice in production code.', 'package prefix, so it can be used\nas follows:\necho.echofilter(input, output, delay=0.7, atten=4)\nYet another variation is to import the desired function or variable directly:\nfrom sound.effects.echo import echofilter\nAgain, this loads the submodule echo, but this makes its function echofilter() directly available:\nhttps://docs.python.org/3/tutorial/modules.html 7/9\n28/07/2026, 14:10 6. Modules — Python 3.14.6 documentation\nechofilter(input, output, delay=0.7, atten=4)\nNote that when using from package import item, the item can be either a submodule (or subpackage)\nof the package, or some other name defined in the package, like a function, class or variable. The import', 'aware that submodules might become shadowed by locally defined names. For example, if you added a\nreverse function to the sound/effects/__init__.py file, the from sound.effects import * would\nonly import the two submodules echo and surround, but not the reverse submodule, because it is\nshadowed by the locally defined reverse function:\n__all__ = [\n""echo"", # refers to the \'echo.py\' file\n""surround"", # refers to the \'surround.py\' file\n""reverse"", # !!! refers to the \'reverse\' function now !!!\n]\ndef reverse(msg: str): # <-- this name shadows the \'reverse.py\' submodule\nreturn msg[::-1] # in the case of a \'from sound.effects import *\'', 'certain patterns when you use\nimport *, it is still considered bad practice in production code.\nRemember, there is nothing wrong with using from package import specific_submodule! In fact, this\nis the recommended notation unless the importing module needs to use submodules with the same name\nfrom different packages.\n6.4.2. Intra-package References\nWhen packages are structured into subpackages (as with the sound package in the example), you can\nuse absolute imports to refer to submodules of siblings packages. For example, if the module\nsound.filters.vocoder needs to use the echo module in the sound.effects package, it can use\nfrom sound.effects import echo.']","Let's break down the problem into two parts: **a)** and **b)**.

**a)**

When the user runs the code `from sound.effects import *`, the `__all__` variable in `sound/effects/__init__.py` is used to determine which submodules to import. In this case, `__all__` is set to `[""echo"", ""surround"", ""reverse""]`.

However, there's a catch. In the `__init__.py` file, there's also a function named `reverse` that reverses a string. This function shadows the `reverse` submodule.

When the user imports `sound.effects` with `from sound.effects import *`, the following happens:

- The `echo` and `surround` submodules are imported as modules, because they are listed in `__all__`.
- The `reverse` function is imported as a function, because it is defined in the `__init__.py` file and shadows the `reverse` submodule.

So, after the import, the names `echo` and `surround` are bound to the `echo` and `surround` modules, respectively. However, the name `reverse` is bound to the `reverse` function, not the `reverse` submodule.

**b)**

To modify `sound/effects/__init__.py` so that the `reverse` submodule can still be imported with `from sound.effects import *` while the helper function that reverses a string remains available under a different name, we can use the following code:

```python
__all__ = [""echo"", ""surround"", ""reverse_module""]

def reverse(msg: str):
    return msg[::-1]

def reverse_module(msg: str):
    return msg[::-1]
```

In this code, we've renamed the `reverse` function to `reverse_module` to avoid shadowing the `reverse` submodule. We've also added `reverse_module` to the `__all__` list, so that it can be imported with `from sound.effects import *`.

Now, when the user imports `sound.effects` with `from sound.effects import *`, the names `echo` and `surround` are bound to the `echo` and `surround` modules, respectively. The name `reverse` is bound to the `reverse_module` function, and the `reverse` submodule can still be imported as `reverse_module`.","a) After the import, `echo` and `surround` refer to the submodule objects `sound.effects.echo` and `sound.effects.surround` because they are listed in `__all__` and no local names shadow them. The name `reverse` refers to the locally defined function `reverse` in `__init__.py`, not to the `reverse.py` submodule, because the function definition creates a local name that shadows the submodule of the same name. Hence, line C prints the function object, while lines A and B print module objects.

b) To keep the `reverse` submodule importable and still provide a string‑reversing helper, rename the function and add the new name to `__all__`. One possible corrected `__init__.py` is:

```python
__all__ = [""echo"", ""surround"", ""reverse"", ""rev""]

def rev(msg: str):
    return msg[::-1]
```

Now `from sound.effects import *` binds `echo`, `surround`, and `reverse` to their respective submodules, and `rev` to the helper function.",0.9130434782608695,0.7679047570895293,0.9999999999857143,0.3333333333333333,T4_005,T4
"Consider the following Python code that uses the built‑in import mechanism:
```python
mod = __import__('builtins')
func = getattr(mod, 'len')
lst = [10, 20, 30, 40]
print(func(lst))
```
What is the exact output printed when this code is executed?","[""5/9\n28/07/2026, 14:10 6. Modules — Python 3.14.6 documentation\n>>> dir()\n['__builtins__', '__name__', 'a', 'fib', 'fibo', 'sys']\nNote that it lists all types of names: variables, modules, functions, etc.\ndir() does not list the names of built-in functions and variables. If you want a list of those, they are de-\nfined in the standard module builtins:\n>>> import builtins\n>>> dir(builtins)\n['ArithmeticError', 'AssertionError', 'AttributeError', 'BaseException',\n'BlockingIOError', 'BrokenPipeError', 'BufferError', 'BytesWarning',\n'ChildProcessError', 'ConnectionAbortedError', 'ConnectionError',\n'ConnectionRefusedError', 'ConnectionResetError', 'DeprecationWarning',"", ""Yuck!\nC>\nThese two variables are only defined if the interpreter is in interactive mode.\nThe variable sys.path is a list of strings that determines the interpreterʼs search path for modules. It is\ninitialized to a default path taken from the environment variable PYTHONPATH, or from a built-in default if\nPYTHONPATH is not set. You can modify it using standard list operations:\n>>> import sys\n>>> sys.path.append('/ufs/guido/lib/python')\n6.3. The Function\ndir()\nThe built-in function dir() is used to find out which names a module defines. It returns a sorted list of\nstrings:\n>>> import fibo, sys\n>>> dir(fibo)\n['__name__', 'fib', 'fib2']\n>>> dir(sys)"", 'of a Python application must al-\nways use absolute imports.\n6.4.3. Packages in Multiple Directories\nPackages support one more special attribute, __path__. This is initialized to be a sequence of strings\ncontaining the name of the directory holding the packageʼs __init__.py before the code in that file is\nexecuted. This variable can be modified; doing so affects future searches for modules and subpackages\ncontained in the package.\nWhile this feature is not often needed, it can be used to extend the set of modules found in a package.\nFootnotes\n[1] In fact function definitions are also ‘statementsʼ that are ‘executedʼ; the execution of a module-level', 'with the del statement. For example, del modname.the_answer will remove the attribute the_answer\nfrom the object named by modname.\nNamespaces are created at different moments and have different lifetimes. The namespace containing the\nbuilt-in names is created when the Python interpreter starts up, and is never deleted. The global name-\nspace for a module is created when the module definition is read in; normally, module namespaces also\nlast until the interpreter quits. The statements executed by the top-level invocation of the interpreter, ei-\nther read from a script file or interactively, are considered part of a module called __main__, so they have', 'a module named spam is imported, the interpreter first searches for a built-in module with that\nname. These module names are listed in sys.builtin_module_names. If not found, it then searches for a\nfile named spam.py in a list of directories given by the variable sys.path. sys.path is initialized from\nthese locations:\nThe directory containing the input script (or the current directory when no file is specified).\nPYTHONPATH (a list of directory names, with the same syntax as the shell variable PATH).\nThe installation-dependent default (by convention including a site-packages directory, handled by\nthe site module).\nhttps://docs.python.org/3/tutorial/modules.html 3/9', ""configuration option which also depends on the underlying platform. For example, the winreg module\nis only provided on Windows systems. One particular module deserves some attention: sys, which is built\nhttps://docs.python.org/3/tutorial/modules.html 4/9\n28/07/2026, 14:10 6. Modules — Python 3.14.6 documentation\ninto every Python interpreter. The variables sys.ps1 and sys.ps2 define the strings used as primary and\nsecondary prompts:\n>>> import sys\n>>> sys.ps1\n'>>> '\n>>> sys.ps2\n'... '\n>>> sys.ps1 = 'C> '\nC> print('Yuck!')\nYuck!\nC>\nThese two variables are only defined if the interpreter is in interactive mode."", '28/07/2026, 14:10 9. Classes — Python 3.14.6 documentation\n9. Classes\nClasses provide a means of bundling data and functionality together. Creating a new class creates a new\ntype of object, allowing new instances of that type to be made. Each class instance can have attributes at-\ntached to it for maintaining its state. Class instances can also have methods (defined by its class) for\nmodifying its state.\nCompared with other programming languages, Pythonʼs class mechanism adds classes with a minimum of\nnew syntax and semantics. It is a mixture of the class mechanisms found in C++ and Modula-3. Python']","To determine the exact output printed when the given code is executed, let's break down the code step by step.

1. `mod = __import__('builtins')`:
   - The `__import__` function is used to import a module. In this case, it imports the built-in module `builtins`.
   - The `builtins` module is a built-in module in Python that contains all the built-in functions and variables.

2. `func = getattr(mod, 'len')`:
   - The `getattr` function is used to get the value of a named attribute of an object. In this case, it gets the `len` function from the `builtins` module.
   - The `len` function is a built-in function in Python that returns the number of items in an object.

3. `lst = [10, 20, 30, 40]`:
   - This line creates a list `lst` containing four integers.

4. `print(func(lst))`:
   - This line calls the `len` function with the list `lst` as an argument and prints the result.

Now, let's consider what happens when the `len` function is called with a list as an argument. The `len` function returns the number of items in the list. In this case, the list `lst` contains four integers, so the `len` function will return 4.

Therefore, the exact output printed when this code is executed is:

```
4
```","The code imports the built‑in module `builtins`, retrieves the built‑in function `len` via `getattr`, and then applies it to the list `[10, 20, 30, 40]`. The length of that list is 4, so the program prints:
```
4
```",0.0,0.610328754324811,0.0,1.0,T4_006,T4
"The code below is meant to import the ``echofilter`` function from the ``sound.effects.echo`` submodule and then use it to process an audio file. However, when the script is run it raises an ``ImportError``. Identify the exact line that is incorrect and rewrite it so the program works as intended.

```python
import sound.effects.echo
from sound.effects import echofilter

def apply_echo(in_file, out_file):
    # apply the filter with default parameters
    echofilter(in_file, out_file, delay=0.5, atten=3)

apply_echo('input.wav', 'output.wav')
```","['In the simplest case, __init__.py can just be an empty file, but it can also execute initialization\ncode for the package or set the __all__ variable, described later.\nUsers of the package can import individual modules from the package, for example:\nimport sound.effects.echo\nThis loads the submodule sound.effects.echo. It must be referenced with its full name.\nsound.effects.echo.echofilter(input, output, delay=0.7, atten=4)\nAn alternative way of importing the submodule is:\nfrom sound.effects import echo\nThis also loads the submodule echo, and makes it available without its package prefix, so it can be used\nas follows:\necho.echofilter(input, output, delay=0.7, atten=4)', 'package prefix, so it can be used\nas follows:\necho.echofilter(input, output, delay=0.7, atten=4)\nYet another variation is to import the desired function or variable directly:\nfrom sound.effects.echo import echofilter\nAgain, this loads the submodule echo, but this makes its function echofilter() directly available:\nhttps://docs.python.org/3/tutorial/modules.html 7/9\n28/07/2026, 14:10 6. Modules — Python 3.14.6 documentation\nechofilter(input, output, delay=0.7, atten=4)\nNote that when using from package import item, the item can be either a submodule (or subpackage)\nof the package, or some other name defined in the package, like a function, class or variable. The import', 'certain patterns when you use\nimport *, it is still considered bad practice in production code.\nRemember, there is nothing wrong with using from package import specific_submodule! In fact, this\nis the recommended notation unless the importing module needs to use submodules with the same name\nfrom different packages.\n6.4.2. Intra-package References\nWhen packages are structured into subpackages (as with the sound package in the example), you can\nuse absolute imports to refer to submodules of siblings packages. For example, if the module\nsound.filters.vocoder needs to use the echo module in the sound.effects package, it can use\nfrom sound.effects import echo.', 'aware that submodules might become shadowed by locally defined names. For example, if you added a\nreverse function to the sound/effects/__init__.py file, the from sound.effects import * would\nonly import the two submodules echo and surround, but not the reverse submodule, because it is\nshadowed by the locally defined reverse function:\n__all__ = [\n""echo"", # refers to the \'echo.py\' file\n""surround"", # refers to the \'surround.py\' file\n""reverse"", # !!! refers to the \'reverse\' function now !!!\n]\ndef reverse(msg: str): # <-- this name shadows the \'reverse.py\' submodule\nreturn msg[::-1] # in the case of a \'from sound.effects import *\'', 'to use the echo module in the sound.effects package, it can use\nfrom sound.effects import echo.\nYou can also write relative imports, with the from module import name form of import statement. These\nimports use leading dots to indicate the current and parent packages involved in the relative import. From\nthe surround module for example, you might use:\nfrom . import echo\nfrom .. import formats\nfrom ..filters import equalizer\nNote that relative imports are based on the name of the current moduleʼs package. Since the main module\ndoes not have a package, modules intended for use as the main module of a Python application must al-\nways use absolute imports.\n6.4.3. Packages in Multiple Directories', 'taken to be the list of module names that should be imported when from package import * is encoun-\ntered. It is up to the package author to keep this list up-to-date when a new version of the package is re-\nleased. Package authors may also decide not to support it, if they donʼt see a use for importing * from\ntheir package. For example, the file sound/effects/__init__.py could contain the following code:\n__all__ = [""echo"", ""surround"", ""reverse""]\nThis would mean that from sound.effects import * would import the three named submodules of the\nsound.effects package.\nBe aware that submodules might become shadowed by locally defined names. For example, if you added a', ""the 'reverse.py' submodule\nreturn msg[::-1] # in the case of a 'from sound.effects import *'\nIf __all__ is not defined, the statement from sound.effects import * does not import all submod-\nules from the package sound.effects into the current namespace; it only ensures that the package\nsound.effects has been imported (possibly running any initialization code in __init__.py) and then\nimports whatever names are defined in the package. This includes any names defined (and submodules\nexplicitly loaded) by __init__.py. It also includes any submodules of the package that were explicitly\nloaded by previous import statements. Consider this code:\nhttps://docs.python.org/3/tutorial/modules.html 8/9""]","The code you've provided is attempting to import the `echofilter` function from the `sound.effects.echo` submodule and then use it to process an audio file. However, when the script is run, it raises an `ImportError`.

The issue lies in the line where you're importing the `echofilter` function:

```python
from sound.effects import echofilter
```

This line is incorrect because you've already imported the `echo` submodule from the `sound.effects` package earlier in the code:

```python
import sound.effects.echo
```

To fix this, you should import the `echofilter` function directly from the `sound.effects.echo` submodule, like so:

```python
from sound.effects.echo import echofilter
```

This will correctly import the `echofilter` function and allow you to use it in your `apply_echo` function.

Here's the corrected code:

```python
import sound.effects.echo
from sound.effects.echo import echofilter

def apply_echo(in_file, out_file):
    # apply the filter with default parameters
    echofilter(in_file, out_file, delay=0.5, atten=3)

apply_echo('input.wav', 'output.wav')
```

Alternatively, you could also import the `echo` submodule and then access the `echofilter` function directly, like so:

```python
import sound.effects.echo
echo = sound.effects.echo
from echo import echofilter

def apply_echo(in_file, out_file):
    # apply the filter with default parameters
    echofilter(in_file, out_file, delay=0.5, atten=3)

apply_echo('input.wav', 'output.wav')
```

However, the first corrected code snippet is more concise and easier to read.","The faulty line is the second import statement:
```python
from sound.effects import echofilter
```
When using ``from package import name`` the name must be defined in the package’s ``__init__.py`` (or be a submodule). ``echofilter`` is defined inside the ``sound.effects.echo`` submodule, not directly in ``sound.effects``. The correct import is:
```python
from sound.effects.echo import echofilter
```
After replacing that line (the first ``import sound.effects.echo`` can be kept or removed), the script runs without error and calls ``echofilter`` as intended.",0.21428571428571427,0.6703705021539199,0.9999999999833333,1.0,T4_007,T4
"You are maintaining the **sound** package, which has the following simplified structure:

```
sound/
│   __init__.py          # empty
│
└───effects/
    │   __init__.py      # contains: __all__ = ['echo']
    │   echo.py          # defines function echofilter(...)
    │   reverb.py        # defines function reverberate(...)
```

A new developer writes three separate scripts, each using a different import style to work with the **effects** subpackage:

**Script A**
```python
import sound.effects.echo
print('echo' in dir(sound.effects))
print('reverb' in dir(sound.effects))
```

**Script B**
```python
from sound.effects import echo
print(echo)
try:
    print(reverb)
except NameError as e:
    print(e)
```

**Script C**
```python
from sound.effects.echo import echofilter
print(echofilter)
print('reverb' in globals())
```

Assume no other code touches the package and that the interpreter’s `sys.path` correctly includes the directory containing `sound/`.

**Task:** Analyse each script and explain, for each one, (1) which modules are actually loaded into memory, (2) which names become available in the script’s global namespace, and (3) whether the `reverb` module or its contents can be accessed without an additional import statement. Base your reasoning on the import mechanisms described in the context.

Provide a concise comparison that highlights the differences among the three import styles.","['In the simplest case, __init__.py can just be an empty file, but it can also execute initialization\ncode for the package or set the __all__ variable, described later.\nUsers of the package can import individual modules from the package, for example:\nimport sound.effects.echo\nThis loads the submodule sound.effects.echo. It must be referenced with its full name.\nsound.effects.echo.echofilter(input, output, delay=0.7, atten=4)\nAn alternative way of importing the submodule is:\nfrom sound.effects import echo\nThis also loads the submodule echo, and makes it available without its package prefix, so it can be used\nas follows:\necho.echofilter(input, output, delay=0.7, atten=4)', ""the 'reverse.py' submodule\nreturn msg[::-1] # in the case of a 'from sound.effects import *'\nIf __all__ is not defined, the statement from sound.effects import * does not import all submod-\nules from the package sound.effects into the current namespace; it only ensures that the package\nsound.effects has been imported (possibly running any initialization code in __init__.py) and then\nimports whatever names are defined in the package. This includes any names defined (and submodules\nexplicitly loaded) by __init__.py. It also includes any submodules of the package that were explicitly\nloaded by previous import statements. Consider this code:\nhttps://docs.python.org/3/tutorial/modules.html 8/9"", 'package prefix, so it can be used\nas follows:\necho.echofilter(input, output, delay=0.7, atten=4)\nYet another variation is to import the desired function or variable directly:\nfrom sound.effects.echo import echofilter\nAgain, this loads the submodule echo, but this makes its function echofilter() directly available:\nhttps://docs.python.org/3/tutorial/modules.html 7/9\n28/07/2026, 14:10 6. Modules — Python 3.14.6 documentation\nechofilter(input, output, delay=0.7, atten=4)\nNote that when using from package import item, the item can be either a submodule (or subpackage)\nof the package, or some other name defined in the package, like a function, class or variable. The import', 'effect), so in addition you will be writing a never-ending stream of modules to perform these\noperations. Hereʼs a possible structure for your package (expressed in terms of a hierarchical filesystem):\nhttps://docs.python.org/3/tutorial/modules.html 6/9\n28/07/2026, 14:10 6. Modules — Python 3.14.6 documentation\nsound/ Top-level package\n__init__.py Initialize the sound package\nformats/ Subpackage for file format conversions\n__init__.py\nwavread.py\nwavwrite.py\naiffread.py\naiffwrite.py\nauread.py\nauwrite.py\n...\neffects/ Subpackage for sound effects\n__init__.py\necho.py\nsurround.py\nreverse.py\n...\nfilters/ Subpackage for filters\n__init__.py\nequalizer.py\nvocoder.py\nkaraoke.py\n...', 'taken to be the list of module names that should be imported when from package import * is encoun-\ntered. It is up to the package author to keep this list up-to-date when a new version of the package is re-\nleased. Package authors may also decide not to support it, if they donʼt see a use for importing * from\ntheir package. For example, the file sound/effects/__init__.py could contain the following code:\n__all__ = [""echo"", ""surround"", ""reverse""]\nThis would mean that from sound.effects import * would import the three named submodules of the\nsound.effects package.\nBe aware that submodules might become shadowed by locally defined names. For example, if you added a', 'certain patterns when you use\nimport *, it is still considered bad practice in production code.\nRemember, there is nothing wrong with using from package import specific_submodule! In fact, this\nis the recommended notation unless the importing module needs to use submodules with the same name\nfrom different packages.\n6.4.2. Intra-package References\nWhen packages are structured into subpackages (as with the sound package in the example), you can\nuse absolute imports to refer to submodules of siblings packages. For example, if the module\nsound.filters.vocoder needs to use the echo module in the sound.effects package, it can use\nfrom sound.effects import echo.', 'to use the echo module in the sound.effects package, it can use\nfrom sound.effects import echo.\nYou can also write relative imports, with the from module import name form of import statement. These\nimports use leading dots to indicate the current and parent packages involved in the relative import. From\nthe surround module for example, you might use:\nfrom . import echo\nfrom .. import formats\nfrom ..filters import equalizer\nNote that relative imports are based on the name of the current moduleʼs package. Since the main module\ndoes not have a package, modules intended for use as the main module of a Python application must al-\nways use absolute imports.\n6.4.3. Packages in Multiple Directories']","Let's analyze each script and explain the results based on the import mechanisms described in the context.

**Script A**

1. **Modules loaded into memory:** `sound.effects.echo` is loaded into memory.
2. **Names available in the global namespace:** `sound.effects` is available in the global namespace, but not `echo` or `reverb`. The `echo` module is a submodule of `sound.effects`, so it's not directly available in the global namespace.
3. **Access to `reverb` module or its contents:** No, an additional import statement is required to access the `reverb` module or its contents.

**Script B**

1. **Modules loaded into memory:** `sound.effects` is loaded into memory, which includes the `echo` module.
2. **Names available in the global namespace:** `echo` is available in the global namespace, but not `reverb`. The `echo` module is imported directly, so its contents (e.g., `echofilter`) are available in the global namespace.
3. **Access to `reverb` module or its contents:** No, an additional import statement is required to access the `reverb` module or its contents.

**Script C**

1. **Modules loaded into memory:** Only the `echofilter` function from the `sound.effects.echo` module is loaded into memory.
2. **Names available in the global namespace:** `echofilter` is available in the global namespace, but not `reverb` or any other module or function from the `sound.effects` package.
3. **Access to `reverb` module or its contents:** No, an additional import statement is required to access the `reverb` module or its contents.

**Comparison of the three import styles:**

| Import Style | Modules Loaded | Names Available in Global Namespace | Access to `reverb` Module or Contents |
| --- | --- | --- | --- |
| Script A (`import sound.effects.echo`) | `sound.effects.echo` | `sound.effects` | Additional import statement required |
| Script B (`from sound.effects import echo`) | `sound.effects` (including `echo`) | `echo` | Additional import statement required |
| Script C (`from sound.effects.echo import echofilter`) | `echofilter` | `echofilter` | Additional import statement required |

The main differences among the three import styles are:

* **Script A** loads only the `echo` module, but its contents are not directly available in the global namespace.
* **Script B** loads the entire `sound.effects` package, including the `echo` module, and makes its contents available in the global namespace.
* **Script C** loads only the `echofilter` function from the `echo` module, but its contents are not directly available in the global namespace.

In general, **Script B** is the most convenient and efficient way to work with the `sound.effects` package, as it loads the entire package and makes its contents available in the global namespace. However, it's essential to be aware of the potential for name collisions and to use import statements carefully to avoid them.","**Script A** loads the submodule `sound.effects.echo` (the import statement triggers execution of `sound/__init__.py`, `sound/effects/__init__.py`, and `sound/effects/echo.py`). The name `sound` is bound in the global namespace, and `sound.effects` becomes an attribute of `sound`. Inside `sound.effects`, only the attribute `echo` (the loaded submodule) exists; `reverb` is not loaded, so `dir(sound.effects)` contains `echo` but not `reverb`. Consequently, `reverb` cannot be accessed without a separate import.

**Script B** executes the same package‑initialisation chain as Script A, but the statement `from sound.effects import echo` imports only the `echo` submodule and binds it directly to the name `echo` in the script’s global namespace. No name `reverb` is introduced, and because `sound.effects.__all__` lists only `['echo']`, a wildcard import would also omit `reverb`. Attempting to reference `reverb` raises a `NameError`, confirming that the `reverb` module has not been loaded.

**Script C** imports the function `echofilter` directly from `sound.effects.echo`. This still causes Python to load `sound`, `sound.effects`, and `sound.effects.echo` (the same three files as before), but only the name `echofilter` is placed in the script’s globals. No name `reverb` (nor the module `sound.effects.reverb`) appears in the global namespace, and because the module was never imported, `reverb` is not accessible. In all three scripts the `reverb` module remains unloaded unless an explicit import of `sound.effects.reverb` (or a wildcard import that respects `__all__`) is performed.",0.0,0.4051151101110177,0.9999999999857143,1.0,T4_008,T4
"Consider two possible ways to import the helper function `read_wav` from the `sound.formats.wavread` module inside the `sound.effects.echo` module.

**Version A (absolute import)**
```python
# sound/effects/echo.py
from sound.formats.wavread import read_wav

def apply_echo(data):
    # implementation details …
    return data
```

**Version B (relative import)**
```python
# sound/effects/echo.py
from ..formats.wavread import read_wav

def apply_echo(data):
    # implementation details …
    return data
```

Compare these two import styles with respect to:
1. How they influence the package’s namespace and the risk of name collisions.
2. Their readability and ease of understanding for a developer who is new to the `sound` package.
3. Their robustness when the entire package is moved to a different top‑level name or reorganised.

Based on the principles of package design described in the context, which import style is more appropriate for a long‑term, extensible sound‑processing package? Provide a reasoned analysis.","['to use the echo module in the sound.effects package, it can use\nfrom sound.effects import echo.\nYou can also write relative imports, with the from module import name form of import statement. These\nimports use leading dots to indicate the current and parent packages involved in the relative import. From\nthe surround module for example, you might use:\nfrom . import echo\nfrom .. import formats\nfrom ..filters import equalizer\nNote that relative imports are based on the name of the current moduleʼs package. Since the main module\ndoes not have a package, modules intended for use as the main module of a Python application must al-\nways use absolute imports.\n6.4.3. Packages in Multiple Directories', 'In the simplest case, __init__.py can just be an empty file, but it can also execute initialization\ncode for the package or set the __all__ variable, described later.\nUsers of the package can import individual modules from the package, for example:\nimport sound.effects.echo\nThis loads the submodule sound.effects.echo. It must be referenced with its full name.\nsound.effects.echo.echofilter(input, output, delay=0.7, atten=4)\nAn alternative way of importing the submodule is:\nfrom sound.effects import echo\nThis also loads the submodule echo, and makes it available without its package prefix, so it can be used\nas follows:\necho.echofilter(input, output, delay=0.7, atten=4)', 'package prefix, so it can be used\nas follows:\necho.echofilter(input, output, delay=0.7, atten=4)\nYet another variation is to import the desired function or variable directly:\nfrom sound.effects.echo import echofilter\nAgain, this loads the submodule echo, but this makes its function echofilter() directly available:\nhttps://docs.python.org/3/tutorial/modules.html 7/9\n28/07/2026, 14:10 6. Modules — Python 3.14.6 documentation\nechofilter(input, output, delay=0.7, atten=4)\nNote that when using from package import item, the item can be either a submodule (or subpackage)\nof the package, or some other name defined in the package, like a function, class or variable. The import', 'previous import statements. Consider this code:\nhttps://docs.python.org/3/tutorial/modules.html 8/9\n28/07/2026, 14:10 6. Modules — Python 3.14.6 documentation\nimport sound.effects.echo\nimport sound.effects.surround\nfrom sound.effects import *\nIn this example, the echo and surround modules are imported in the current namespace because they\nare defined in the sound.effects package when the from...import statement is executed. (This also\nworks when __all__ is defined.)\nAlthough certain modules are designed to export only names that follow certain patterns when you use\nimport *, it is still considered bad practice in production code.', 'certain patterns when you use\nimport *, it is still considered bad practice in production code.\nRemember, there is nothing wrong with using from package import specific_submodule! In fact, this\nis the recommended notation unless the importing module needs to use submodules with the same name\nfrom different packages.\n6.4.2. Intra-package References\nWhen packages are structured into subpackages (as with the sound package in the example), you can\nuse absolute imports to refer to submodules of siblings packages. For example, if the module\nsound.filters.vocoder needs to use the echo module in the sound.effects package, it can use\nfrom sound.effects import echo.', 'aware that submodules might become shadowed by locally defined names. For example, if you added a\nreverse function to the sound/effects/__init__.py file, the from sound.effects import * would\nonly import the two submodules echo and surround, but not the reverse submodule, because it is\nshadowed by the locally defined reverse function:\n__all__ = [\n""echo"", # refers to the \'echo.py\' file\n""surround"", # refers to the \'surround.py\' file\n""reverse"", # !!! refers to the \'reverse\' function now !!!\n]\ndef reverse(msg: str): # <-- this name shadows the \'reverse.py\' submodule\nreturn msg[::-1] # in the case of a \'from sound.effects import *\'', ""the 'reverse.py' submodule\nreturn msg[::-1] # in the case of a 'from sound.effects import *'\nIf __all__ is not defined, the statement from sound.effects import * does not import all submod-\nules from the package sound.effects into the current namespace; it only ensures that the package\nsound.effects has been imported (possibly running any initialization code in __init__.py) and then\nimports whatever names are defined in the package. This includes any names defined (and submodules\nexplicitly loaded) by __init__.py. It also includes any submodules of the package that were explicitly\nloaded by previous import statements. Consider this code:\nhttps://docs.python.org/3/tutorial/modules.html 8/9""]","To determine the more appropriate import style for a long-term, extensible sound-processing package, let's analyze the two options provided.

**Version A (Absolute Import)**

In this version, the import statement is `from sound.formats.wavread import read_wav`. This is an absolute import, which means it specifies the full path to the module being imported.

1. **Namespace and Name Collisions**: Absolute imports do not introduce any new names into the current namespace. The `read_wav` function is only accessible within the `apply_echo` function, which reduces the risk of name collisions.
2. **Readability and Ease of Understanding**: Absolute imports can be more readable and easier to understand, especially for developers who are familiar with the package structure. However, they can also be more verbose and less flexible.
3. **Robustness**: Absolute imports are more robust when the package is moved to a different top-level name or reorganized. The import statement remains the same, and the code continues to work as expected.

**Version B (Relative Import)**

In this version, the import statement is `from ..formats.wavread import read_wav`. This is a relative import, which means it specifies the path relative to the current package.

1. **Namespace and Name Collisions**: Relative imports can introduce new names into the current namespace, which increases the risk of name collisions. If a module with the same name is defined in the current package, it will shadow the imported module.
2. **Readability and Ease of Understanding**: Relative imports can be less readable and more difficult to understand, especially for developers who are new to the package structure. The import statement is more concise, but it requires knowledge of the package hierarchy.
3. **Robustness**: Relative imports are less robust when the package is moved to a different top-level name or reorganized. The import statement may break, and the code will not work as expected.

Based on the principles of package design described in the context, **Version A (Absolute Import)** is more appropriate for a long-term, extensible sound-processing package. Absolute imports are more robust, less prone to name collisions, and easier to understand for developers who are familiar with the package structure. While relative imports can be more concise, they introduce more complexity and risk, making them less suitable for a long-term, extensible package.","Version A uses an absolute (fully‑qualified) import, while Version B relies on a relative import that walks up one package level. 

1. **Namespace & collisions:** Absolute imports reference the exact dotted path (`sound.formats.wavread`), guaranteeing that the imported object comes from the intended module regardless of the current package’s name. This eliminates accidental shadowing by similarly named modules elsewhere in the project. Relative imports resolve the name relative to the caller’s location, so if another top‑level package also contains a `formats` subpackage, the import could resolve to the wrong module after a rename, increasing collision risk.
2. **Readability:** For developers unfamiliar with the package layout, an absolute import immediately conveys where the code lives (`sound → formats → wavread`). The relative form (`..formats.wavread`) requires knowledge of the caller’s position in the hierarchy, making the code harder to read and to navigate, especially in a deep package tree.
3. **Robustness to relocation:** If the top‑level package is renamed (e.g., sound → audio), every absolute import that begins with sound. breaks and must be updated at every occurrence throughout the codebase. Relative imports do not reference the top‑level name at all, so they survive a rename as long as the internal package structure is preserved. Relative imports do carry their own limitation, however: they cannot be used when a submodule is executed directly (e.g., python -m sound.effects.echo or as a script), because the module's __name__ becomes __main__ and there is no package context to resolve the leading dots against. 
Given the context's emphasis on dotted module names for clarity and the fact that a submodule may need to be executed directly (in which case relative imports fail), the absolute import (Version A) is generally preferred for a maintainable, extensible package. This aligns with the recommendation in PEP 8.",0.7352941176470589,0.7401003733671201,0.9999999999857143,0.9090909090909091,T4_009,T4
"Fill in the blanks (___) to import the ``builtins`` module, retrieve the list of names it defines using ``dir()``, store that list in the variable ``builtin_names``, and then print the first three entries of the list.
```python
# Complete the code below
___ builtins
builtin_names = ___(builtins)
print(builtin_names[___:___])
```","['a module named spam is imported, the interpreter first searches for a built-in module with that\nname. These module names are listed in sys.builtin_module_names. If not found, it then searches for a\nfile named spam.py in a list of directories given by the variable sys.path. sys.path is initialized from\nthese locations:\nThe directory containing the input script (or the current directory when no file is specified).\nPYTHONPATH (a list of directory names, with the same syntax as the shell variable PATH).\nThe installation-dependent default (by convention including a site-packages directory, handled by\nthe site module).\nhttps://docs.python.org/3/tutorial/modules.html 3/9', 'taken to be the list of module names that should be imported when from package import * is encoun-\ntered. It is up to the package author to keep this list up-to-date when a new version of the package is re-\nleased. Package authors may also decide not to support it, if they donʼt see a use for importing * from\ntheir package. For example, the file sound/effects/__init__.py could contain the following code:\n__all__ = [""echo"", ""surround"", ""reverse""]\nThis would mean that from sound.effects import * would import the three named submodules of the\nsound.effects package.\nBe aware that submodules might become shadowed by locally defined names. For example, if you added a', ""Yuck!\nC>\nThese two variables are only defined if the interpreter is in interactive mode.\nThe variable sys.path is a list of strings that determines the interpreterʼs search path for modules. It is\ninitialized to a default path taken from the environment variable PYTHONPATH, or from a built-in default if\nPYTHONPATH is not set. You can modify it using standard list operations:\n>>> import sys\n>>> sys.path.append('/ufs/guido/lib/python')\n6.3. The Function\ndir()\nThe built-in function dir() is used to find out which names a module defines. It returns a sorted list of\nstrings:\n>>> import fibo, sys\n>>> dir(fibo)\n['__name__', 'fib', 'fib2']\n>>> dir(sys)"", ""5/9\n28/07/2026, 14:10 6. Modules — Python 3.14.6 documentation\n>>> dir()\n['__builtins__', '__name__', 'a', 'fib', 'fibo', 'sys']\nNote that it lists all types of names: variables, modules, functions, etc.\ndir() does not list the names of built-in functions and variables. If you want a list of those, they are de-\nfined in the standard module builtins:\n>>> import builtins\n>>> dir(builtins)\n['ArithmeticError', 'AssertionError', 'AttributeError', 'BaseException',\n'BlockingIOError', 'BrokenPipeError', 'BufferError', 'BytesWarning',\n'ChildProcessError', 'ConnectionAbortedError', 'ConnectionError',\n'ConnectionRefusedError', 'ConnectionResetError', 'DeprecationWarning',"", 'with the del statement. For example, del modname.the_answer will remove the attribute the_answer\nfrom the object named by modname.\nNamespaces are created at different moments and have different lifetimes. The namespace containing the\nbuilt-in names is created when the Python interpreter starts up, and is never deleted. The global name-\nspace for a module is created when the module definition is read in; normally, module namespaces also\nlast until the interpreter quits. The statements executed by the top-level invocation of the interpreter, ei-\nther read from a script file or interactively, are considered part of a module called __main__, so they have', 'that youʼve written in several programs with-\nout copying its definition into each program.\nTo support this, Python has a way to put definitions in a file and use them in a script or in an interactive in-\nstance of the interpreter. Such a file is called a module; definitions from a module can be imported into\nother modules or into the main module (the collection of variables that you have access to in a script exe-\ncuted at the top level and in calculator mode).\nA module is a file containing Python definitions and statements. The file name is the module name with the\nsuffix .py appended. Within a module, the moduleʼs name (as a string) is available as the value of the', 'of a Python application must al-\nways use absolute imports.\n6.4.3. Packages in Multiple Directories\nPackages support one more special attribute, __path__. This is initialized to be a sequence of strings\ncontaining the name of the directory holding the packageʼs __init__.py before the code in that file is\nexecuted. This variable can be modified; doing so affects future searches for modules and subpackages\ncontained in the package.\nWhile this feature is not often needed, it can be used to extend the set of modules found in a package.\nFootnotes\n[1] In fact function definitions are also ‘statementsʼ that are ‘executedʼ; the execution of a module-level']","To fill in the blanks, we need to use the correct syntax for importing the `builtins` module and retrieving its list of names using `dir()`. Here's the completed code:

```python
import builtins
builtin_names = dir(builtins)
print(builtin_names[:3])
```

Explanation:

1. `import builtins`: This line imports the `builtins` module, which is a built-in module in Python that contains a list of built-in functions and variables.
2. `builtin_names = dir(builtins)`: This line retrieves the list of names defined in the `builtins` module using the `dir()` function and stores it in the `builtin_names` variable.
3. `print(builtin_names[:3])`: This line prints the first three entries of the `builtin_names` list using Python's slice notation (`[:3]`). The `[:3]` part means ""start from the beginning of the list and go up to, but not including, the fourth element"".

When you run this code, it will print the first three entries of the `builtin_names` list, which should be the names of the first three built-in functions or variables in the `builtins` module.","```python
import builtins
builtin_names = dir(builtins)
print(builtin_names[0:3])
```",0.15384615384615385,0.8373698443241376,0.249999999975,0.6666666666666666,T4_010,T4
"Based on the excerpt, explain what the variable ``sys.path`` represents, how its initial contents are determined when the interpreter starts, and how a programmer can modify it during a session. What impact does such a modification have on the way Python finds modules to import?","[""Yuck!\nC>\nThese two variables are only defined if the interpreter is in interactive mode.\nThe variable sys.path is a list of strings that determines the interpreterʼs search path for modules. It is\ninitialized to a default path taken from the environment variable PYTHONPATH, or from a built-in default if\nPYTHONPATH is not set. You can modify it using standard list operations:\n>>> import sys\n>>> sys.path.append('/ufs/guido/lib/python')\n6.3. The Function\ndir()\nThe built-in function dir() is used to find out which names a module defines. It returns a sorted list of\nstrings:\n>>> import fibo, sys\n>>> dir(fibo)\n['__name__', 'fib', 'fib2']\n>>> dir(sys)"", 'a module named spam is imported, the interpreter first searches for a built-in module with that\nname. These module names are listed in sys.builtin_module_names. If not found, it then searches for a\nfile named spam.py in a list of directories given by the variable sys.path. sys.path is initialized from\nthese locations:\nThe directory containing the input script (or the current directory when no file is specified).\nPYTHONPATH (a list of directory names, with the same syntax as the shell variable PATH).\nThe installation-dependent default (by convention including a site-packages directory, handled by\nthe site module).\nhttps://docs.python.org/3/tutorial/modules.html 3/9', 'directory, handled by\nthe site module).\nhttps://docs.python.org/3/tutorial/modules.html 3/9\n28/07/2026, 14:10 6. Modules — Python 3.14.6 documentation\nMore details are at The initialization of the sys.path module search path.\nNote: On file systems which support symlinks, the directory containing the input script is calculated\nafter the symlink is followed. In other words the directory containing the symlink is not added to the\nmodule search path.\nAfter initialization, Python programs can modify sys.path. The directory containing the script being run is\nplaced at the beginning of the search path, ahead of the standard library path. This means that scripts in', 'of a Python application must al-\nways use absolute imports.\n6.4.3. Packages in Multiple Directories\nPackages support one more special attribute, __path__. This is initialized to be a sequence of strings\ncontaining the name of the directory holding the packageʼs __init__.py before the code in that file is\nexecuted. This variable can be modified; doing so affects future searches for modules and subpackages\ncontained in the package.\nWhile this feature is not often needed, it can be used to extend the set of modules found in a package.\nFootnotes\n[1] In fact function definitions are also ‘statementsʼ that are ‘executedʼ; the execution of a module-level', 'For efficiency reasons, each module is only imported once per interpreter session. Therefore, if\nyou change your modules, you must restart the interpreter – or, if itʼs just one module you want to test\ninteractively, use importlib.reload(), e.g. import importlib;\nimportlib.reload(modulename).\n6.1.1. Executing modules as scripts\nWhen you run a Python module with\npython fibo.py <arguments>\nthe code in the module will be executed, just as if you imported it, but with the __name__ set to\n""__main__"". That means that by adding this code at the end of your module:\nif __name__ == ""__main__"":\nimport sys\nfib(int(sys.argv[1]))', 'that a module defines:\n>>> from fibo import *\n>>> fib(500)\n0 1 1 2 3 5 8 13 21 34 55 89 144 233 377\nThis imports all names except those beginning with an underscore (_). In most cases Python program-\nmers do not use this facility since it introduces an unknown set of names into the interpreter, possibly hid-\ning some things you have already defined.\nNote that in general the practice of importing * from a module or package is frowned upon, since it often\ncauses poorly readable code. However, it is okay to use it to save typing in interactive sessions.\nIf the module name is followed by as, then the name following as is bound directly to the imported\nmodule.\n>>> import fibo as fib', 'with the del statement. For example, del modname.the_answer will remove the attribute the_answer\nfrom the object named by modname.\nNamespaces are created at different moments and have different lifetimes. The namespace containing the\nbuilt-in names is created when the Python interpreter starts up, and is never deleted. The global name-\nspace for a module is created when the module definition is read in; normally, module namespaces also\nlast until the interpreter quits. The statements executed by the top-level invocation of the interpreter, ei-\nther read from a script file or interactively, are considered part of a module called __main__, so they have']","Based on the provided excerpt, let's break down the information about the variable `sys.path`.

**What `sys.path` represents:**

`sys.path` is a list of strings that determines the interpreter's search path for modules. In other words, it's a list of directories where Python looks for modules to import.

**Initial contents of `sys.path`:**

When the interpreter starts, `sys.path` is initialized from the following locations:

1. The directory containing the input script (or the current directory when no file is specified).
2. The `PYTHONPATH` environment variable, which is a list of directory names.
3. The installation-dependent default, which typically includes a `site-packages` directory handled by the `site` module.

**Modifying `sys.path`:**

A programmer can modify `sys.path` using standard list operations, such as `append()`, `insert()`, `remove()`, and `extend()`. For example:
```python
import sys
sys.path.append('/ufs/guido/lib/python')
```
**Impact of modifying `sys.path`:**

Modifying `sys.path` affects the way Python finds modules to import. When Python searches for a module, it first checks if the module is a built-in module (listed in `sys.builtin_module_names`). If not, it then searches for a file named `spam.py` in the directories listed in `sys.path`. By modifying `sys.path`, a programmer can add or remove directories from the search path, which can affect the modules that are found and imported.

For example, if a programmer adds a directory to `sys.path`, Python will now search for modules in that directory in addition to the standard locations. Conversely, if a programmer removes a directory from `sys.path`, Python will no longer search for modules in that directory.

It's worth noting that modifying `sys.path` can have unintended consequences, such as causing Python to import modules from unexpected locations. Therefore, it's generally recommended to use caution when modifying `sys.path` and to carefully consider the implications of any changes.","``sys.path`` is a list of strings that defines the interpreter’s search path for modules. When Python starts, sys.path is initialized from three sources combined, not one or the other: (1) the directory of the input script (or the current directory if Python is launched interactively, via -c, or via -m), (2) the directories listed in the PYTHONPATH environment variable if it is set, and (3) an installation‑dependent default that typically includes the site‑packages directory. Because it is a regular list, a program can change it at runtime with normal list operations—for example, ``sys.path.append('/ufs/guido/lib/python')`` adds a new directory to the end of the search path. Adding or removing entries changes where the interpreter looks for modules, so subsequent ``import`` statements will also search the newly added locations (or stop searching removed ones), allowing code to import modules that are not in the original default locations.",0.95,0.766271341402434,0.9999999999666667,1.0,T4_011,T4
"You need to use a module named **mymodule** that lives in the directory **/home/user/my_lib**. Two developers propose different ways to make the module importable.

**Approach A** (modifies the interpreter search path at runtime):
```python
import sys
sys.path.append('/home/user/my_lib')
import mymodule
```

**Approach B** (organises the code as a proper package):
```
my_pkg/
│   __init__.py
│   mymodule.py
```
```python
# In a script located elsewhere
from my_pkg import mymodule
```

Based solely on the information in the context about the `sys` module, `sys.path`, and standard modules, **evaluate which approach follows best practice for making `mymodule` available and justify your choice**.","['certain patterns when you use\nimport *, it is still considered bad practice in production code.\nRemember, there is nothing wrong with using from package import specific_submodule! In fact, this\nis the recommended notation unless the importing module needs to use submodules with the same name\nfrom different packages.\n6.4.2. Intra-package References\nWhen packages are structured into subpackages (as with the sound package in the example), you can\nuse absolute imports to refer to submodules of siblings packages. For example, if the module\nsound.filters.vocoder needs to use the echo module in the sound.effects package, it can use\nfrom sound.effects import echo.', 'that a module defines:\n>>> from fibo import *\n>>> fib(500)\n0 1 1 2 3 5 8 13 21 34 55 89 144 233 377\nThis imports all names except those beginning with an underscore (_). In most cases Python program-\nmers do not use this facility since it introduces an unknown set of names into the interpreter, possibly hid-\ning some things you have already defined.\nNote that in general the practice of importing * from a module or package is frowned upon, since it often\ncauses poorly readable code. However, it is okay to use it to save typing in interactive sessions.\nIf the module name is followed by as, then the name following as is bound directly to the imported\nmodule.\n>>> import fibo as fib', ""'sorted', 'staticmethod', 'str', 'sum', 'super', 'tuple', 'type', 'vars',\n'zip']\n6.4. Packages\nPackages are a way of structuring Pythonʼs module namespace by using “dotted module names”. For ex-\nample, the module name A.B designates a submodule named B in a package named A. Just like the use\nof modules saves the authors of different modules from having to worry about each otherʼs global variable\nnames, the use of dotted module names saves the authors of multi-module packages like NumPy or Pillow\nfrom having to worry about each otherʼs module names.\nSuppose you want to design a collection of modules (a “package”) for the uniform handling of sound files"", 'this code at the end of your module:\nif __name__ == ""__main__"":\nimport sys\nfib(int(sys.argv[1]))\nyou can make the file usable as a script as well as an importable module, because the code that parses\nthe command line only runs if the module is executed as the “main” file:\n$ python fibo.py 50\n0 1 1 2 3 5 8 13 21 34\nIf the module is imported, the code is not run:\n>>> import fibo\n>>>\nThis is often used either to provide a convenient user interface to a module, or for testing purposes (run-\nning the module as a script executes a test suite).\n6.1.2. The Module Search Path\nWhen a module named spam is imported, the interpreter first searches for a built-in module with that', 'in the module. Thus, the author of a module can use global variables in the module without worrying\nabout accidental clashes with a userʼs global variables. On the other hand, if you know what you are doing\nyou can touch a moduleʼs global variables with the same notation used to refer to its functions,\nmodname.itemname.\nModules can import other modules. It is customary but not required to place all import statements at the\nbeginning of a module (or script, for that matter). The imported module names, if placed at the top level of\na module (outside any functions or classes), are added to the moduleʼs global namespace.', 'Now what happens when the user writes from sound.effects import *? Ideally, one would hope that\nthis somehow goes out to the filesystem, finds which submodules are present in the package, and imports\nthem all. This could take a long time and importing sub-modules might have unwanted side-effects that\nshould only happen when the sub-module is explicitly imported.\nThe only solution is for the package author to provide an explicit index of the package. The import state-\nment uses the following convention: if a packageʼs __init__.py code defines a list named __all__, it is\ntaken to be the list of module names that should be imported when from package import * is encoun-', 'that youʼve written in several programs with-\nout copying its definition into each program.\nTo support this, Python has a way to put definitions in a file and use them in a script or in an interactive in-\nstance of the interpreter. Such a file is called a module; definitions from a module can be imported into\nother modules or into the main module (the collection of variables that you have access to in a script exe-\ncuted at the top level and in calculator mode).\nA module is a file containing Python definitions and statements. The file name is the module name with the\nsuffix .py appended. Within a module, the moduleʼs name (as a string) is available as the value of the']","Based on the information provided in the context, I will evaluate the two approaches proposed by the developers.

**Approach A** involves modifying the interpreter search path at runtime by appending the directory `/home/user/my_lib` to `sys.path`. This approach is not recommended because it modifies the system's search path, which can lead to unexpected behavior and conflicts with other modules.

In the context, it is mentioned that ""When a module named spam is imported, the interpreter first searches for a built-in module with that name."" This suggests that the interpreter's search path is designed to prioritize built-in modules and system-wide packages. Modifying the search path at runtime can disrupt this behavior and lead to issues.

**Approach B**, on the other hand, organizes the code as a proper package with an `__init__.py` file in the `my_pkg` directory. This approach follows best practice for making `mymodule` available because it uses the standard module import mechanism.

In the context, it is mentioned that ""Packages are a way of structuring Python's module namespace by using 'dotted module names'."" This suggests that packages are the recommended way to organize related modules and make them available for import.

Furthermore, the context provides an example of how to use absolute imports to refer to submodules of sibling packages. This example demonstrates how to use the `from package import submodule` syntax to import specific modules, which is the recommended notation.

In conclusion, **Approach B** follows best practice for making `mymodule` available because it uses the standard module import mechanism and organizes the code as a proper package. This approach is more robust and maintainable than **Approach A**, which modifies the interpreter's search path at runtime.","Approach B follows best practice. The context explains that `sys.path` is a list that determines the interpreter’s search path and can be altered with list operations, but it does not endorse altering it for regular imports. Organising code as a package (`my_pkg` with an `__init__.py`) leverages Python’s built‑in import machinery, provides a clear namespace, and avoids runtime manipulation of `sys.path`, which can lead to unpredictable import behavior and maintenance issues. Therefore, using a proper package and importing with `from my_pkg import mymodule` is the recommended, more robust solution.",0.391304347826087,0.31886557898798157,0.9666666666473333,0.75,T4_012,T4
What does the term “string interpolation” refer to when using the % operator in Python?,"['% conversion specifications in format are replaced with zero or more elements of values. This\noperation is commonly known as string interpolation. For example:\n>>> import math\n>>> print(\'The value of pi is approximately %5.3f.\' % math.pi)\nThe value of pi is approximately 3.142.\nMore information can be found in the printf-style String Formatting section.\n7.2. Reading and Writing Files\nopen() returns a file object, and is most commonly used with two positional arguments and one keyword\nargument: open(filename, mode, encoding=None)\n>>> f = open(\'workfile\', \'w\', encoding=""utf-8"")\nThe first argument is a string containing the filename. The second argument is another string containing a', 'Strings support a large number of methods for basic transformations and searching.\nf-strings\nString literals that have embedded expressions.\nFormat string syntax\nInformation about string formatting with str.format().\nprintf-style String Formatting\nThe old formatting operations invoked when strings are the left operand of the % operator are de-\nscribed in more detail here.\nhttps://docs.python.org/3/tutorial/introduction.html 6/9\n28/07/2026, 14:07 3. An Informal Introduction to Python — Python 3.14.6 documentation\n3.1.3. Lists\nPython knows a number of compound data types, used to group together other values. The most versatile', 'In addition to int and float, Python supports other types of numbers, such as Decimal and Fraction.\nPython also has built-in support for complex numbers, and uses the j or J suffix to indicate the imaginary\nhttps://docs.python.org/3/tutorial/introduction.html 2/9\n28/07/2026, 14:07 3. An Informal Introduction to Python — Python 3.14.6 documentation\npart (e.g. 3+5j).\n3.1.2. Text\nPython can manipulate text (represented by type str, so-called “strings”) as well as numbers. This in-\ncludes characters “!”, words “rabbit”, names “Paris”, sentences “Got your back.”, etc. “Yay! :)”.\nThey can be enclosed in single quotes (\'...\') or double quotes (""..."") with the same result [2].', '5/9\n28/07/2026, 14:07 3. An Informal Introduction to Python — Python 3.14.6 documentation\n>>> word[42] # the word only has 6 characters\nTraceback (most recent call last):\nFile ""<stdin>"", line 1, in <module>\nIndexError: string index out of range\nHowever, out of range slice indexes are handled gracefully when used for slicing:\n>>> word[4:42]\n\'on\'\n>>> word[42:]\n\'\'\nPython strings cannot be changed — they are immutable. Therefore, assigning to an indexed position in\nthe string results in an error:\n>>> word[0] = \'J\'\nTraceback (most recent call last):\nFile ""<stdin>"", line 1, in <module>\nTypeError: \'str\' object does not support item assignment\n>>> word[2:] = \'py\'\nTraceback (most recent call last):', '| P | y | t | h | o | n |\n+---+---+---+---+---+---+\n0 1 2 3 4 5 6\n-6 -5 -4 -3 -2 -1\nThe first row of numbers gives the position of the indices 0…6 in the string; the second row gives the cor-\nresponding negative indices. The slice from i to j consists of all characters between the edges labeled i\nand j, respectively.\nFor non-negative indices, the length of a slice is the difference of the indices, if both are within bounds.\nFor example, the length of word[1:3] is 2.\nAttempting to use an index that is too large will result in an error:\nhttps://docs.python.org/3/tutorial/introduction.html 5/9\n28/07/2026, 14:07 3. An Informal Introduction to Python — Python 3.14.6 documentation', 'said.\'\n\'""Yes,"" they said.\'\n>>> ""\\""Yes,\\"" they said.""\n\'""Yes,"" they said.\'\n>>> \'""Isn\\\'t,"" they said.\'\n\'""Isn\\\'t,"" they said.\'\nIn the Python shell, the string definition and output string can look different. The print() function pro-\nduces a more readable output, by omitting the enclosing quotes and by printing escaped and special\ncharacters:\n>>> s = \'First line.\\nSecond line.\' # \\n means newline\n>>> s # without print(), special characters are included in the string\n\'First line.\\nSecond line.\'\n>>> print(s) # with print(), special characters are interpreted, so \\n produces new\nFirst line.\nSecond line.', 'are to clarify code and are\nnot interpreted by Python, they may be omitted when typing in examples.\nSome examples:\n# this is the first comment\nspam = 1 # and this is the second comment\n# ... and now a third!\ntext = ""# This is not a comment because it\'s inside quotes.""\n3.1. Using Python as a Calculator\nLetʼs try some simple Python commands. Start the interpreter and wait for the primary prompt, >>>. (It\nshouldnʼt take long.)\n3.1.1. Numbers\nThe interpreter acts as a simple calculator: you can type an expression into it and it will write the value.\nExpression syntax is straightforward: the operators +, -, * and / can be used to perform arithmetic;']","String interpolation refers to the process of replacing format specifications in a string with zero or more elements of values. This operation is commonly achieved using the % operator in Python. 

For example, in the code snippet provided:

```python
>>> import math
>>> print('The value of pi is approximately %5.3f.' % math.pi)
```

The `%5.3f` is a format specification that is replaced with the value of `math.pi`. The `%` operator is used to perform this replacement, resulting in the output:

```
The value of pi is approximately 3.142.
```

This process is also known as string formatting, and it allows for the insertion of values into a string in a flexible and readable way.","String interpolation is the process where a format string containing % conversion specifications is combined with one or more values, replacing each specification with the corresponding value to produce a new formatted string. In Python, the % operator performs this interpolation, e.g., format % values.",1.0,0.8427564605125585,0.99999999995,1.0,T5_001,T5
"You are preparing to write numeric values as text lines to a file, and each line must be exactly 5 characters long, padded with leading zeros when the number has fewer digits. Using the information about the str.zfill() method in the context, explain how you would use this method to meet the requirement and describe what happens when the value is negative or already longer than the specified width.","[""it unchanged; this will mess up your column lay-out but thatʼs usually better than the alternative,\nwhich would be lying about a value. (If you really want truncation you can always add a slice operation, as\nin x.ljust(n)[:n].)\nThere is another method, str.zfill(), which pads a numeric string on the left with zeros. It understands\nabout plus and minus signs:\n>>> '12'.zfill(5)\n'00012'\n>>> '-3.14'.zfill(7)\n'-003.14'\n>>> '3.14159265359'.zfill(5)\n'3.14159265359'\n7.1.4. Old string formatting\nThe % operator (modulo) can also be used for string formatting. Given format % values (where format\nis a string), % conversion specifications in format are replaced with zero or more elements of values. This"", '(Note that the one space between each column was added by the way print() works: it always adds\nspaces between its arguments.)\nThe str.rjust() method of string objects right-justifies a string in a field of a given width by padding it\nwith spaces on the left. There are similar methods str.ljust() and str.center(). These methods do\nhttps://docs.python.org/3/tutorial/inputoutput.html 4/8\n28/07/2026, 14:10 7. Input and Output — Python 3.14.6 documentation\nnot write anything, they just return a new string. If the input string is too long, they donʼt truncate it, but\nreturn it unchanged; this will mess up your column lay-out but thatʼs usually better than the alternative,', ""string to the file, returning the number of characters written.\n>>> f.write('This is a test\\n')\n15\nOther types of objects need to be converted – either to a string (in text mode) or a bytes object (in binary\nmode) – before writing them:\n>>> value = ('the answer', 42)\n>>> s = str(value) # convert the tuple to string\n>>> f.write(s)\n18\nf.tell() returns an integer giving the file objectʼs current position in the file represented as number of\nbytes from the beginning of the file when in binary mode and an opaque number when in text mode.\nTo change the file objectʼs position, use f.seek(offset, whence). The position is computed from"", '28/07/2026, 14:10 7. Input and Output — Python 3.14.6 documentation\n7. Input and Output\nThere are several ways to present the output of a program; data can be printed in a human-readable form,\nor written to a file for future use. This chapter will discuss some of the possibilities.\n7.1. Fancier Output Formatting\nSo far weʼve encountered two ways of writing values: expression statements and the print() function. (A\nthird way is using the write() method of file objects; the standard output file can be referenced as\nsys.stdout. See the Library Reference for more information on this.)\nOften youʼll want more control over the formatting of your output than simply printing space-separated', ""5\n>>> f.read(1)\nb'5'\n>>> f.seek(-3, 2) # Go to the 3rd byte before the end\n13\n>>> f.read(1)\nb'd'\nIn text files (those opened without a b in the mode string), only seeks relative to the beginning of the file\nare allowed (the exception being seeking to the very file end with seek(0, 2)) and the only valid offset\nvalues are those returned from the f.tell(), or zero. Any other offset value produces undefined\nbehaviour.\nhttps://docs.python.org/3/tutorial/inputoutput.html 7/8\n28/07/2026, 14:10 7. Input and Output — Python 3.14.6 documentation\nFile objects have some additional methods, such as isatty() and truncate() which are less frequently"", 'In addition to int and float, Python supports other types of numbers, such as Decimal and Fraction.\nPython also has built-in support for complex numbers, and uses the j or J suffix to indicate the imaginary\nhttps://docs.python.org/3/tutorial/introduction.html 2/9\n28/07/2026, 14:07 3. An Informal Introduction to Python — Python 3.14.6 documentation\npart (e.g. 3+5j).\n3.1.2. Text\nPython can manipulate text (represented by type str, so-called “strings”) as well as numbers. This in-\ncludes characters “!”, words “rabbit”, names “Paris”, sentences “Got your back.”, etc. “Yay! :)”.\nThey can be enclosed in single quotes (\'...\') or double quotes (""..."") with the same result [2].', 'Strings support a large number of methods for basic transformations and searching.\nf-strings\nString literals that have embedded expressions.\nFormat string syntax\nInformation about string formatting with str.format().\nprintf-style String Formatting\nThe old formatting operations invoked when strings are the left operand of the % operator are de-\nscribed in more detail here.\nhttps://docs.python.org/3/tutorial/introduction.html 6/9\n28/07/2026, 14:07 3. An Informal Introduction to Python — Python 3.14.6 documentation\n3.1.3. Lists\nPython knows a number of compound data types, used to group together other values. The most versatile']","I'm sorry, that concept is outside the scope of our current syllabus or I couldn't find reliable information in the database to answer you accurately.","The str.zfill(width) method returns a new string padded on the left with zeros so that its total length equals *width*. It works on any string that represents a number and preserves an optional leading sign. For example, '12'.zfill(5) becomes '00012', ensuring a five‑character field. If the original string includes a minus sign, the sign stays at the front and zeros are inserted after it, as shown by '-3.14'.zfill(7) → '-003.14'. If the string is already at least as long as the requested width (e.g., '3.14159265359'.zfill(5)), the method returns the original string unchanged. Therefore, before writing each number to the file you would convert it to a string and call .zfill(5); this guarantees a fixed‑width, zero‑padded representation for positive numbers, correctly handles negatives by keeping the sign, and leaves longer strings untouched.",0.0,0.0,0.9999999999,0.8333333333333334,T5_002,T5
"Consider the following two code snippets that operate on a binary file containing the bytes `b'0123456789abcdef'` (16 bytes total). Both snippets open the same file and then read a single byte after seeking.

Snippet A:
```python
f = open('workfile', 'rb+')
f.seek(5)          # seek with default whence (0)
byte_a = f.read(1)
```
Snippet B:
```python
f = open('workfile', 'rb+')
f.seek(-3, 2)      # seek 3 bytes before the end of the file
byte_b = f.read(1)
```

Compare the bytes stored in `byte_a` and `byte_b`. Which byte does each snippet read, and why do the results differ based on the `whence` argument used in `seek`?","[""To change the file objectʼs position, use f.seek(offset, whence). The position is computed from\nadding offset to a reference point; the reference point is selected by the whence argument. A whence val-\nue of 0 measures from the beginning of the file, 1 uses the current file position, and 2 uses the end of the\nfile as the reference point. whence can be omitted and defaults to 0, using the beginning of the file as the\nreference point.\n>>> f = open('workfile', 'rb+')\n>>> f.write(b'0123456789abcdef')\n16\n>>> f.seek(5) # Go to the 6th byte in the file\n5\n>>> f.read(1)\nb'5'\n>>> f.seek(-3, 2) # Go to the 3rd byte before the end\n13\n>>> f.read(1)\nb'd'"", 'files are opened in text mode, that means, you read and write strings from and to the file, which\nare encoded in a specific encoding. If encoding is not specified, the default is platform dependent (see\nopen()). Because UTF-8 is the modern de-facto standard, encoding=""utf-8"" is recommended unless\nyou know that you need to use a different encoding. Appending a \'b\' to the mode opens the file in binary\nmode. Binary mode data is read and written as bytes objects. You can not specify encoding when open-\ning file in binary mode.\nIn text mode, the default when reading is to convert platform-specific line endings (\\n on Unix, \\r\\n on', ""string to the file, returning the number of characters written.\n>>> f.write('This is a test\\n')\n15\nOther types of objects need to be converted – either to a string (in text mode) or a bytes object (in binary\nmode) – before writing them:\n>>> value = ('the answer', 42)\n>>> s = str(value) # convert the tuple to string\n>>> f.write(s)\n18\nf.tell() returns an integer giving the file objectʼs current position in the file represented as number of\nbytes from the beginning of the file when in binary mode and an opaque number when in text mode.\nTo change the file objectʼs position, use f.seek(offset, whence). The position is computed from"", ""of the comparison; if they are equal, the next two items are compared, and so on, until either\nsequence is exhausted. If two items to be compared are themselves sequences of the same type, the lexi-\ncographical comparison is carried out recursively. If all items of two sequences compare equal, the se-\nquences are considered equal. If one sequence is an initial sub-sequence of the other, the shorter se-\nquence is the smaller (lesser) one. Lexicographical ordering for strings uses the Unicode code point num-\nber to order individual characters. Some examples of comparisons between sequences of the same type:\n(1, 2, 3) < (1, 2, 4)\n[1, 2, 3] < [1, 2, 4]\n'ABC' < 'C' < 'Pascal' < 'Python'"", 'mode, the default when reading is to convert platform-specific line endings (\\n on Unix, \\r\\n on\nWindows) to just \\n. When writing in text mode, the default is to convert occurrences of \\n back to plat-\nform-specific line endings. This behind-the-scenes modification to file data is fine for text files, but will\nhttps://docs.python.org/3/tutorial/inputoutput.html 5/8\n28/07/2026, 14:10 7. Input and Output — Python 3.14.6 documentation\ncorrupt binary data like that in JPEG or EXE files. Be very careful to use binary mode when reading and\nwriting such files.\nIt is good practice to use the with keyword when dealing with file objects. The advantage is that the file is', ""5\n>>> f.read(1)\nb'5'\n>>> f.seek(-3, 2) # Go to the 3rd byte before the end\n13\n>>> f.read(1)\nb'd'\nIn text files (those opened without a b in the mode string), only seeks relative to the beginning of the file\nare allowed (the exception being seeking to the very file end with seek(0, 2)) and the only valid offset\nvalues are those returned from the f.tell(), or zero. Any other offset value produces undefined\nbehaviour.\nhttps://docs.python.org/3/tutorial/inputoutput.html 7/8\n28/07/2026, 14:10 7. Input and Output — Python 3.14.6 documentation\nFile objects have some additional methods, such as isatty() and truncate() which are less frequently"", ""of the examples in this section will assume that a file object called f has already been created.\nTo read a fileʼs contents, call f.read(size), which reads some quantity of data and returns it as a string\n(in text mode) or bytes object (in binary mode). size is an optional numeric argument. When size is omitted\nor negative, the entire contents of the file will be read and returned; itʼs your problem if the file is twice as\nlarge as your machineʼs memory. Otherwise, at most size characters (in text mode) or size bytes (in binary\nmode) are read and returned. If the end of the file has been reached, f.read() will return an empty string\n('').\n>>> f.read()\n'This is the entire file.\\n'""]","Let's analyze the two code snippets.

Snippet A:
```python
f = open('workfile', 'rb+')
f.seek(5)          # seek with default whence (0)
byte_a = f.read(1)
```
In this snippet, the `seek` method is called with an offset of 5 and the default `whence` value of 0. This means that the position is measured from the beginning of the file. Since the file contains the bytes `b'0123456789abcdef'` (16 bytes total), the 5th byte is `5`.

When `f.read(1)` is called, it reads a single byte from the current position, which is the 5th byte. Therefore, `byte_a` will contain the byte `b'5'`.

Snippet B:
```python
f = open('workfile', 'rb+')
f.seek(-3, 2)      # seek 3 bytes before the end of the file
byte_b = f.read(1)
```
In this snippet, the `seek` method is called with an offset of -3 and a `whence` value of 2. This means that the position is measured from the end of the file. Since the file contains 16 bytes, seeking 3 bytes before the end of the file means that the position is 13 bytes from the beginning of the file.

When `f.read(1)` is called, it reads a single byte from the current position, which is the 13th byte. Therefore, `byte_b` will contain the byte `b'd'`.

The results differ based on the `whence` argument used in `seek` because it determines the reference point for the offset. In Snippet A, the offset is measured from the beginning of the file, while in Snippet B, the offset is measured from the end of the file. This results in different positions being read from the file, leading to different bytes being stored in `byte_a` and `byte_b`.","Snippet A reads `b'5'`. The call `f.seek(5)` uses the default `whence` value 0 (beginning of the file), moving the file pointer to offset 5, which is the sixth byte in the sequence and contains the character `'5'`. Snippet B reads `b'd'`. The call `f.seek(-3, 2)` uses `whence` 2 (end of the file) with an offset of ‑3, positioning the pointer three bytes before the end (offset 13). At that position the byte is `'d'`. The differing `whence` arguments change the reference point for the offset, leading to different file positions and thus different bytes being read.",0.4090909090909091,0.6075340149568116,0.91666666664375,1.0,T5_003,T5
"Consider the following Python code that uses the ``str.format()`` method:
```python
table = {'Alice': 1200, 'Bob': 950}
msg = 'Report: {0[Alice]} units sold by Alice, {0[Bob]} by Bob; Total: {total}'.format(table, total=2150)
print(msg)
```
What is the exact line that will be printed to the console when this code is executed?","['7.1.2. The String format() Method\nBasic usage of the str.format() method looks like this:\n>>> print(\'We are the {} who say ""{}!""\'.format(\'knights\', \'Ni\'))\nWe are the knights who say ""Ni!""\nThe brackets and characters within them (called format fields) are replaced with the objects passed into\nthe str.format() method. A number in the brackets can be used to refer to the position of the object\npassed into the str.format() method.\n>>> print(\'{0} and {1}\'.format(\'spam\', \'eggs\'))\nspam and eggs\n>>> print(\'{1} and {0}\'.format(\'spam\', \'eggs\'))\neggs and spam\nIf keyword arguments are used in the str.format() method, their values are referred to by using the\nname of the argument.', 'Strings support a large number of methods for basic transformations and searching.\nf-strings\nString literals that have embedded expressions.\nFormat string syntax\nInformation about string formatting with str.format().\nprintf-style String Formatting\nThe old formatting operations invoked when strings are the left operand of the % operator are de-\nscribed in more detail here.\nhttps://docs.python.org/3/tutorial/introduction.html 6/9\n28/07/2026, 14:07 3. An Informal Introduction to Python — Python 3.14.6 documentation\n3.1.3. Lists\nPython knows a number of compound data types, used to group together other values. The most versatile', ""used in the str.format() method, their values are referred to by using the\nname of the argument.\n>>> print('This {food} is {adjective}.'.format(\n... food='spam', adjective='absolutely horrible'))\nThis spam is absolutely horrible.\nPositional and keyword arguments can be arbitrarily combined:\n>>> print('The story of {0}, {1}, and {other}.'.format('Bill', 'Manfred',\n... other='Georg'))\nThe story of Bill, Manfred, and Georg.\nIf you have a really long format string that you donʼt want to split up, it would be nice if you could refer-\nence the variables to be formatted by name instead of by position. This can be done by simply passing the\ndict and using square brackets '[]' to access the keys."", '28/07/2026, 14:07 3. An Informal Introduction to Python — Python 3.14.6 documentation\n3. An Informal Introduction to Python\nIn the following examples, input and output are distinguished by the presence or absence of prompts (>>>\nand …): to repeat the example, you must type everything after the prompt, when the prompt appears; lines\nthat do not begin with a prompt are output from the interpreter. Note that a secondary prompt on a line by\nitself in an example means you must type a blank line; this is used to end a multi-line command.\nYou can use the “Copy” button (it appears in the upper-right corner when hovering over or tapping a code', ""literals (also called f-strings for short) let you include the value of Python expressions in-\nside a string by prefixing the string with f or F and writing expressions as {expression}.\nAn optional format specifier can follow the expression. This allows greater control over how the value is\nformatted. The following example rounds pi to three places after the decimal:\n>>> import math\n>>> print(f'The value of pi is approximately {math.pi:.3f}.')\nThe value of pi is approximately 3.142.\nPassing an integer after the ':' will cause that field to be a minimum number of characters wide. This is\nuseful for making columns line up.\n>>> table = {'Sjoerd': 4127, 'Jack': 4098, 'Dcab': 7678}"", ""This can be done by simply passing the\ndict and using square brackets '[]' to access the keys.\n>>> table = {'Sjoerd': 4127, 'Jack': 4098, 'Dcab': 8637678}\n>>> print('Jack: {0[Jack]:d}; Sjoerd: {0[Sjoerd]:d}; '\n... 'Dcab: {0[Dcab]:d}'.format(table))\nJack: 4098; Sjoerd: 4127; Dcab: 8637678\nhttps://docs.python.org/3/tutorial/inputoutput.html 3/8\n28/07/2026, 14:10 7. Input and Output — Python 3.14.6 documentation\nThis could also be done by passing the table dictionary as keyword arguments with the ** notation.\n>>> table = {'Sjoerd': 4127, 'Jack': 4098, 'Dcab': 8637678}\n>>> print('Jack: {Jack:d}; Sjoerd: {Sjoerd:d}; Dcab: {Dcab:d}'.format(**table))\nJack: 4098; Sjoerd: 4127; Dcab: 8637678"", '28/07/2026, 14:10 7. Input and Output — Python 3.14.6 documentation\n7. Input and Output\nThere are several ways to present the output of a program; data can be printed in a human-readable form,\nor written to a file for future use. This chapter will discuss some of the possibilities.\n7.1. Fancier Output Formatting\nSo far weʼve encountered two ways of writing values: expression statements and the print() function. (A\nthird way is using the write() method of file objects; the standard output file can be referenced as\nsys.stdout. See the Library Reference for more information on this.)\nOften youʼll want more control over the formatting of your output than simply printing space-separated']","To determine the exact line that will be printed to the console when this code is executed, let's analyze the code step by step.

The code uses the `str.format()` method to create a string `msg` with the following format:

`'Report: {0[Alice]} units sold by Alice, {0[Bob]} by Bob; Total: {total}'`

Here's what's happening:

1. `table` is a dictionary with two keys: `'Alice'` and `'Bob'`.
2. `{0[Alice]}` refers to the value associated with the key `'Alice'` in the `table` dictionary. Since the key is `'Alice'`, the value is `1200`.
3. `{0[Bob]}` refers to the value associated with the key `'Bob'` in the `table` dictionary. Since the key is `'Bob'`, the value is `950`.
4. `{total}` is a keyword argument passed to the `format()` method, with a value of `2150`.

So, when the `format()` method is called, it will replace the format fields with the corresponding values:

`'Report: 1200 units sold by Alice, 950 by Bob; Total: 2150'`

Therefore, the exact line that will be printed to the console when this code is executed is:

`Report: 1200 units sold by Alice, 950 by Bob; Total: 2150`","Report: 1200 units sold by Alice, 950 by Bob; Total: 2150",0.08333333333333333,0.6120979163339199,0.7222222221981481,1.0,T5_004,T5
"Complete the missing parts (replace each ___) so that the code writes a tuple to the file, resets the file pointer to the start, and then reads all lines into a list.
```python
with open('data.txt', 'w+') as f:
    # Write a tuple to the file
    value = ('answer', 42)
    s = ___          # Convert the tuple to a string
    f.write(s)

    # Move the file pointer back to the beginning of the file
    ___

    # Read all lines into a list
    lines = ___
```
","['a file and print its contents to the screen.\nfor line in open(""myfile.txt""):\nprint(line, end="""")\nThe problem with this code is that it leaves the file open for an indeterminate amount of time after this part\nof the code has finished executing. This is not an issue in simple scripts, but can be a problem for larger\napplications. The with statement allows objects like files to be used in a way that ensures they are always\ncleaned up promptly and correctly.\nwith open(""myfile.txt"") as f:\nfor line in f:\nprint(line, end="""")\nAfter the statement is executed, the file f is always closed, even if a problem was encountered while pro-', 'of arguments. These arguments will be wrapped up in a tuple (see Tuples and Sequences). Before the\nhttps://docs.python.org/3/tutorial/controlflow.html#match-statements 14/18\n28/07/2026, 14:09 4. More Control Flow Tools — Python 3.14.6 documentation\nvariable number of arguments, zero or more normal arguments may occur.\ndef write_multiple_items(file, separator, *args):\nfile.write(separator.join(args))\nNormally, these variadic arguments will be last in the list of formal parameters, because they scoop up all\nremaining input arguments that are passed to the function. Any formal parameters which occur after the', ""To change the file objectʼs position, use f.seek(offset, whence). The position is computed from\nadding offset to a reference point; the reference point is selected by the whence argument. A whence val-\nue of 0 measures from the beginning of the file, 1 uses the current file position, and 2 uses the end of the\nfile as the reference point. whence can be omitted and defaults to 0, using the beginning of the file as the\nreference point.\n>>> f = open('workfile', 'rb+')\n>>> f.write(b'0123456789abcdef')\n16\n>>> f.seek(5) # Go to the 6th byte in the file\n5\n>>> f.read(1)\nb'5'\n>>> f.seek(-3, 2) # Go to the 3rd byte before the end\n13\n>>> f.read(1)\nb'd'"", ""been reached, f.read() will return an empty string\n('').\n>>> f.read()\n'This is the entire file.\\n'\n>>> f.read()\n''\nf.readline() reads a single line from the file; a newline character (\\n) is left at the end of the string,\nand is only omitted on the last line of the file if the file doesnʼt end in a newline. This makes the return val-\nue unambiguous; if f.readline() returns an empty string, the end of the file has been reached, while a\nblank line is represented by '\\n', a string containing only a single newline.\n>>> f.readline()\n'This is the first line of the file.\\n'\nhttps://docs.python.org/3/tutorial/inputoutput.html 6/8\n28/07/2026, 14:10 7. Input and Output — Python 3.14.6 documentation"", ""6/8\n28/07/2026, 14:10 7. Input and Output — Python 3.14.6 documentation\n>>> f.readline()\n'Second line of the file\\n'\n>>> f.readline()\n''\nFor reading lines from a file, you can loop over the file object. This is memory efficient, fast, and leads to\nsimple code:\n>>> for line in f:\n... print(line, end='')\n...\nThis is the first line of the file.\nSecond line of the file\nIf you want to read all the lines of a file in a list you can also use list(f) or f.readlines().\nf.write(string) writes the contents of string to the file, returning the number of characters written.\n>>> f.write('This is a test\\n')\n15"", ""string to the file, returning the number of characters written.\n>>> f.write('This is a test\\n')\n15\nOther types of objects need to be converted – either to a string (in text mode) or a bytes object (in binary\nmode) – before writing them:\n>>> value = ('the answer', 42)\n>>> s = str(value) # convert the tuple to string\n>>> f.write(s)\n18\nf.tell() returns an integer giving the file objectʼs current position in the file represented as number of\nbytes from the beginning of the file when in binary mode and an opaque number when in text mode.\nTo change the file objectʼs position, use f.seek(offset, whence). The position is computed from"", '0]\n[0, 2, 4]\n>>> # apply a function to all the elements\n>>> [abs(x) for x in vec]\n[4, 2, 0, 2, 4]\n>>> # call a method on each element\n>>> freshfruit = [\' banana\', \' loganberry \', \'passion fruit \']\n>>> [weapon.strip() for weapon in freshfruit]\n[\'banana\', \'loganberry\', \'passion fruit\']\n>>> # create a list of 2-tuples like (number, square)\n>>> [(x, x**2) for x in range(6)]\n[(0, 0), (1, 1), (2, 4), (3, 9), (4, 16), (5, 25)]\n>>> # the tuple must be parenthesized, otherwise an error is raised\n>>> [x, x**2 for x in range(6)]\nFile ""<stdin>"", line 1\n[x, x**2 for x in range(6)]\n^^^^^^^\nSyntaxError: did you forget parentheses around the comprehension target?']","To complete the missing parts, we need to convert the tuple to a string using the `str()` function, move the file pointer back to the beginning of the file using the `seek()` method, and read all lines into a list using the `readlines()` method. Here's the completed code:

```python
with open('data.txt', 'w+') as f:
    # Write a tuple to the file
    value = ('answer', 42)
    s = str(value)  # Convert the tuple to a string
    f.write(s)

    # Move the file pointer back to the beginning of the file
    f.seek(0)  # Reset the file pointer to the beginning of the file

    # Read all lines into a list
    lines = f.readlines()  # Read all lines into a list
```

Note that we use `str(value)` to convert the tuple to a string, and `f.seek(0)` to move the file pointer back to the beginning of the file. We then use `f.readlines()` to read all lines into a list.","s = str(value)          # convert the tuple to a string
f.seek(0)               # reset pointer to the start of the file
lines = list(f)         # read all lines into a list (alternatively f.readlines())",0.5333333333333333,0.617124626091328,0.26666666665333333,1.0,T5_005,T5
"You are writing a script that records yearly event results to a text file. The variables `year` and `event` already contain the appropriate values. Complete the program so that it opens (or creates) a file named **report.txt** in append mode, writes a single line formatted with a formatted string literal that reads exactly:

    Results of the {year} {event}

and then closes the file. Use only the I/O techniques mentioned in the context (e.g., the `write()` method of a file object and f‑strings). Fill in the missing parts marked with `# TODO`.

```python
year = 2022
event = 'Election'

# TODO: open the file for appending and assign the file object to variable f
# TODO: write the formatted line to the file using f‑string syntax
# TODO: close the file
```","[""youʼll want more control over the formatting of your output than simply printing space-separated\nvalues. There are several ways to format output.\nTo use formatted string literals, begin a string with f or F before the opening quotation mark or triple\nquotation mark. Inside this string, you can write a Python expression between { and } characters that\ncan refer to variables or literal values.\n>>> year = 2016\n>>> event = 'Referendum'\n>>> f'Results of the {year} {event}'\n'Results of the 2016 Referendum'\nThe str.format() method of strings requires more manual effort. Youʼll still use { and } to mark"", '1)\nresult is 2.0\nexecuting finally clause\nhttps://docs.python.org/3/tutorial/errors.html 7/11\n28/07/2026, 14:10 8. Errors and Exceptions — Python 3.14.6 documentation\n>>> divide(2, 0)\ndivision by zero!\nexecuting finally clause\n>>> divide(""2"", ""1"")\nexecuting finally clause\nTraceback (most recent call last):\nFile ""<stdin>"", line 1, in <module>\ndivide(""2"", ""1"")\n~~~~~~^^^^^^^^^^\nFile ""<stdin>"", line 3, in divide\nresult = x / y\n~~^~~\nTypeError: unsupported operand type(s) for /: \'str\' and \'str\'\nAs you can see, the finally clause is executed in any event. The TypeError raised by dividing two\nstrings is not handled by the except clause and therefore re-raised after the finally clause has been', '28/07/2026, 14:10 6. Modules — Python 3.14.6 documentation\n6. Modules\nIf you quit from the Python interpreter and enter it again, the definitions you have made (functions and\nvariables) are lost. Therefore, if you want to write a somewhat longer program, you are better off using a\ntext editor to prepare the input for the interpreter and running it with that file as input instead. This is\nknown as creating a script. As your program gets longer, you may want to split it into several files for easi-\ner maintenance. You may also want to use a handy function that youʼve written in several programs with-\nout copying its definition into each program.', '28/07/2026, 14:10 7. Input and Output — Python 3.14.6 documentation\n7. Input and Output\nThere are several ways to present the output of a program; data can be printed in a human-readable form,\nor written to a file for future use. This chapter will discuss some of the possibilities.\n7.1. Fancier Output Formatting\nSo far weʼve encountered two ways of writing values: expression statements and the print() function. (A\nthird way is using the write() method of file objects; the standard output file can be referenced as\nsys.stdout. See the Library Reference for more information on this.)\nOften youʼll want more control over the formatting of your output than simply printing space-separated', ""6/8\n28/07/2026, 14:10 7. Input and Output — Python 3.14.6 documentation\n>>> f.readline()\n'Second line of the file\\n'\n>>> f.readline()\n''\nFor reading lines from a file, you can loop over the file object. This is memory efficient, fast, and leads to\nsimple code:\n>>> for line in f:\n... print(line, end='')\n...\nThis is the first line of the file.\nSecond line of the file\nIf you want to read all the lines of a file in a list you can also use list(f) or f.readlines().\nf.write(string) writes the contents of string to the file, returning the number of characters written.\n>>> f.write('This is a test\\n')\n15"", 'joined together.\')\n>>> text\n\'Put several strings within parentheses to have them joined together.\'\nThis only works with two literals though, not with variables or expressions:\n>>> prefix = \'Py\'\n>>> prefix \'thon\' # can\'t concatenate a variable and a string literal\nFile ""<stdin>"", line 1\nprefix \'thon\'\n^^^^^^\nSyntaxError: invalid syntax\n>>> (\'un\' * 3) \'ium\'\nFile ""<stdin>"", line 1\n(\'un\' * 3) \'ium\'\n^^^^^\nSyntaxError: invalid syntax\nIf you want to concatenate variables or a variable and a literal, use +:\n>>> prefix + \'thon\'\n\'Python\'\nStrings can be indexed (subscripted), with the first character having index 0. There is no separate charac-\nter type; a character is simply a string of size one:', ""string to the file, returning the number of characters written.\n>>> f.write('This is a test\\n')\n15\nOther types of objects need to be converted – either to a string (in text mode) or a bytes object (in binary\nmode) – before writing them:\n>>> value = ('the answer', 42)\n>>> s = str(value) # convert the tuple to string\n>>> f.write(s)\n18\nf.tell() returns an integer giving the file objectʼs current position in the file represented as number of\nbytes from the beginning of the file when in binary mode and an opaque number when in text mode.\nTo change the file objectʼs position, use f.seek(offset, whence). The position is computed from""]","To complete the program, we need to open the file for appending, write the formatted line to the file using f-string syntax, and then close the file. Here's the completed code:

```python
year = 2022
event = 'Election'

# Open the file for appending and assign the file object to variable f
with open('report.txt', 'a') as f:
    # Write the formatted line to the file using f-string syntax
    f.write(f'Results of the {year} {event}\n')
    # Close the file (not necessary since we're using a with statement)
```

In this code, we use the `with` statement to open the file in append mode (`'a'`). This ensures that the file is properly closed when we're done with it, regardless of whether an exception is thrown or not. We then use the `write()` method to write the formatted line to the file, followed by a newline character (`\n`) to move to the next line.","```python
year = 2022
event = 'Election'

f = open('report.txt', 'a')               # open the file for appending
f.write(f'Results of the {year} {event}\n')  # write the formatted line (include newline)
f.close()                                 # close the file
```",0.15384615384615385,0.5216276510211756,0.6678571428404465,1.0,T5_006,T5
"The code below is meant to **persist** a string to a file and later reconstruct the exact original value by reading the file and calling ``eval`` on the stored text. When the program is run it raises a ``NameError`` at the ``eval`` line. Analyse the snippet, identify the single line that causes the failure, explain why the current behaviour is incorrect in terms of ``str`` vs ``repr`` representations, and show the corrected version of that line.

```python
msg = ""Hello, world\n""
# Write the value to a file
with open('msg.txt', 'w') as f:
    f.write(str(msg))          # <-- buggy line

# Read it back and try to reconstruct the original object
with open('msg.txt', 'r') as f:
    content = f.read()
    original = eval(content)   # raises SyntaxError

print(original)
```","['>>> hello = \'hello, world\\n\'\n>>> hellos = repr(hello)\n>>> print(hellos)\n\'hello, world\\n\'\n>>> # The argument to repr() may be any Python object:\n>>> repr((x, y, (\'spam\', \'eggs\')))\n""(32.5, 40000, (\'spam\', \'eggs\'))""\nThe string module contains support for a simple templating approach based upon regular expressions,\nvia string.Template. This offers yet another way to substitute values into strings, using placeholders\nlike $x and replacing them with values from a dictionary. This syntax is easy to use, although it offers\nmuch less control for formatting.\n7.1.1. Formatted String Literals\nFormatted string literals (also called f-strings for short) let you include the value of Python expressions in-', ""string to the file, returning the number of characters written.\n>>> f.write('This is a test\\n')\n15\nOther types of objects need to be converted – either to a string (in text mode) or a bytes object (in binary\nmode) – before writing them:\n>>> value = ('the answer', 42)\n>>> s = str(value) # convert the tuple to string\n>>> f.write(s)\n18\nf.tell() returns an integer giving the file objectʼs current position in the file represented as number of\nbytes from the beginning of the file when in binary mode and an opaque number when in text mode.\nTo change the file objectʼs position, use f.seek(offset, whence). The position is computed from"", ""been reached, f.read() will return an empty string\n('').\n>>> f.read()\n'This is the entire file.\\n'\n>>> f.read()\n''\nf.readline() reads a single line from the file; a newline character (\\n) is left at the end of the string,\nand is only omitted on the last line of the file if the file doesnʼt end in a newline. This makes the return val-\nue unambiguous; if f.readline() returns an empty string, the end of the file has been reached, while a\nblank line is represented by '\\n', a string containing only a single newline.\n>>> f.readline()\n'This is the first line of the file.\\n'\nhttps://docs.python.org/3/tutorial/inputoutput.html 6/8\n28/07/2026, 14:10 7. Input and Output — Python 3.14.6 documentation"", ""6/8\n28/07/2026, 14:10 7. Input and Output — Python 3.14.6 documentation\n>>> f.readline()\n'Second line of the file\\n'\n>>> f.readline()\n''\nFor reading lines from a file, you can loop over the file object. This is memory efficient, fast, and leads to\nsimple code:\n>>> for line in f:\n... print(line, end='')\n...\nThis is the first line of the file.\nSecond line of the file\nIf you want to read all the lines of a file in a list you can also use list(f) or f.readlines().\nf.write(string) writes the contents of string to the file, returning the number of characters written.\n>>> f.write('This is a test\\n')\n15"", ""5\n>>> f.read(1)\nb'5'\n>>> f.seek(-3, 2) # Go to the 3rd byte before the end\n13\n>>> f.read(1)\nb'd'\nIn text files (those opened without a b in the mode string), only seeks relative to the beginning of the file\nare allowed (the exception being seeking to the very file end with seek(0, 2)) and the only valid offset\nvalues are those returned from the f.tell(), or zero. Any other offset value produces undefined\nbehaviour.\nhttps://docs.python.org/3/tutorial/inputoutput.html 7/8\n28/07/2026, 14:10 7. Input and Output — Python 3.14.6 documentation\nFile objects have some additional methods, such as isatty() and truncate() which are less frequently"", ""of the examples in this section will assume that a file object called f has already been created.\nTo read a fileʼs contents, call f.read(size), which reads some quantity of data and returns it as a string\n(in text mode) or bytes object (in binary mode). size is an optional numeric argument. When size is omitted\nor negative, the entire contents of the file will be read and returned; itʼs your problem if the file is twice as\nlarge as your machineʼs memory. Otherwise, at most size characters (in text mode) or size bytes (in binary\nmode) are read and returned. If the end of the file has been reached, f.read() will return an empty string\n('').\n>>> f.read()\n'This is the entire file.\\n'"", '5/9\n28/07/2026, 14:07 3. An Informal Introduction to Python — Python 3.14.6 documentation\n>>> word[42] # the word only has 6 characters\nTraceback (most recent call last):\nFile ""<stdin>"", line 1, in <module>\nIndexError: string index out of range\nHowever, out of range slice indexes are handled gracefully when used for slicing:\n>>> word[4:42]\n\'on\'\n>>> word[42:]\n\'\'\nPython strings cannot be changed — they are immutable. Therefore, assigning to an indexed position in\nthe string results in an error:\n>>> word[0] = \'J\'\nTraceback (most recent call last):\nFile ""<stdin>"", line 1, in <module>\nTypeError: \'str\' object does not support item assignment\n>>> word[2:] = \'py\'\nTraceback (most recent call last):']","I'm sorry, that concept is outside the scope of our current syllabus or I couldn't find reliable information in the database to answer you accurately.","The problem is on the line ``f.write(str(msg))``. ``str(msg)`` returns the human‑readable form ``Hello, world\n`` (without surrounding quotes). When that raw text is later passed to eval, the interpreter parses Hello, world as a valid Python expression (it looks like a tuple of two identifiers) and then tries to resolve the name Hello. Because no variable of that name exists, a NameError is raised. The underlying problem is still the missing string delimiters: without them, eval treats the text as code rather than as a string literal."". To store a value that can be safely ``eval``‑ed, the code must write the *repr* of the object, which includes the quotes and escape characters (e.g. ``'Hello, world\n'``). 

**Fix:** replace the buggy line with:
```python
    f.write(repr(msg))
```
Now the file contains ``'Hello, world\n'``; ``eval`` reads the quoted literal, reconstructs the original string, and ``print(original)`` outputs ``Hello, world`` as intended.",0.0,0.0,0.9999999999,1.0,T5_007,T5
"Consider the following Python program that reads vote data from a file and prints a summary for each line. The file **votes.txt** contains two lines:

```
42572654 85705149
-12345 50000
```

```python
with open('votes.txt') as f:
    for line in f:
        yes, total = map(int, line.split())
        pct = yes / total
        # Method A: f‑string
        print(f'{yes:>12} YES votes {pct:>6.2%}')
        # Method B: str.format
        print('{:-12} YES votes {:5.2%}'.format(yes, pct))
```

**(a)** Break down the formatting specifications used in the two `print` statements. For each specification, explain how the width, alignment, sign handling, and percentage formatting are applied.

**(b)** Using the sample data above, write the exact output produced by the program. Represent each space with an underscore (`_`) so the alignment is clear.

**(c)** Compare Method A and Method B in terms of column alignment and handling of negative `yes_votes`. Which method guarantees that the numeric column is right‑aligned and that a negative sign appears only when the value is negative? Justify your answer.","[""been reached, f.read() will return an empty string\n('').\n>>> f.read()\n'This is the entire file.\\n'\n>>> f.read()\n''\nf.readline() reads a single line from the file; a newline character (\\n) is left at the end of the string,\nand is only omitted on the last line of the file if the file doesnʼt end in a newline. This makes the return val-\nue unambiguous; if f.readline() returns an empty string, the end of the file has been reached, while a\nblank line is represented by '\\n', a string containing only a single newline.\n>>> f.readline()\n'This is the first line of the file.\\n'\nhttps://docs.python.org/3/tutorial/inputoutput.html 6/8\n28/07/2026, 14:10 7. Input and Output — Python 3.14.6 documentation"", 'Notice how the yes_votes are padded with spaces and a negative sign only for negative numbers. The\nexample also prints percentage multiplied by 100, with 2 decimal places and followed by a percent\nsign (see Format specification mini-language for details).\nFinally, you can do all the string handling yourself by using string slicing and concatenation operations\nto create any layout you can imagine. The string type has some methods that perform useful operations\nfor padding strings to a given column width.\nWhen you donʼt need fancy output but just want a quick display of some variables for debugging purpos-\nes, you can convert any value to a string with the repr() or str() functions.', ""The str.format() method of strings requires more manual effort. Youʼll still use { and } to mark\nwhere a variable will be substituted and can provide detailed formatting directives, but youʼll also need\nto provide the information to be formatted. In the following code block there are two examples of how to\nformat variables:\n>>> yes_votes = 42_572_654\n>>> total_votes = 85_705_149\n>>> percentage = yes_votes / total_votes\n>>> '{:-9} YES votes {:2.2%}'.format(yes_votes, percentage)\n' 42572654 YES votes 49.67%'\nNotice how the yes_votes are padded with spaces and a negative sign only for negative numbers. The"", ""6/8\n28/07/2026, 14:10 7. Input and Output — Python 3.14.6 documentation\n>>> f.readline()\n'Second line of the file\\n'\n>>> f.readline()\n''\nFor reading lines from a file, you can loop over the file object. This is memory efficient, fast, and leads to\nsimple code:\n>>> for line in f:\n... print(line, end='')\n...\nThis is the first line of the file.\nSecond line of the file\nIf you want to read all the lines of a file in a list you can also use list(f) or f.readlines().\nf.write(string) writes the contents of string to the file, returning the number of characters written.\n>>> f.write('This is a test\\n')\n15"", 'said.\'\n\'""Yes,"" they said.\'\n>>> ""\\""Yes,\\"" they said.""\n\'""Yes,"" they said.\'\n>>> \'""Isn\\\'t,"" they said.\'\n\'""Isn\\\'t,"" they said.\'\nIn the Python shell, the string definition and output string can look different. The print() function pro-\nduces a more readable output, by omitting the enclosing quotes and by printing escaped and special\ncharacters:\n>>> s = \'First line.\\nSecond line.\' # \\n means newline\n>>> s # without print(), special characters are included in the string\n\'First line.\\nSecond line.\'\n>>> print(s) # with print(), special characters are interpreted, so \\n produces new\nFirst line.\nSecond line.', '28/07/2026, 14:10 7. Input and Output — Python 3.14.6 documentation\n7. Input and Output\nThere are several ways to present the output of a program; data can be printed in a human-readable form,\nor written to a file for future use. This chapter will discuss some of the possibilities.\n7.1. Fancier Output Formatting\nSo far weʼve encountered two ways of writing values: expression statements and the print() function. (A\nthird way is using the write() method of file objects; the standard output file can be referenced as\nsys.stdout. See the Library Reference for more information on this.)\nOften youʼll want more control over the formatting of your output than simply printing space-separated', ""youʼll want more control over the formatting of your output than simply printing space-separated\nvalues. There are several ways to format output.\nTo use formatted string literals, begin a string with f or F before the opening quotation mark or triple\nquotation mark. Inside this string, you can write a Python expression between { and } characters that\ncan refer to variables or literal values.\n>>> year = 2016\n>>> event = 'Referendum'\n>>> f'Results of the {year} {event}'\n'Results of the 2016 Referendum'\nThe str.format() method of strings requires more manual effort. Youʼll still use { and } to mark""]","**(a)** Let's break down the formatting specifications used in the two `print` statements.

**Method A: f-string**

1. `yes:>12`: This specification applies to the `yes` variable.
	* `>`: Right alignment.
	* `12`: Minimum field width of 12 characters.
	* The `yes` value will be right-aligned within a field of width 12 characters.
2. `pct:>6.2%`: This specification applies to the `pct` variable.
	* `>`: Right alignment.
	* `6`: Minimum field width of 6 characters.
	* `.2`: Precision of 2 decimal places.
	* `%`: Format specifier for percentage.

**Method B: str.format**

1. `:-12`: This specification applies to the `yes` variable.
	* `-`: Always include a sign (either `+` or `-`).
	* `12`: Minimum field width of 12 characters.
	* The `yes` value will be left-aligned within a field of width 12 characters, and a sign will be included.
2. `{:5.2%}`: This specification applies to the `pct` variable.
	* `5`: Minimum field width of 5 characters.
	* `.2`: Precision of 2 decimal places.
	* `%`: Format specifier for percentage.

**(b)** Using the sample data above, let's write the exact output produced by the program, representing each space with an underscore (`_`) to show alignment.

**Method A: f-string**

```
_42572654_ YES votes _49.67%_
_-12345_ YES votes _-0.14%_
```

**Method B: str.format**

```
_42572654_ YES votes _49.67%_
_  -12345_ YES votes _-0.14%_
```

**(c)** Comparing Method A and Method B, we can see that:

* Method A uses `>` for right alignment, which guarantees that the numeric column is right-aligned.
* Method B uses `:-12` for left alignment, which does not guarantee right alignment.
* Method A uses `{:>12}` for right alignment, which guarantees that a negative sign appears only when the value is negative.
* Method B uses `:-12` for left alignment, which does not guarantee that a negative sign appears only when the value is negative.

Therefore, Method A guarantees that the numeric column is right-aligned and that a negative sign appears only when the value is negative.","**(a) Formatting breakdown**
- **Method A (f‑string)**:
  - `{yes:>12}` – `>` forces right‑alignment, `12` sets a field width of 12 characters. Positive numbers are padded with spaces on the left; a negative sign is printed automatically for negative values.
  - `{pct:>6.2%}` – `>` right‑aligns, `6` is the minimum field width, `.2` requests two digits after the decimal point, and `%` multiplies the value by 100 and appends a percent sign. If the formatted percentage is longer than 6 characters, the width is ignored.
- **Method B (str.format)**:
  - `'{:-12}'` – `-` is the *sign‑aware* flag: a sign is shown only for negative numbers. The field width is 12 and the default alignment is right, so positive numbers are padded with spaces on the left, negative numbers include the minus sign and are also right‑aligned.
  - `{:5.2%}` – `5` is the minimum width, `.2` requests two decimal places, `%` formats as a percentage. As with the f‑string, if the result exceeds 5 characters the width is overridden.

**(b) Program output (spaces shown as `_**) 
```
____42572654 YES votes 49.67%
____42572654 YES votes 49.67%
______-12345 YES votes -24.69%
______-12345 YES votes -24.69%
```
Explanation: the first two lines correspond to the first data row (positive votes); the next two lines correspond to the second row (negative votes). The underscores indicate the spaces added to reach the 12‑character width for the `yes` value.

**(c) Comparison**
Both methods produce right‑aligned numeric columns of width 12 and display a minus sign only when `yes_votes` is negative. The `>-12` spec in the f‑string and the `{-12}` spec in `str.format` achieve the same effect because the default sign handling for numeric types already omits a plus sign for positives. Therefore, **both methods guarantee the required alignment and sign behavior**, but `str.format` makes the sign‑aware intent explicit with the `-` flag, whereas the f‑string relies on the default numeric formatting rules.

**Conclusion:** Either method satisfies the alignment and sign requirements; `str.format` is marginally more explicit about showing a sign only for negative numbers.",0.36666666666666664,0.45099382875042326,0.5595238095098214,1.0,T5_008,T5
"You need to write a table of integers, their squares and cubes to a text file called **table.txt**. Two implementations are under consideration:

**Snippet A – using ``str.format``**
```python
with open('table.txt', 'w') as f:
    for x in range(1, 11):
        f.write('{0:2d} {1:3d} {2:4d}\n'.format(x, x*x, x*x*x))
```

**Snippet B – using manual ``rjust`` calls**
```python
with open('table.txt', 'w') as f:
    for x in range(1, 11):
        line = (repr(x).rjust(2) + ' ' +
                repr(x*x).rjust(3) + ' ' +
                repr(x*x*x).rjust(4) + '\n')
        f.write(line)
```

**Evaluate** which snippet represents the best practice for producing aligned, readable output in a file. In your evaluation discuss readability, maintainability, and correctness, and refer to the formatting concepts presented in the context.","['Sjoerd: {Sjoerd:d}; Dcab: {Dcab:d}\'.format(**table))\nJack: 4098; Sjoerd: 4127; Dcab: 8637678\nThis is particularly useful in combination with the built-in function vars(), which returns a dictionary con-\ntaining all local variables:\n>>> table = {k: str(v) for k, v in vars().items()}\n>>> message = "" "".join([f\'{k}: \' + \'{\' + k +\'};\' for k in table.keys()])\n>>> print(message.format(**table))\n__name__: __main__; __doc__: None; __package__: None; __loader__: ...\nAs an example, the following lines produce a tidily aligned set of columns giving integers and their squares\nand cubes:\n>>> for x in range(1, 11):\n... print(\'{0:2d} {1:3d} {2:4d}\'.format(x, x*x, x*x*x))\n...\n1 1 1\n2 4 8\n3 9 27\n4 16 64', ""like concatenation:\n>>> squares + [36, 49, 64, 81, 100]\n[1, 4, 9, 16, 25, 36, 49, 64, 81, 100]\nUnlike strings, which are immutable, lists are a mutable type, i.e. it is possible to change their content:\n>>> cubes = [1, 8, 27, 65, 125] # something's wrong here\n>>> 4 ** 3 # the cube of 4 is 64, not 65!\n64\n>>> cubes[3] = 64 # replace the wrong value\n>>> cubes\n[1, 8, 27, 64, 125]\nYou can also add new items at the end of the list, by using the list.append() method (we will see more\nabout methods later):\n>>> cubes.append(216) # add the cube of 6\n>>> cubes.append(7 ** 3) # and the cube of 7\n>>> cubes\n[1, 8, 27, 64, 125, 216, 343]"", ""11):\n... print('{0:2d} {1:3d} {2:4d}'.format(x, x*x, x*x*x))\n...\n1 1 1\n2 4 8\n3 9 27\n4 16 64\n5 25 125\n6 36 216\n7 49 343\n8 64 512\n9 81 729\n10 100 1000\nFor a complete overview of string formatting with str.format(), see Format string syntax.\n7.1.3. Manual String Formatting\nHereʼs the same table of squares and cubes, formatted manually:\n>>> for x in range(1, 11):\n... print(repr(x).rjust(2), repr(x*x).rjust(3), end=' ')\n... # Note use of 'end' on previous line\n... print(repr(x*x*x).rjust(4))\n...\n1 1 1\n2 4 8\n3 9 27\n4 16 64\n5 25 125\n6 36 216\n7 49 343\n8 64 512\n9 81 729\n10 100 1000\n(Note that the one space between each column was added by the way print() works: it always adds"", 'or iter-\nable, or to create a subsequence of those elements that satisfy a certain condition.\nFor example, assume we want to create a list of squares, like:\n>>> squares = []\n>>> for x in range(10):\n... squares.append(x**2)\n...\n>>> squares\n[0, 1, 4, 9, 16, 25, 36, 49, 64, 81]\nNote that this creates (or overwrites) a variable named x that still exists after the loop completes. We can\ncalculate the list of squares without any side effects using:\nsquares = list(map(lambda x: x**2, range(10)))\nor, equivalently:\nsquares = [x**2 for x in range(10)]\nwhich is more concise and readable.\nA list comprehension consists of brackets containing an expression followed by a for clause, then zero or', 'knows a number of compound data types, used to group together other values. The most versatile\nis the list, which can be written as a list of comma-separated values (items) between square brackets.\nLists might contain items of different types, but usually the items all have the same type.\n>>> squares = [1, 4, 9, 16, 25]\n>>> squares\n[1, 4, 9, 16, 25]\nLike strings (and all other built-in sequence types), lists can be indexed and sliced:\n>>> squares[0] # indexing returns the item\n1\n>>> squares[-1]\n25\n>>> squares[-3:] # slicing returns a new list\n[9, 16, 25]\nLists also support operations like concatenation:\n>>> squares + [36, 49, 64, 81, 100]\n[1, 4, 9, 16, 25, 36, 49, 64, 81, 100]', ""string to the file, returning the number of characters written.\n>>> f.write('This is a test\\n')\n15\nOther types of objects need to be converted – either to a string (in text mode) or a bytes object (in binary\nmode) – before writing them:\n>>> value = ('the answer', 42)\n>>> s = str(value) # convert the tuple to string\n>>> f.write(s)\n18\nf.tell() returns an integer giving the file objectʼs current position in the file represented as number of\nbytes from the beginning of the file when in binary mode and an opaque number when in text mode.\nTo change the file objectʼs position, use f.seek(offset, whence). The position is computed from"", ""literals (also called f-strings for short) let you include the value of Python expressions in-\nside a string by prefixing the string with f or F and writing expressions as {expression}.\nAn optional format specifier can follow the expression. This allows greater control over how the value is\nformatted. The following example rounds pi to three places after the decimal:\n>>> import math\n>>> print(f'The value of pi is approximately {math.pi:.3f}.')\nThe value of pi is approximately 3.142.\nPassing an integer after the ':' will cause that field to be a minimum number of characters wide. This is\nuseful for making columns line up.\n>>> table = {'Sjoerd': 4127, 'Jack': 4098, 'Dcab': 7678}""]","To evaluate which snippet represents the best practice for producing aligned, readable output in a file, let's analyze both Snippet A and Snippet B based on readability, maintainability, and correctness.

**Readability:**
Snippet A uses the `str.format` method, which is a more modern and Pythonic way of formatting strings. The code is concise and easy to read, with a clear and consistent structure. The use of `{0:2d}`, `{1:3d}`, and `{2:4d}` to specify the format of each field makes it easy to understand the intended alignment and width of each column.

Snippet B, on the other hand, uses manual `rjust` calls to align the fields. While this approach is also clear and readable, it requires more code and is less concise than Snippet A. The use of `repr(x).rjust(2)` and `repr(x*x).rjust(3)` to align the fields makes it easy to understand the intended alignment, but the code is slightly more verbose.

**Maintainability:**
Snippet A is more maintainable than Snippet B because it uses a more modern and Pythonic way of formatting strings. If the format of the output needs to be changed, it is easier to modify the format specifier in Snippet A than to modify the `rjust` calls in Snippet B.

**Correctness:**
Both Snippet A and Snippet B produce the correct output, with the fields aligned as intended. However, Snippet A is more robust because it uses the `str.format` method, which is designed to handle a wide range of formatting options and edge cases.

**Conclusion:**
Based on the analysis above, Snippet A represents the best practice for producing aligned, readable output in a file. It is more readable, maintainable, and correct than Snippet B, and it uses a more modern and Pythonic way of formatting strings.

Here is the code for Snippet A:
```python
with open('table.txt', 'w') as f:
    for x in range(1, 11):
        f.write('{0:2d} {1:3d} {2:4d}\n'.format(x, x*x, x*x*x))
```
And here is the code for Snippet B:
```python
with open('table.txt', 'w') as f:
    for x in range(1, 11):
        line = (repr(x).rjust(2) + ' ' +
                repr(x*x).rjust(3) + ' ' +
                repr(x*x*x).rjust(4) + '\n')
        f.write(line)
```
Note that both snippets produce the same output, but Snippet A is the recommended approach.","Snippet A follows best practice. It uses the ``str.format`` syntax demonstrated in the context (e.g., ``'{0:2d} {1:3d} {2:4d}'.format(x, x*x, x*x*x)``) which makes the column widths explicit, keeps the formatting logic in a single, readable string, and is easy to adjust (changing a field width or adding a column only requires editing the format string). This approach reduces the chance of off‑by‑one spacing errors and avoids the verbose concatenation shown in Snippet B. Snippet B relies on ``repr`` and multiple ``rjust`` calls, making the code longer and harder to read; forgetting a space or mis‑ordering a ``rjust`` call could break the alignment. Therefore, for clarity, maintainability, and correctness, the ``str.format`` version is the preferred method for writing formatted tables to a file.",0.5517241379310345,0.45136562241999145,0.6984126983894179,1.0,T5_009,T5
"In the tracebacks shown, the function f raises an OSError with the message 'operation failed'. Define what an OSError represents in Python.","['2, in f\n| raise OSError(\'operation failed\')\n| OSError: operation failed\n| Happened in Iteration 1\n+---------------- 2 ----------------\n| Traceback (most recent call last):\n| File ""<stdin>"", line 3, in <module>\n| f()\n| ~^^\n| File ""<stdin>"", line 2, in f\n| raise OSError(\'operation failed\')\n| OSError: operation failed\n| Happened in Iteration 2\n+---------------- 3 ----------------\n| Traceback (most recent call last):\n| File ""<stdin>"", line 3, in <module>\n| f()\n| ~^^\n| File ""<stdin>"", line 2, in f\n| raise OSError(\'operation failed\')\n| OSError: operation failed\n| Happened in Iteration 3\n+------------------------------------\n>>>\nhttps://docs.python.org/3/tutorial/errors.html 11/11', 'Traceback (most recent call last):\nFile ""<stdin>"", line 2, in <module>\nraise TypeError(\'bad type\')\nTypeError: bad type\nAdd some information\nAdd some more information\n>>>\nFor example, when collecting exceptions into an exception group, we may want to add context information\nfor the individual errors. In the following each exception in the group has a note indicating when this error\nhas occurred.\n>>> def f():\n... raise OSError(\'operation failed\')\n...\n>>> excs = []\n>>> for i in range(3):\n... try:\n... f()\nhttps://docs.python.org/3/tutorial/errors.html 10/11\n28/07/2026, 14:10 8. Errors and Exceptions — Python 3.14.6 documentation\n... except Exception as e:', 'print(""There were OSErrors"")\n... except* SystemError as e:\n... print(""There were SystemErrors"")\n...\nThere were OSErrors\nThere were SystemErrors\n+ Exception Group Traceback (most recent call last):\n| File ""<stdin>"", line 2, in <module>\n| f()\n| ~^^\n| File ""<stdin>"", line 2, in f\n| raise ExceptionGroup(\n| ...<12 lines>...\nhttps://docs.python.org/3/tutorial/errors.html 9/11\n28/07/2026, 14:10 8. Errors and Exceptions — Python 3.14.6 documentation\n| )\n| ExceptionGroup: group1 (1 sub-exception)\n+-+---------------- 1 ----------------\n| ExceptionGroup: group2 (1 sub-exception)\n+-+---------------- 1 ----------------\n| RecursionError: 4\n+------------------------------------\n>>>', 'this_fails()\n... except ZeroDivisionError as err:\n... print(\'Handling run-time error:\', err)\n...\nHandling run-time error: division by zero\n8.4. Raising Exceptions\nThe raise statement allows the programmer to force a specified exception to occur. For example:\n>>> raise NameError(\'HiThere\')\nTraceback (most recent call last):\nFile ""<stdin>"", line 1, in <module>\nhttps://docs.python.org/3/tutorial/errors.html 4/11\n28/07/2026, 14:10 8. Errors and Exceptions — Python 3.14.6 documentation\nraise NameError(\'HiThere\')\nNameError: HiThere\nThe sole argument to raise indicates the exception to be raised. This must be either an exception in-', 'desirable to continue execution and collect multiple errors rather than raise the\nfirst exception.\nThe builtin ExceptionGroup wraps a list of exception instances so that they can be raised together. It is\nan exception itself, so it can be caught like any other exception.\nhttps://docs.python.org/3/tutorial/errors.html 8/11\n28/07/2026, 14:10 8. Errors and Exceptions — Python 3.14.6 documentation\n>>> def f():\n... excs = [OSError(\'error 1\'), SystemError(\'error 2\')]\n... raise ExceptionGroup(\'there were problems\', excs)\n...\n>>> f()\n+ Exception Group Traceback (most recent call last):\n| File ""<stdin>"", line 1, in <module>\n| f()\n| ~^^\n| File ""<stdin>"", line 3, in f', 'it.\nWarning: Calling f.write() without using the with keyword or calling f.close() might result in\nthe arguments of f.write() not being completely written to the disk, even if the program exits\nsuccessfully.\nAfter a file object is closed, either by a with statement or by calling f.close(), attempts to use the file\nobject will automatically fail.\n>>> f.close()\n>>> f.read()\nTraceback (most recent call last):\nFile ""<stdin>"", line 1, in <module>\nValueError: I/O operation on closed file.\n7.2.1. Methods of File Objects\nThe rest of the examples in this section will assume that a file object called f has already been created.', 'you are transforming exceptions. For example:\nhttps://docs.python.org/3/tutorial/errors.html 5/11\n28/07/2026, 14:10 8. Errors and Exceptions — Python 3.14.6 documentation\n>>> def func():\n... raise ConnectionError\n...\n>>> try:\n... func()\n... except ConnectionError as exc:\n... raise RuntimeError(\'Failed to open database\') from exc\n...\nTraceback (most recent call last):\nFile ""<stdin>"", line 2, in <module>\nfunc()\n~~~~^^\nFile ""<stdin>"", line 2, in func\nConnectionError\nThe above exception was the direct cause of the following exception:\nTraceback (most recent call last):\nFile ""<stdin>"", line 4, in <module>\nraise RuntimeError(\'Failed to open database\') from exc']","Based on the provided context, an OSError in Python represents an operating system-related error. This type of error occurs when there is a problem with the operating system or a system call. 

In the given examples, the function f raises an OSError with the message 'operation failed'. This suggests that the error 'operation failed' is related to an operating system error, possibly indicating a problem with a system call or an operating system operation.

It's worth noting that OSError is a built-in exception in Python, and it is a subclass of the Exception class. This means that OSError inherits all the attributes and methods of the Exception class and can be used to represent any type of operating system-related error.

In the context of the provided examples, the OSError is used to represent a generic operating system error, but in a real-world scenario, OSError could represent a wide range of operating system-related errors, such as:

- Permission errors
- File not found errors
- Connection errors
- etc.

However, without more information, it's difficult to determine the specific type of operating system error that is being represented by the OSError in this example.","An OSError is a built‑in exception type that signals a problem related to the operating system or a system call. It is raised when an operation (e.g., a file or I/O action) cannot be completed, as illustrated by the tracebacks where f() raises OSError('operation failed').",0.9230769230769231,0.0,0.8666666666377778,0.0,T6_001,T6
"Explain, in your own words, the sequence of events that occur when an exception is raised inside a try block, there is no matching except clause to handle it, and a finally clause is present. Specifically, describe when the finally block executes relative to the try block and what happens to the exception after the finally block runs.","['clause is present, the finally clause will execute as the last task before the try statement\ncompletes. The finally clause runs whether or not the try statement produces an exception. The fol-\nlowing points discuss more complex cases when an exception occurs:\nIf an exception occurs during execution of the try clause, the exception may be handled by an except\nclause. If the exception is not handled by an except clause, the exception is re-raised after the\nfinally clause has been executed.\nAn exception could occur during execution of an except or else clause. Again, the exception is re-\nraised after the finally clause has been executed.', 'keyword, the except clause is executed, and then\nexecution continues after the try/except block.\nIf an exception occurs which does not match the exception named in the except clause, it is passed on\nto outer try statements; if no handler is found, it is an unhandled exception and execution stops with\nan error message.\nA try statement may have more than one except clause, to specify handlers for different exceptions. At\nmost one handler will be executed. Handlers only handle exceptions that occur in the corresponding try\nclause, not in other handlers of the same try statement. An except clause may name multiple exceptions,\nfor example:\n... except RuntimeError, TypeError, NameError:\n... pass', 'cls in [B, C, D]:\ntry:\nraise cls()\nexcept D:\nprint(""D"")\nexcept C:\nprint(""C"")\nexcept B:\nprint(""B"")\nNote that if the except clauses were reversed (with except B first), it would have printed B, B, B — the\nfirst matching except clause is triggered.\nWhen an exception occurs, it may have associated values, also known as the exceptionʼs arguments. The\npresence and types of the arguments depend on the exception type.\nThe except clause may specify a variable after the exception name. The variable is bound to the exception\ninstance which typically has an args attribute that stores the arguments. For convenience, builtin excep-', 'while True:\n... try:\n... x = int(input(""Please enter a number: ""))\n... break\n... except ValueError:\n... print(""Oops! That was no valid number. Try again..."")\n...\nThe try statement works as follows.\nFirst, the try clause (the statement(s) between the try and except keywords) is executed.\nIf no exception occurs, the except clause is skipped and execution of the try statement is finished.\nIf an exception occurs during execution of the try clause, the rest of the clause is skipped. Then, if its\ntype matches the exception named after the except keyword, the except clause is executed, and then\nexecution continues after the try/except block.', 'or else clause. Again, the exception is re-\nraised after the finally clause has been executed.\nIf the finally clause executes a break, continue or return statement, exceptions are not re-raised.\nThis can be confusing and is therefore discouraged. From version 3.14 the compiler emits a\nSyntaxWarning for it (see PEP 765).\nIf the try statement reaches a break, continue or return statement, the finally clause will exe-\ncute just prior to the break, continue or return statementʼs execution.\nIf a finally clause includes a return statement, the returned value will be the one from the finally\nclauseʼs return statement, not the value from the try clauseʼs return statement. This can be con-', '... except NameError:\n... print(\'An exception flew by!\')\n... raise\n...\nAn exception flew by!\nTraceback (most recent call last):\nFile ""<stdin>"", line 2, in <module>\nraise NameError(\'HiThere\')\nNameError: HiThere\n8.5. Exception Chaining\nIf an unhandled exception occurs inside an except section, it will have the exception being handled at-\ntached to it and included in the error message:\n>>> try:\n... open(""database.sqlite"")\n... except OSError:\n... raise RuntimeError(""unable to handle error"")\n...\nTraceback (most recent call last):\nFile ""<stdin>"", line 2, in <module>\nopen(""database.sqlite"")\n~~~~^^^^^^^^^^^^^^^^^^^\nFileNotFoundError: [Errno 2] No such file or directory: \'database.sqlite\'', 'to think of the else clause is to imagine it paired with the if inside the loop. As the loop exe-\ncutes, it will run a sequence like if/if/if/else. The if is inside the loop, encountered a number of times. If\nthe condition is ever true, a break will happen. If the condition is never true, the else clause outside the\nloop will execute.\nWhen used with a loop, the else clause has more in common with the else clause of a try statement\nthan it does with that of if statements: a try statementʼs else clause runs when no exception occurs,\nand a loopʼs else clause runs when no break occurs. For more on the try statement and exceptions,\nsee Handling Exceptions.\n4.6. Statements\npass']","When an exception is raised inside a try block and there is no matching except clause to handle it, the sequence of events that occur is as follows:

1. **Exception Occurs**: An exception is raised inside the try block, indicating that something has gone wrong during the execution of the code within the try block.

2. **Try Block Execution Skipped**: The execution of the try block is skipped, and the code within the try block is not executed further.

3. **Finally Block Execution**: The finally block is executed. This block is guaranteed to run regardless of whether an exception occurs or not. The finally block is executed after the try block has been skipped.

4. **Exception Re-raised**: After the finally block has been executed, the exception is re-raised. This means that the exception is passed up the call stack, and the program will terminate with an error message.

In summary, the finally block executes after the try block has been skipped due to the exception, and the exception is re-raised after the finally block has completed execution. This ensures that any necessary cleanup or resource release is performed before the program terminates due to the unhandled exception.","When the try block raises an exception that is not caught by any except clause, Python first begins unwinding the stack. Before the exception is propagated outward, the finally clause is executed as the last step of the try‑statement. After the finally block finishes, the original exception is re‑raised (i.e., propagated) because no except clause handled it. Thus, the order is: (1) try block raises exception, (2) any matching except clauses are checked (none match), (3) the finally block runs, and (4) the exception is re‑raised to the caller.",1.0,0.7958699425300548,0.81666666664625,1.0,T6_002,T6
"Compare the behavior of Python’s finally clause when an exception is raised (a) inside the try block and (b) inside an except block. In your answer, explain when the finally clause executes and what happens to the original exception in each scenario.","['clause is present, the finally clause will execute as the last task before the try statement\ncompletes. The finally clause runs whether or not the try statement produces an exception. The fol-\nlowing points discuss more complex cases when an exception occurs:\nIf an exception occurs during execution of the try clause, the exception may be handled by an except\nclause. If the exception is not handled by an except clause, the exception is re-raised after the\nfinally clause has been executed.\nAn exception could occur during execution of an except or else clause. Again, the exception is re-\nraised after the finally clause has been executed.', 'or else clause. Again, the exception is re-\nraised after the finally clause has been executed.\nIf the finally clause executes a break, continue or return statement, exceptions are not re-raised.\nThis can be confusing and is therefore discouraged. From version 3.14 the compiler emits a\nSyntaxWarning for it (see PEP 765).\nIf the try statement reaches a break, continue or return statement, the finally clause will exe-\ncute just prior to the break, continue or return statementʼs execution.\nIf a finally clause includes a return statement, the returned value will be the one from the finally\nclauseʼs return statement, not the value from the try clauseʼs return statement. This can be con-', 'cls in [B, C, D]:\ntry:\nraise cls()\nexcept D:\nprint(""D"")\nexcept C:\nprint(""C"")\nexcept B:\nprint(""B"")\nNote that if the except clauses were reversed (with except B first), it would have printed B, B, B — the\nfirst matching except clause is triggered.\nWhen an exception occurs, it may have associated values, also known as the exceptionʼs arguments. The\npresence and types of the arguments depend on the exception type.\nThe except clause may specify a variable after the exception name. The variable is bound to the exception\ninstance which typically has an args attribute that stores the arguments. For convenience, builtin excep-', 'keyword, the except clause is executed, and then\nexecution continues after the try/except block.\nIf an exception occurs which does not match the exception named in the except clause, it is passed on\nto outer try statements; if no handler is found, it is an unhandled exception and execution stops with\nan error message.\nA try statement may have more than one except clause, to specify handlers for different exceptions. At\nmost one handler will be executed. Handlers only handle exceptions that occur in the corresponding try\nclause, not in other handlers of the same try statement. An except clause may name multiple exceptions,\nfor example:\n... except RuntimeError, TypeError, NameError:\n... pass', ""OSError:\nprint('cannot open', arg)\nelse:\nprint(arg, 'has', len(f.readlines()), 'lines')\nf.close()\nThe use of the else clause is better than adding additional code to the try clause because it avoids acci-\ndentally catching an exception that wasnʼt raised by the code being protected by the try … except\nstatement.\nException handlers do not handle only exceptions that occur immediately in the try clause, but also those\nthat occur inside functions that are called (even indirectly) in the try clause. For example:\n>>> def this_fails():\n... x = 1/0\n...\n>>> try:\n... this_fails()\n... except ZeroDivisionError as err:\n... print('Handling run-time error:', err)\n..."", 'the exception as well):\nimport sys\ntry:\nf = open(\'myfile.txt\')\ns = f.readline()\ni = int(s.strip())\nexcept OSError as err:\nprint(""OS error:"", err)\nexcept ValueError:\nprint(""Could not convert data to an integer."")\nexcept Exception as err:\nprint(f""Unexpected {err=}, {type(err)=}"")\nraise\nThe try … except statement has an optional else clause, which, when present, must follow all except\nclauses. It is useful for code that must be executed if the try clause does not raise an exception. For\nexample:\nfor arg in sys.argv[1:]:\ntry:\nf = open(arg, \'r\')\nexcept OSError:\nprint(\'cannot open\', arg)\nelse:\nprint(arg, \'has\', len(f.readlines()), \'lines\')\nf.close()', ""by sys.exit() and KeyboardInterrupt which is raised when a user wish-\nes to interrupt the program.\nException can be used as a wildcard that catches (almost) everything. However, it is good practice to be\nas specific as possible with the types of exceptions that we intend to handle, and to allow any unexpected\nhttps://docs.python.org/3/tutorial/errors.html 3/11\n28/07/2026, 14:10 8. Errors and Exceptions — Python 3.14.6 documentation\nexceptions to propagate on.\nThe most common pattern for handling Exception is to print or log the exception and then re-raise it (al-\nlowing a caller to handle the exception as well):\nimport sys\ntry:\nf = open('myfile.txt')\ns = f.readline()\ni = int(s.strip())""]","Let's break down the behavior of Python's finally clause when an exception is raised inside the try block and inside an except block.

**Scenario (a): Exception is raised inside the try block**

When an exception is raised inside the try block, the finally clause will execute after the exception has been caught by the except block, but before the except block's execution is completed. This is because the finally clause is executed regardless of whether an exception occurs or not.

Here's a step-by-step explanation:

1. The try block is executed.
2. An exception is raised inside the try block.
3. The except block catches the exception.
4. The finally clause is executed after the exception has been caught by the except block.
5. The except block's execution is completed.
6. The finally clause's execution is completed.

In this scenario, the original exception is caught by the except block, and the finally clause executes after the exception has been caught.

**Scenario (b): Exception is raised inside an except block**

When an exception is raised inside an except block, the finally clause will execute after the exception has been caught by the except block, but before the except block's execution is completed. This is because the finally clause is executed regardless of whether an exception occurs or not.

Here's a step-by-step explanation:

1. The try block is executed.
2. An exception is raised inside the try block.
3. The except block catches the exception.
4. Another exception is raised inside the except block.
5. The finally clause is executed after the exception has been caught by the except block.
6. The except block's execution is completed.
7. The finally clause's execution is completed.

In this scenario, the original exception is caught by the except block, and the new exception is caught by the except block as well. The finally clause executes after both exceptions have been caught.

In both scenarios, the finally clause executes after the exception has been caught by the except block, but before the except block's execution is completed. The original exception is caught by the except block in both scenarios.

It's worth noting that if the finally clause executes a break, continue, or return statement, the exception is not re-raised. This can be confusing and is therefore discouraged.","In both scenarios the finally clause is guaranteed to run before the try statement finishes. (a) If an exception occurs in the try block and is not caught by an except clause, the finally block executes first and then the original exception is re‑raised after the finally block completes. (b) If an exception occurs while executing an except (or else) block, the finally block also runs, and after it finishes the exception that arose in the except/else block is re‑raised. Thus, the finally clause always runs, and any uncaught exception—whether originating in the try or in an except/else block—is re‑raised only after the finally block has finished.",0.8,0.9146962643542034,0.8666666666377778,1.0,T6_003,T6
"Consider the following Python code that uses the built‑in ``ExceptionGroup`` introduced in Python 3.11:

```python
def f():
    excs = [OSError('error 1'), SystemError('error 2')]
    raise ExceptionGroup('there were problems', excs)

try:
    f()
except Exception as e:
    print(f'caught {type(e)}: {e}')
```
What exactly is printed to the console when this script is executed?","['desirable to continue execution and collect multiple errors rather than raise the\nfirst exception.\nThe builtin ExceptionGroup wraps a list of exception instances so that they can be raised together. It is\nan exception itself, so it can be caught like any other exception.\nhttps://docs.python.org/3/tutorial/errors.html 8/11\n28/07/2026, 14:10 8. Errors and Exceptions — Python 3.14.6 documentation\n>>> def f():\n... excs = [OSError(\'error 1\'), SystemError(\'error 2\')]\n... raise ExceptionGroup(\'there were problems\', excs)\n...\n>>> f()\n+ Exception Group Traceback (most recent call last):\n| File ""<stdin>"", line 1, in <module>\n| f()\n| ~^^\n| File ""<stdin>"", line 3, in f', 'TypeError. The string printed as the exception type is the name of the built-in exception that oc-\ncurred. This is true for all built-in exceptions, but need not be true for user-defined exceptions (although it\nis a useful convention). Standard exception names are built-in identifiers (not reserved keywords).\nThe rest of the line provides detail based on the type of exception and what caused it.\nThe preceding part of the error message shows the context where the exception occurred, in the form of a\nstack traceback. In general it contains a stack traceback listing source lines; however, it will not display\nlines read from standard input.', 'Traceback (most recent call last):\nFile ""<stdin>"", line 2, in <module>\nraise TypeError(\'bad type\')\nTypeError: bad type\nAdd some information\nAdd some more information\n>>>\nFor example, when collecting exceptions into an exception group, we may want to add context information\nfor the individual errors. In the following each exception in the group has a note indicating when this error\nhas occurred.\n>>> def f():\n... raise OSError(\'operation failed\')\n...\n>>> excs = []\n>>> for i in range(3):\n... try:\n... f()\nhttps://docs.python.org/3/tutorial/errors.html 10/11\n28/07/2026, 14:10 8. Errors and Exceptions — Python 3.14.6 documentation\n... except Exception as e:', '28/07/2026, 14:10 8. Errors and Exceptions — Python 3.14.6 documentation\n... except Exception as e:\n... e.add_note(f\'Happened in Iteration {i+1}\')\n... excs.append(e)\n...\n>>> raise ExceptionGroup(\'We have some problems\', excs)\n+ Exception Group Traceback (most recent call last):\n| File ""<stdin>"", line 1, in <module>\n| raise ExceptionGroup(\'We have some problems\', excs)\n| ExceptionGroup: We have some problems (3 sub-exceptions)\n+-+---------------- 1 ----------------\n| Traceback (most recent call last):\n| File ""<stdin>"", line 3, in <module>\n| f()\n| ~^^\n| File ""<stdin>"", line 2, in f\n| raise OSError(\'operation failed\')\n| OSError: operation failed\n| Happened in Iteration 1', 'print(""There were OSErrors"")\n... except* SystemError as e:\n... print(""There were SystemErrors"")\n...\nThere were OSErrors\nThere were SystemErrors\n+ Exception Group Traceback (most recent call last):\n| File ""<stdin>"", line 2, in <module>\n| f()\n| ~^^\n| File ""<stdin>"", line 2, in f\n| raise ExceptionGroup(\n| ...<12 lines>...\nhttps://docs.python.org/3/tutorial/errors.html 9/11\n28/07/2026, 14:10 8. Errors and Exceptions — Python 3.14.6 documentation\n| )\n| ExceptionGroup: group1 (1 sub-exception)\n+-+---------------- 1 ----------------\n| ExceptionGroup: group2 (1 sub-exception)\n+-+---------------- 1 ----------------\n| RecursionError: 4\n+------------------------------------\n>>>', 'By using except* instead of except, we can selectively handle only the exceptions in the group that\nmatch a certain type. In the following example, which shows a nested exception group, each except*\nclause extracts from the group exceptions of a certain type while letting all other exceptions propagate to\nother clauses and eventually to be reraised.\n>>> def f():\n... raise ExceptionGroup(\n... ""group1"",\n... [\n... OSError(1),\n... SystemError(2),\n... ExceptionGroup(\n... ""group2"",\n... [\n... OSError(3),\n... RecursionError(4)\n... ]\n... )\n... ]\n... )\n...\n>>> try:\n... f()\n... except* OSError as e:\n... print(""There were OSErrors"")\n... except* SystemError as e:\n... print(""There were SystemErrors"")\n...', 'this_fails()\n... except ZeroDivisionError as err:\n... print(\'Handling run-time error:\', err)\n...\nHandling run-time error: division by zero\n8.4. Raising Exceptions\nThe raise statement allows the programmer to force a specified exception to occur. For example:\n>>> raise NameError(\'HiThere\')\nTraceback (most recent call last):\nFile ""<stdin>"", line 1, in <module>\nhttps://docs.python.org/3/tutorial/errors.html 4/11\n28/07/2026, 14:10 8. Errors and Exceptions — Python 3.14.6 documentation\nraise NameError(\'HiThere\')\nNameError: HiThere\nThe sole argument to raise indicates the exception to be raised. This must be either an exception in-']","To determine what is printed to the console when this script is executed, let's analyze the code step by step.

The function `f()` raises an `ExceptionGroup` with two exceptions: `OSError('error 1')` and `SystemError('error 2')`. The `ExceptionGroup` is raised with the message `'there were problems'`.

When the `try` block is executed, it calls the function `f()`, which raises the `ExceptionGroup`. Since the `try` block does not catch the specific exceptions `OSError` or `SystemError`, the `except Exception as e:` clause is executed.

In this clause, the variable `e` is assigned the `ExceptionGroup` that was raised. The `type(e)` expression returns the type of the exception, which is `ExceptionGroup`. The `e` variable is then printed to the console.

However, the `ExceptionGroup` has a special behavior when it is printed. It displays a nested traceback of the exceptions it contains. In this case, the `ExceptionGroup` contains two exceptions: `OSError('error 1')` and `SystemError('error 2')`.

So, when the script is executed, the following is printed to the console:

```
caught ExceptionGroup: there were problems
+-+---------------- 1 ----------------
| Traceback (most recent call last):
| File ""<stdin>"", line 3, in <module>
| f()
| ~^^
| File ""<stdin>"", line 3, in f
| raise ExceptionGroup('there were problems', excs)
| ExceptionGroup: there were problems (2 sub-exceptions)
+-+---------------- 1 ----------------
| OSError: error 1
+-+---------------- 2 ----------------
| SystemError: error 2
```

This output shows the nested traceback of the exceptions contained in the `ExceptionGroup`.","The code catches the ``ExceptionGroup`` raised by ``f`` and prints its type and string representation. The output is:
```
caught <class 'ExceptionGroup'>: there were problems (2 sub-exceptions)
```",0.7857142857142857,0.5199179178647072,0.7499999999625,0.5,T6_004,T6
"Complete the function below so that it always returns the integer 42, no matter whether the division succeeds or raises a ZeroDivisionError. Use the finally clause to achieve this.
```python
def compute():
    try:
        result = 10 / 0
        return result
    except ZeroDivisionError:
        return -1
    finally:
        ___  # fill in this line
```
What line should replace the blank (___) to satisfy the requirement?","['this_fails()\n... except ZeroDivisionError as err:\n... print(\'Handling run-time error:\', err)\n...\nHandling run-time error: division by zero\n8.4. Raising Exceptions\nThe raise statement allows the programmer to force a specified exception to occur. For example:\n>>> raise NameError(\'HiThere\')\nTraceback (most recent call last):\nFile ""<stdin>"", line 1, in <module>\nhttps://docs.python.org/3/tutorial/errors.html 4/11\n28/07/2026, 14:10 8. Errors and Exceptions — Python 3.14.6 documentation\nraise NameError(\'HiThere\')\nNameError: HiThere\nThe sole argument to raise indicates the exception to be raised. This must be either an exception in-', '1)\nresult is 2.0\nexecuting finally clause\nhttps://docs.python.org/3/tutorial/errors.html 7/11\n28/07/2026, 14:10 8. Errors and Exceptions — Python 3.14.6 documentation\n>>> divide(2, 0)\ndivision by zero!\nexecuting finally clause\n>>> divide(""2"", ""1"")\nexecuting finally clause\nTraceback (most recent call last):\nFile ""<stdin>"", line 1, in <module>\ndivide(""2"", ""1"")\n~~~~~~^^^^^^^^^^\nFile ""<stdin>"", line 3, in divide\nresult = x / y\n~~^~~\nTypeError: unsupported operand type(s) for /: \'str\' and \'str\'\nAs you can see, the finally clause is executed in any event. The TypeError raised by dividing two\nstrings is not handled by the except clause and therefore re-raised after the finally clause has been', 'syntax is straightforward: the operators +, -, * and / can be used to perform arithmetic;\nparentheses (()) can be used for grouping. For example:\n>>> 2 + 2\n4\n>>> 50 - 5*6\n20\n>>> (50 - 5*6) / 4\n5.0\n>>> 8 / 5 # division always returns a floating-point number\n1.6\nThe integer numbers (e.g. 2, 4, 20) have type int, the ones with a fractional part (e.g. 5.0, 1.6) have\ntype float. We will see more about numeric types later in the tutorial.\nDivision (/) always returns a float. To do floor division and get an integer result you can use the // opera-\ntor; to calculate the remainder you can use %:\nhttps://docs.python.org/3/tutorial/introduction.html 1/9', 'to calculate the remainder you can use %:\nhttps://docs.python.org/3/tutorial/introduction.html 1/9\n28/07/2026, 14:07 3. An Informal Introduction to Python — Python 3.14.6 documentation\n>>> 17 / 3 # classic division returns a float\n5.666666666666667\n>>>\n>>> 17 // 3 # floor division discards the fractional part\n5\n>>> 17 % 3 # the % operator returns the remainder of the division\n2\n>>> 5 * 3 + 2 # floored quotient * divisor + remainder\n17\nWith Python, it is possible to use the ** operator to calculate powers [1]:\n>>> 5 ** 2 # 5 squared\n25\n>>> 2 ** 7 # 2 to the power of 7\n128\nThe equal sign (=) is used to assign a value to a variable. Afterwards, no result is displayed before the next', '... a, b = b, a+b\n... return result\n...\n>>> f100 = fib2(100) # call it\n>>> f100 # write the result\n[0, 1, 1, 2, 3, 5, 8, 13, 21, 34, 55, 89]\nThis example, as usual, demonstrates some new Python features:\nThe return statement returns with a value from a function. return without an expression argument\nreturns None. Falling off the end of a function also returns None.\nThe statement result.append(a) calls a method of the list object result. A method is a function\nthat ‘belongsʼ to an object and is named obj.methodname, where obj is some object (this may be an\nexpression), and methodname is the name of a method that is defined by the objectʼs type. Different', 'or else clause. Again, the exception is re-\nraised after the finally clause has been executed.\nIf the finally clause executes a break, continue or return statement, exceptions are not re-raised.\nThis can be confusing and is therefore discouraged. From version 3.14 the compiler emits a\nSyntaxWarning for it (see PEP 765).\nIf the try statement reaches a break, continue or return statement, the finally clause will exe-\ncute just prior to the break, continue or return statementʼs execution.\nIf a finally clause includes a return statement, the returned value will be the one from the finally\nclauseʼs return statement, not the value from the try clauseʼs return statement. This can be con-', 'clauseʼs return statement, not the value from the try clauseʼs return statement. This can be con-\nfusing and is therefore discouraged. From version 3.14 the compiler emits a SyntaxWarning for it (see\nPEP 765).\nFor example:\n>>> def bool_return():\n... try:\n... return True\n... finally:\n... return False\n...\n>>> bool_return()\nFalse\nA more complicated example:\n>>> def divide(x, y):\n... try:\n... result = x / y\n... except ZeroDivisionError:\n... print(""division by zero!"")\n... else:\n... print(""result is"", result)\n... finally:\n... print(""executing finally clause"")\n...\n>>> divide(2, 1)\nresult is 2.0\nexecuting finally clause\nhttps://docs.python.org/3/tutorial/errors.html 7/11']","To complete the function so that it always returns the integer 42, no matter whether the division succeeds or raises a ZeroDivisionError, we can use the finally clause to achieve this. 

The finally clause is executed regardless of whether an exception was raised or not. Therefore, we can place the return statement for 42 in the finally clause.

Here's the completed function:

```python
def compute():
    try:
        result = 10 / 0
        return result
    except ZeroDivisionError:
        return -1
    finally:
        return 42
```

In this code, the finally clause will always be executed, and it will return the integer 42, satisfying the requirement.","Replace the blank with:
```python
return 42
```
Because the finally clause is executed after the try/except blocks and its return statement overrides any previous return value, inserting `return 42` ensures that `compute()` always returns 42 regardless of whether an exception occurs.",0.2222222222222222,0.6076938587305428,0.42063492062089947,1.0,T6_005,T6
"You are tasked with writing a small utility that reads the entire contents of a text file called **data.txt** and returns it as a string. The utility must meet the following requirements:

1. If the file cannot be opened (e.g., it does not exist or the program lacks permission), catch the resulting exception and print the message **""Cannot open file""**.
2. If the file opens successfully but contains no characters, raise a **ValueError** with the message **""Empty file""**.
3. Regardless of whether an exception occurs, the file must be closed promptly and correctly.

Write a Python function **read_data()** that implements this behavior. Use the concepts described in the provided context.

```python
# Your implementation here
```","[""of the examples in this section will assume that a file object called f has already been created.\nTo read a fileʼs contents, call f.read(size), which reads some quantity of data and returns it as a string\n(in text mode) or bytes object (in binary mode). size is an optional numeric argument. When size is omitted\nor negative, the entire contents of the file will be read and returned; itʼs your problem if the file is twice as\nlarge as your machineʼs memory. Otherwise, at most size characters (in text mode) or size bytes (in binary\nmode) are read and returned. If the end of the file has been reached, f.read() will return an empty string\n('').\n>>> f.read()\n'This is the entire file.\\n'"", ""6/8\n28/07/2026, 14:10 7. Input and Output — Python 3.14.6 documentation\n>>> f.readline()\n'Second line of the file\\n'\n>>> f.readline()\n''\nFor reading lines from a file, you can loop over the file object. This is memory efficient, fast, and leads to\nsimple code:\n>>> for line in f:\n... print(line, end='')\n...\nThis is the first line of the file.\nSecond line of the file\nIf you want to read all the lines of a file in a list you can also use list(f) or f.readlines().\nf.write(string) writes the contents of string to the file, returning the number of characters written.\n>>> f.write('This is a test\\n')\n15"", ""been reached, f.read() will return an empty string\n('').\n>>> f.read()\n'This is the entire file.\\n'\n>>> f.read()\n''\nf.readline() reads a single line from the file; a newline character (\\n) is left at the end of the string,\nand is only omitted on the last line of the file if the file doesnʼt end in a newline. This makes the return val-\nue unambiguous; if f.readline() returns an empty string, the end of the file has been reached, while a\nblank line is represented by '\\n', a string containing only a single newline.\n>>> f.readline()\n'This is the first line of the file.\\n'\nhttps://docs.python.org/3/tutorial/inputoutput.html 6/8\n28/07/2026, 14:10 7. Input and Output — Python 3.14.6 documentation"", 'it.\nWarning: Calling f.write() without using the with keyword or calling f.close() might result in\nthe arguments of f.write() not being completely written to the disk, even if the program exits\nsuccessfully.\nAfter a file object is closed, either by a with statement or by calling f.close(), attempts to use the file\nobject will automatically fail.\n>>> f.close()\n>>> f.read()\nTraceback (most recent call last):\nFile ""<stdin>"", line 1, in <module>\nValueError: I/O operation on closed file.\n7.2.1. Methods of File Objects\nThe rest of the examples in this section will assume that a file object called f has already been created.', 'practice to use the with keyword when dealing with file objects. The advantage is that the file is\nproperly closed after its suite finishes, even if an exception is raised at some point. Using with is also\nmuch shorter than writing equivalent try-finally blocks:\n>>> with open(\'workfile\', encoding=""utf-8"") as f:\n... read_data = f.read()\n>>> # We can check that the file has been automatically closed.\n>>> f.closed\nTrue\nIf youʼre not using the with keyword, then you should call f.close() to close the file and immediately\nfree up any system resources used by it.\nWarning: Calling f.write() without using the with keyword or calling f.close() might result in', 'a file and print its contents to the screen.\nfor line in open(""myfile.txt""):\nprint(line, end="""")\nThe problem with this code is that it leaves the file open for an indeterminate amount of time after this part\nof the code has finished executing. This is not an issue in simple scripts, but can be a problem for larger\napplications. The with statement allows objects like files to be used in a way that ensures they are always\ncleaned up promptly and correctly.\nwith open(""myfile.txt"") as f:\nfor line in f:\nprint(line, end="""")\nAfter the statement is executed, the file f is always closed, even if a problem was encountered while pro-', 'mode, the default when reading is to convert platform-specific line endings (\\n on Unix, \\r\\n on\nWindows) to just \\n. When writing in text mode, the default is to convert occurrences of \\n back to plat-\nform-specific line endings. This behind-the-scenes modification to file data is fine for text files, but will\nhttps://docs.python.org/3/tutorial/inputoutput.html 5/8\n28/07/2026, 14:10 7. Input and Output — Python 3.14.6 documentation\ncorrupt binary data like that in JPEG or EXE files. Be very careful to use binary mode when reading and\nwriting such files.\nIt is good practice to use the with keyword when dealing with file objects. The advantage is that the file is']","Here's a Python function `read_data()` that meets the specified requirements:

```python
def read_data():
    try:
        with open('data.txt', 'r') as f:
            data = f.read()
            if not data.strip():  # Check if the file is empty
                raise ValueError(""Empty file"")
            return data
    except FileNotFoundError:
        print(""Cannot open file"")
    except Exception as e:
        print(f""An error occurred: {e}"")
```

Here's a breakdown of how this function works:

1. We use a `try`-`except` block to catch any exceptions that might occur when trying to open or read the file.
2. Inside the `try` block, we use the `with` statement to open the file in read mode (`'r'`). This ensures that the file is properly closed when we're done with it, even if an exception occurs.
3. We read the entire contents of the file using the `read()` method and store it in the `data` variable.
4. We check if the file is empty by calling the `strip()` method on the `data` string. If the file is empty, we raise a `ValueError` with the message ""Empty file"".
5. If the file is not empty, we return the file contents as a string.
6. If a `FileNotFoundError` exception occurs (i.e., the file does not exist), we catch it and print the message ""Cannot open file"".
7. If any other exception occurs, we catch it and print a generic error message.

This function meets all the specified requirements and provides a robust way to read the contents of a text file while handling potential errors and exceptions.","```python
def read_data():
    try:
        # Use a with‑statement so the file is guaranteed to be closed
        with open(""data.txt"", ""r"") as f:
            contents = f.read()
            if contents == """":
                # File is empty – raise the required exception
                raise ValueError(""Empty file"")
            return contents
    except OSError:
        # Covers IOError, FileNotFoundError, PermissionError, etc.
        print(""Cannot open file"")
```",0.0,0.7256757757272589,0.9999999999857143,1.0,T6_006,T6
"You are writing a utility that reports how many lines a text file contains.  The function `count_lines(path)` should:
1. Attempt to open the file for reading.
2. If opening the file fails because the file does not exist or cannot be accessed, catch the resulting **OSError** and print a message like `cannot open <path>`.
3. If the file opens successfully, read all lines, print `<path> has <n> lines`, and then close the file.
4. Ensure that the code that counts and prints the number of lines is placed in an **else** block of the `try…except` statement (as described in the context), so that it is not accidentally executed when an unrelated exception occurs.

Write the complete `count_lines` function in Python that follows these requirements.

(Note: you may assume `path` is a string and you do not need to handle any other exception types.)","[""6/8\n28/07/2026, 14:10 7. Input and Output — Python 3.14.6 documentation\n>>> f.readline()\n'Second line of the file\\n'\n>>> f.readline()\n''\nFor reading lines from a file, you can loop over the file object. This is memory efficient, fast, and leads to\nsimple code:\n>>> for line in f:\n... print(line, end='')\n...\nThis is the first line of the file.\nSecond line of the file\nIf you want to read all the lines of a file in a list you can also use list(f) or f.readlines().\nf.write(string) writes the contents of string to the file, returning the number of characters written.\n>>> f.write('This is a test\\n')\n15"", 'world\')\nFile ""<stdin>"", line 1\nwhile True print(\'Hello world\')\n^^^^^\nSyntaxError: invalid syntax\nThe parser repeats the offending line and displays little arrows pointing at the place where the error was\ndetected. Note that this is not always the place that needs to be fixed. In the example, the error is detect-\ned at the function print(), since a colon (\':\') is missing just before it.\nThe file name (<stdin> in our example) and line number are printed so you know where to look in case\nthe input came from a file.\n8.2. Exceptions\nEven if a statement or expression is syntactically correct, it may cause an error when an attempt is made', ""been reached, f.read() will return an empty string\n('').\n>>> f.read()\n'This is the entire file.\\n'\n>>> f.read()\n''\nf.readline() reads a single line from the file; a newline character (\\n) is left at the end of the string,\nand is only omitted on the last line of the file if the file doesnʼt end in a newline. This makes the return val-\nue unambiguous; if f.readline() returns an empty string, the end of the file has been reached, while a\nblank line is represented by '\\n', a string containing only a single newline.\n>>> f.readline()\n'This is the first line of the file.\\n'\nhttps://docs.python.org/3/tutorial/inputoutput.html 6/8\n28/07/2026, 14:10 7. Input and Output — Python 3.14.6 documentation"", 'the exception as well):\nimport sys\ntry:\nf = open(\'myfile.txt\')\ns = f.readline()\ni = int(s.strip())\nexcept OSError as err:\nprint(""OS error:"", err)\nexcept ValueError:\nprint(""Could not convert data to an integer."")\nexcept Exception as err:\nprint(f""Unexpected {err=}, {type(err)=}"")\nraise\nThe try … except statement has an optional else clause, which, when present, must follow all except\nclauses. It is useful for code that must be executed if the try clause does not raise an exception. For\nexample:\nfor arg in sys.argv[1:]:\ntry:\nf = open(arg, \'r\')\nexcept OSError:\nprint(\'cannot open\', arg)\nelse:\nprint(arg, \'has\', len(f.readlines()), \'lines\')\nf.close()', '28/07/2026, 14:10 8. Errors and Exceptions — Python 3.14.6 documentation\n8. Errors and Exceptions\nUntil now error messages havenʼt been more than mentioned, but if you have tried out the examples you\nhave probably seen some. There are (at least) two distinguishable kinds of errors: syntax errors and ex-\nceptions.\n8.1. Syntax Errors\nSyntax errors, also known as parsing errors, are perhaps the most common kind of complaint you get\nwhile you are still learning Python:\n>>> while True print(\'Hello world\')\nFile ""<stdin>"", line 1\nwhile True print(\'Hello world\')\n^^^^^\nSyntaxError: invalid syntax', ""OSError:\nprint('cannot open', arg)\nelse:\nprint(arg, 'has', len(f.readlines()), 'lines')\nf.close()\nThe use of the else clause is better than adding additional code to the try clause because it avoids acci-\ndentally catching an exception that wasnʼt raised by the code being protected by the try … except\nstatement.\nException handlers do not handle only exceptions that occur immediately in the try clause, but also those\nthat occur inside functions that are called (even indirectly) in the try clause. For example:\n>>> def this_fails():\n... x = 1/0\n...\n>>> try:\n... this_fails()\n... except ZeroDivisionError as err:\n... print('Handling run-time error:', err)\n..."", 'a statement or expression is syntactically correct, it may cause an error when an attempt is made\nto execute it. Errors detected during execution are called exceptions and are not unconditionally fatal: you\nwill soon learn how to handle them in Python programs. Most exceptions are not handled by programs,\nhowever, and result in error messages as shown here:\n>>> 10 * (1/0)\nTraceback (most recent call last):\nFile ""<stdin>"", line 1, in <module>\n10 * (1/0)\n~^~\nZeroDivisionError: division by zero\n>>> 4 + spam*3\nTraceback (most recent call last):\nFile ""<stdin>"", line 1, in <module>\n4 + spam*3\n^^^^\nNameError: name \'spam\' is not defined\n>>> \'2\' + 2\nTraceback (most recent call last):']","Here's the complete `count_lines` function in Python that follows the requirements:

```python
import sys

def count_lines(path):
    try:
        f = open(path, 'r')
    except OSError as err:
        print(f""cannot open {path}"")
    else:
        n = len(f.readlines())
        print(f""{path} has {n} lines"")
        f.close()
```

This function attempts to open the file for reading. If opening the file fails because the file does not exist or cannot be accessed, it catches the resulting `OSError` and prints a message like `cannot open <path>`. If the file opens successfully, it reads all lines, prints `<path> has <n> lines`, and then closes the file. The code that counts and prints the number of lines is placed in an `else` block of the `try…except` statement, so that it is not accidentally executed when an unrelated exception occurs.","```python
def count_lines(path):
    try:
        f = open(path, 'r')
    except OSError:
        # Handles file‑not‑found, permission errors, etc.
        print('cannot open', path)
    else:
        # Executed only if the file was opened successfully.
        print(path, 'has', len(f.readlines()), 'lines')
        f.close()
```
The `except OSError` block catches only errors raised while opening the file, preventing accidental catching of other exceptions. The `else` clause runs only when no exception occurs, so the line‑counting logic is safely separated from the `try` block, exactly as the context recommends.",0.0,0.6214785922398837,0.8178571428435119,0.6,T6_007,T6
"Complete the following function so that it always returns the integer 42, no matter whether the `try` block executes normally, raises an exception, or the `except` block runs. Use the behavior of a `finally` clause described in the context (a return in `finally` overrides any earlier return). Fill in the missing line marked with `# TODO`.

```python
def process(flag):
    try:
        if flag:
            raise ValueError(""trigger"")
        return 1
    except ValueError:
        return -1
    finally:
        # TODO: ensure the function returns 42 regardless of earlier returns
        ...
```
","['or else clause. Again, the exception is re-\nraised after the finally clause has been executed.\nIf the finally clause executes a break, continue or return statement, exceptions are not re-raised.\nThis can be confusing and is therefore discouraged. From version 3.14 the compiler emits a\nSyntaxWarning for it (see PEP 765).\nIf the try statement reaches a break, continue or return statement, the finally clause will exe-\ncute just prior to the break, continue or return statementʼs execution.\nIf a finally clause includes a return statement, the returned value will be the one from the finally\nclauseʼs return statement, not the value from the try clauseʼs return statement. This can be con-', 'exceptions to report errors that may occur in functions they\ndefine.\n8.7. Defining Clean-up Actions\nThe try statement has another optional clause which is intended to define clean-up actions that must be\nexecuted under all circumstances. For example:\nhttps://docs.python.org/3/tutorial/errors.html 6/11\n28/07/2026, 14:10 8. Errors and Exceptions — Python 3.14.6 documentation\n>>> try:\n... raise KeyboardInterrupt\n... finally:\n... print(\'Goodbye, world!\')\n...\nGoodbye, world!\nTraceback (most recent call last):\nFile ""<stdin>"", line 2, in <module>\nraise KeyboardInterrupt\nKeyboardInterrupt\nIf a finally clause is present, the finally clause will execute as the last task before the try statement', 'while True:\n... try:\n... x = int(input(""Please enter a number: ""))\n... break\n... except ValueError:\n... print(""Oops! That was no valid number. Try again..."")\n...\nThe try statement works as follows.\nFirst, the try clause (the statement(s) between the try and except keywords) is executed.\nIf no exception occurs, the except clause is skipped and execution of the try statement is finished.\nIf an exception occurs during execution of the try clause, the rest of the clause is skipped. Then, if its\ntype matches the exception named after the except keyword, the except clause is executed, and then\nexecution continues after the try/except block.', '1)\nresult is 2.0\nexecuting finally clause\nhttps://docs.python.org/3/tutorial/errors.html 7/11\n28/07/2026, 14:10 8. Errors and Exceptions — Python 3.14.6 documentation\n>>> divide(2, 0)\ndivision by zero!\nexecuting finally clause\n>>> divide(""2"", ""1"")\nexecuting finally clause\nTraceback (most recent call last):\nFile ""<stdin>"", line 1, in <module>\ndivide(""2"", ""1"")\n~~~~~~^^^^^^^^^^\nFile ""<stdin>"", line 3, in divide\nresult = x / y\n~~^~~\nTypeError: unsupported operand type(s) for /: \'str\' and \'str\'\nAs you can see, the finally clause is executed in any event. The TypeError raised by dividing two\nstrings is not handled by the except clause and therefore re-raised after the finally clause has been', 'clauseʼs return statement, not the value from the try clauseʼs return statement. This can be con-\nfusing and is therefore discouraged. From version 3.14 the compiler emits a SyntaxWarning for it (see\nPEP 765).\nFor example:\n>>> def bool_return():\n... try:\n... return True\n... finally:\n... return False\n...\n>>> bool_return()\nFalse\nA more complicated example:\n>>> def divide(x, y):\n... try:\n... result = x / y\n... except ZeroDivisionError:\n... print(""division by zero!"")\n... else:\n... print(""result is"", result)\n... finally:\n... print(""executing finally clause"")\n...\n>>> divide(2, 1)\nresult is 2.0\nexecuting finally clause\nhttps://docs.python.org/3/tutorial/errors.html 7/11', 'desirable to continue execution and collect multiple errors rather than raise the\nfirst exception.\nThe builtin ExceptionGroup wraps a list of exception instances so that they can be raised together. It is\nan exception itself, so it can be caught like any other exception.\nhttps://docs.python.org/3/tutorial/errors.html 8/11\n28/07/2026, 14:10 8. Errors and Exceptions — Python 3.14.6 documentation\n>>> def f():\n... excs = [OSError(\'error 1\'), SystemError(\'error 2\')]\n... raise ExceptionGroup(\'there were problems\', excs)\n...\n>>> f()\n+ Exception Group Traceback (most recent call last):\n| File ""<stdin>"", line 1, in <module>\n| f()\n| ~^^\n| File ""<stdin>"", line 3, in f', 'this_fails()\n... except ZeroDivisionError as err:\n... print(\'Handling run-time error:\', err)\n...\nHandling run-time error: division by zero\n8.4. Raising Exceptions\nThe raise statement allows the programmer to force a specified exception to occur. For example:\n>>> raise NameError(\'HiThere\')\nTraceback (most recent call last):\nFile ""<stdin>"", line 1, in <module>\nhttps://docs.python.org/3/tutorial/errors.html 4/11\n28/07/2026, 14:10 8. Errors and Exceptions — Python 3.14.6 documentation\nraise NameError(\'HiThere\')\nNameError: HiThere\nThe sole argument to raise indicates the exception to be raised. This must be either an exception in-']","To complete the `process` function so that it always returns the integer 42, we can use the behavior of a `finally` clause described in the context. Since a return in `finally` overrides any earlier return, we can simply add a `return 42` statement in the `finally` block. Here's the completed function:

```python
def process(flag):
    try:
        if flag:
            raise ValueError(""trigger"")
        return 1
    except ValueError:
        return -1
    finally:
        return 42  # This will override any earlier return and ensure the function returns 42
```

This way, regardless of whether the `try` block executes normally, raises an exception, or the `except` block runs, the function will always return the integer 42.","Insert a return statement inside the `finally` block:
```python
    finally:
        return 42
```
Because a `return` in a `finally` clause supersedes any return from the `try` or `except` blocks, the function will always yield 42 regardless of whether an exception is raised or which earlier return would have been executed.",0.18181818181818182,0.5039420998268135,0.9999999999833333,1.0,T6_008,T6
"The code below is meant to demonstrate how Python selects the first matching except clause when raising exceptions from a class hierarchy (B → C → D). It should print the letters B, C, D in that order. However, when you run it, the output is:
```
C
C
D
```
Identify the single line that contains the bug, explain why it leads to the incorrect output, and provide the corrected line of code.
```python
class B(Exception):
    pass
class C(B):
    pass
class D(C):
    pass

for cls in [B, C, D]:
    try:
        raise cls()
    except D:
        print(""D"")
    except C:
        print(""C"")
    except B:
        print(""C"")  # <-- bug here
```","['desirable to continue execution and collect multiple errors rather than raise the\nfirst exception.\nThe builtin ExceptionGroup wraps a list of exception instances so that they can be raised together. It is\nan exception itself, so it can be caught like any other exception.\nhttps://docs.python.org/3/tutorial/errors.html 8/11\n28/07/2026, 14:10 8. Errors and Exceptions — Python 3.14.6 documentation\n>>> def f():\n... excs = [OSError(\'error 1\'), SystemError(\'error 2\')]\n... raise ExceptionGroup(\'there were problems\', excs)\n...\n>>> f()\n+ Exception Group Traceback (most recent call last):\n| File ""<stdin>"", line 1, in <module>\n| f()\n| ~^^\n| File ""<stdin>"", line 3, in f', ""by sys.exit() and KeyboardInterrupt which is raised when a user wish-\nes to interrupt the program.\nException can be used as a wildcard that catches (almost) everything. However, it is good practice to be\nas specific as possible with the types of exceptions that we intend to handle, and to allow any unexpected\nhttps://docs.python.org/3/tutorial/errors.html 3/11\n28/07/2026, 14:10 8. Errors and Exceptions — Python 3.14.6 documentation\nexceptions to propagate on.\nThe most common pattern for handling Exception is to print or log the exception and then re-raise it (al-\nlowing a caller to handle the exception as well):\nimport sys\ntry:\nf = open('myfile.txt')\ns = f.readline()\ni = int(s.strip())"", 'may name their own exceptions by creating a new exception class (see Classes for more about\nPython classes). Exceptions should typically be derived from the Exception class, either directly or\nindirectly.\nException classes can be defined which do anything any other class can do, but are usually kept simple,\noften only offering a number of attributes that allow information about the error to be extracted by han-\ndlers for the exception.\nMost exceptions are defined with names that end in “Error”, similar to the naming of the standard\nexceptions.\nMany standard modules define their own exceptions to report errors that may occur in functions they\ndefine.\n8.7. Defining Clean-up Actions', 'this_fails()\n... except ZeroDivisionError as err:\n... print(\'Handling run-time error:\', err)\n...\nHandling run-time error: division by zero\n8.4. Raising Exceptions\nThe raise statement allows the programmer to force a specified exception to occur. For example:\n>>> raise NameError(\'HiThere\')\nTraceback (most recent call last):\nFile ""<stdin>"", line 1, in <module>\nhttps://docs.python.org/3/tutorial/errors.html 4/11\n28/07/2026, 14:10 8. Errors and Exceptions — Python 3.14.6 documentation\nraise NameError(\'HiThere\')\nNameError: HiThere\nThe sole argument to raise indicates the exception to be raised. This must be either an exception in-', ""sole argument to raise indicates the exception to be raised. This must be either an exception in-\nstance or an exception class (a class that derives from BaseException, such as Exception or one of its\nsubclasses). If an exception class is passed, it will be implicitly instantiated by calling its constructor with\nno arguments:\nraise ValueError # shorthand for 'raise ValueError()'\nIf you need to determine whether an exception was raised but donʼt intend to handle it, a simpler form of\nthe raise statement allows you to re-raise the exception:\n>>> try:\n... raise NameError('HiThere')\n... except NameError:\n... print('An exception flew by!')\n... raise\n...\nAn exception flew by!"", ""x)\n... print('y =', y)\n...\n<class 'Exception'>\n('spam', 'eggs')\n('spam', 'eggs')\nx = spam\ny = eggs\nThe exceptionʼs __str__() output is printed as the last part (‘detailʼ) of the message for unhandled\nexceptions.\nBaseException is the common base class of all exceptions. One of its subclasses, Exception, is the\nbase class of all the non-fatal exceptions. Exceptions which are not subclasses of Exception are not typi-\ncally handled, because they are used to indicate that the program should terminate. They include\nSystemExit which is raised by sys.exit() and KeyboardInterrupt which is raised when a user wish-\nes to interrupt the program."", 'cls in [B, C, D]:\ntry:\nraise cls()\nexcept D:\nprint(""D"")\nexcept C:\nprint(""C"")\nexcept B:\nprint(""B"")\nNote that if the except clauses were reversed (with except B first), it would have printed B, B, B — the\nfirst matching except clause is triggered.\nWhen an exception occurs, it may have associated values, also known as the exceptionʼs arguments. The\npresence and types of the arguments depend on the exception type.\nThe except clause may specify a variable after the exception name. The variable is bound to the exception\ninstance which typically has an args attribute that stores the arguments. For convenience, builtin excep-']","The single line that contains the bug is:

```python
except B:
    print(""C"")  # <-- bug here
```

This line leads to the incorrect output because it catches the exception raised by class B, but instead of printing ""B"", it prints ""C"". This is because the except clause for B is triggered, but it's not printing the correct value.

The corrected line of code should be:

```python
except B:
    print(""B"")
```

This is because when an exception of type B is raised, the except clause for B is triggered, and it should print ""B"", not ""C"".","The bug is in the last except clause. It catches the base exception B but prints the wrong label (""C""). Because the B exception is handled by this clause, the printed string should be ""B"". The incorrect print statement causes the second ""C"" in the output instead of the expected ""B"".
Corrected line:
```python
    except B:
        print(""B"")
```",0.2857142857142857,0.5656607783393006,0.24285714284499998,0.6666666666666666,T6_009,T6
"The following Python code is intended to raise each exception class (B, C, D) in turn and print the name of the specific exception that was caught. However, when you run it, the output is:

```
B
B
B
```

instead of the expected:

```
B
C
D
```

```python
class B(Exception):
    pass

class C(B):
    pass

class D(C):
    pass

for cls in [B, C, D]:
    try:
        raise cls()
    except B:
        print(""B"")
    except C:
        print(""C"")
    except D:
        print(""D"")
```

Analyze why the code produces the wrong output and modify it so that each exception is handled by the most specific matching except clause, yielding the correct sequence of prints. Show the exact line you change and the corrected version of that line (or block).","['may name multiple exceptions,\nfor example:\n... except RuntimeError, TypeError, NameError:\n... pass\nA class in an except clause matches exceptions which are instances of the class itself or one of its de-\nrived classes (but not the other way around — an except clause listing a derived class does not match in-\nstances of its base classes). For example, the following code will print B, C, D in that order:\nhttps://docs.python.org/3/tutorial/errors.html 2/11\n28/07/2026, 14:10 8. Errors and Exceptions — Python 3.14.6 documentation\nclass B(Exception):\npass\nclass C(B):\npass\nclass D(C):\npass\nfor cls in [B, C, D]:\ntry:\nraise cls()\nexcept D:\nprint(""D"")\nexcept C:\nprint(""C"")\nexcept B:\nprint(""B"")', 'this_fails()\n... except ZeroDivisionError as err:\n... print(\'Handling run-time error:\', err)\n...\nHandling run-time error: division by zero\n8.4. Raising Exceptions\nThe raise statement allows the programmer to force a specified exception to occur. For example:\n>>> raise NameError(\'HiThere\')\nTraceback (most recent call last):\nFile ""<stdin>"", line 1, in <module>\nhttps://docs.python.org/3/tutorial/errors.html 4/11\n28/07/2026, 14:10 8. Errors and Exceptions — Python 3.14.6 documentation\nraise NameError(\'HiThere\')\nNameError: HiThere\nThe sole argument to raise indicates the exception to be raised. This must be either an exception in-', ""sole argument to raise indicates the exception to be raised. This must be either an exception in-\nstance or an exception class (a class that derives from BaseException, such as Exception or one of its\nsubclasses). If an exception class is passed, it will be implicitly instantiated by calling its constructor with\nno arguments:\nraise ValueError # shorthand for 'raise ValueError()'\nIf you need to determine whether an exception was raised but donʼt intend to handle it, a simpler form of\nthe raise statement allows you to re-raise the exception:\n>>> try:\n... raise NameError('HiThere')\n... except NameError:\n... print('An exception flew by!')\n... raise\n...\nAn exception flew by!"", ""by sys.exit() and KeyboardInterrupt which is raised when a user wish-\nes to interrupt the program.\nException can be used as a wildcard that catches (almost) everything. However, it is good practice to be\nas specific as possible with the types of exceptions that we intend to handle, and to allow any unexpected\nhttps://docs.python.org/3/tutorial/errors.html 3/11\n28/07/2026, 14:10 8. Errors and Exceptions — Python 3.14.6 documentation\nexceptions to propagate on.\nThe most common pattern for handling Exception is to print or log the exception and then re-raise it (al-\nlowing a caller to handle the exception as well):\nimport sys\ntry:\nf = open('myfile.txt')\ns = f.readline()\ni = int(s.strip())"", 'the exception as well):\nimport sys\ntry:\nf = open(\'myfile.txt\')\ns = f.readline()\ni = int(s.strip())\nexcept OSError as err:\nprint(""OS error:"", err)\nexcept ValueError:\nprint(""Could not convert data to an integer."")\nexcept Exception as err:\nprint(f""Unexpected {err=}, {type(err)=}"")\nraise\nThe try … except statement has an optional else clause, which, when present, must follow all except\nclauses. It is useful for code that must be executed if the try clause does not raise an exception. For\nexample:\nfor arg in sys.argv[1:]:\ntry:\nf = open(arg, \'r\')\nexcept OSError:\nprint(\'cannot open\', arg)\nelse:\nprint(arg, \'has\', len(f.readlines()), \'lines\')\nf.close()', 'desirable to continue execution and collect multiple errors rather than raise the\nfirst exception.\nThe builtin ExceptionGroup wraps a list of exception instances so that they can be raised together. It is\nan exception itself, so it can be caught like any other exception.\nhttps://docs.python.org/3/tutorial/errors.html 8/11\n28/07/2026, 14:10 8. Errors and Exceptions — Python 3.14.6 documentation\n>>> def f():\n... excs = [OSError(\'error 1\'), SystemError(\'error 2\')]\n... raise ExceptionGroup(\'there were problems\', excs)\n...\n>>> f()\n+ Exception Group Traceback (most recent call last):\n| File ""<stdin>"", line 1, in <module>\n| f()\n| ~^^\n| File ""<stdin>"", line 3, in f', 'cls in [B, C, D]:\ntry:\nraise cls()\nexcept D:\nprint(""D"")\nexcept C:\nprint(""C"")\nexcept B:\nprint(""B"")\nNote that if the except clauses were reversed (with except B first), it would have printed B, B, B — the\nfirst matching except clause is triggered.\nWhen an exception occurs, it may have associated values, also known as the exceptionʼs arguments. The\npresence and types of the arguments depend on the exception type.\nThe except clause may specify a variable after the exception name. The variable is bound to the exception\ninstance which typically has an args attribute that stores the arguments. For convenience, builtin excep-']","The issue with the code is that the except clauses are not ordered in a way that allows the most specific matching except clause to be triggered first. 

In Python, when an exception occurs, the interpreter searches for an except clause that matches the exception type. If it finds one, it stops searching and executes the code in that except clause. 

In this case, the except clauses are ordered as follows:

1. `except B:`
2. `except C:`
3. `except D:`

However, since `B` is a base class of both `C` and `D`, the interpreter will match the exception with the first except clause it finds, which is `except B:`. 

To fix this issue, we need to reorder the except clauses so that the most specific matching except clause is triggered first. 

Here's the corrected code:

```python
class B(Exception):
    pass

class C(B):
    pass

class D(C):
    pass

for cls in [B, C, D]:
    try:
        raise cls()
    except D:  # Move the most specific except clause to the top
        print(""D"")
    except C:
        print(""C"")
    except B:
        print(""B"")
```

By moving the `except D:` clause to the top, we ensure that the most specific matching except clause is triggered first, and the output will be:

```
B
C
D
```","The problem is the order of the except clauses. In Python, the first matching except block is executed, and because `except B:` appears before the more specific `except C:` and `except D:`, it catches all instances of B and its subclasses (C and D). Therefore every raised exception is handled by the `except B:` block, producing three ""B"" prints.

To fix the bug, place the handlers for the most‑derived exceptions before the base‑class handler:

```python
    try:
        raise cls()
    except D:
        print(""D"")
    except C:
        print(""C"")
    except B:
        print(""B"")
```

Now the output is:
```
B
C
D
```",0.4,0.5785667846973872,0.6984126983894179,1.0,T6_010,T6
"Consider the following Python program that demonstrates adding notes to individual exceptions before grouping them:
```python
def f():
    raise OSError('operation failed')

excs = []
for i in range(3):
    try:
        f()
    except Exception as e:
        e.add_note(f'Happened in Iteration {i+1}')
        excs.append(e)

raise ExceptionGroup('We have some problems', excs)
```
Analyse the execution flow and produce the **exact** traceback that Python prints when this script is run. In your answer, list each sub‑exception in the order it appears, include the OSError message, and show the note that was attached to each sub‑exception. Explain briefly why the notes contain the values they do.","['Traceback (most recent call last):\nFile ""<stdin>"", line 2, in <module>\nraise TypeError(\'bad type\')\nTypeError: bad type\nAdd some information\nAdd some more information\n>>>\nFor example, when collecting exceptions into an exception group, we may want to add context information\nfor the individual errors. In the following each exception in the group has a note indicating when this error\nhas occurred.\n>>> def f():\n... raise OSError(\'operation failed\')\n...\n>>> excs = []\n>>> for i in range(3):\n... try:\n... f()\nhttps://docs.python.org/3/tutorial/errors.html 10/11\n28/07/2026, 14:10 8. Errors and Exceptions — Python 3.14.6 documentation\n... except Exception as e:', 'is created in order to be raised, it is usually initialized with information that describes\nthe error that has occurred. There are cases where it is useful to add information after the exception was\ncaught. For this purpose, exceptions have a method add_note(note) that accepts a string and adds it to\nthe exceptionʼs notes list. The standard traceback rendering includes all notes, in the order they were\nadded, after the exception.\n>>> try:\n... raise TypeError(\'bad type\')\n... except Exception as e:\n... e.add_note(\'Add some information\')\n... e.add_note(\'Add some more information\')\n... raise\n...\nTraceback (most recent call last):\nFile ""<stdin>"", line 2, in <module>\nraise TypeError(\'bad type\')', '28/07/2026, 14:10 8. Errors and Exceptions — Python 3.14.6 documentation\n... except Exception as e:\n... e.add_note(f\'Happened in Iteration {i+1}\')\n... excs.append(e)\n...\n>>> raise ExceptionGroup(\'We have some problems\', excs)\n+ Exception Group Traceback (most recent call last):\n| File ""<stdin>"", line 1, in <module>\n| raise ExceptionGroup(\'We have some problems\', excs)\n| ExceptionGroup: We have some problems (3 sub-exceptions)\n+-+---------------- 1 ----------------\n| Traceback (most recent call last):\n| File ""<stdin>"", line 3, in <module>\n| f()\n| ~^^\n| File ""<stdin>"", line 2, in f\n| raise OSError(\'operation failed\')\n| OSError: operation failed\n| Happened in Iteration 1', 'desirable to continue execution and collect multiple errors rather than raise the\nfirst exception.\nThe builtin ExceptionGroup wraps a list of exception instances so that they can be raised together. It is\nan exception itself, so it can be caught like any other exception.\nhttps://docs.python.org/3/tutorial/errors.html 8/11\n28/07/2026, 14:10 8. Errors and Exceptions — Python 3.14.6 documentation\n>>> def f():\n... excs = [OSError(\'error 1\'), SystemError(\'error 2\')]\n... raise ExceptionGroup(\'there were problems\', excs)\n...\n>>> f()\n+ Exception Group Traceback (most recent call last):\n| File ""<stdin>"", line 1, in <module>\n| f()\n| ~^^\n| File ""<stdin>"", line 3, in f', 'exceptions to report errors that may occur in functions they\ndefine.\n8.7. Defining Clean-up Actions\nThe try statement has another optional clause which is intended to define clean-up actions that must be\nexecuted under all circumstances. For example:\nhttps://docs.python.org/3/tutorial/errors.html 6/11\n28/07/2026, 14:10 8. Errors and Exceptions — Python 3.14.6 documentation\n>>> try:\n... raise KeyboardInterrupt\n... finally:\n... print(\'Goodbye, world!\')\n...\nGoodbye, world!\nTraceback (most recent call last):\nFile ""<stdin>"", line 2, in <module>\nraise KeyboardInterrupt\nKeyboardInterrupt\nIf a finally clause is present, the finally clause will execute as the last task before the try statement', ""by sys.exit() and KeyboardInterrupt which is raised when a user wish-\nes to interrupt the program.\nException can be used as a wildcard that catches (almost) everything. However, it is good practice to be\nas specific as possible with the types of exceptions that we intend to handle, and to allow any unexpected\nhttps://docs.python.org/3/tutorial/errors.html 3/11\n28/07/2026, 14:10 8. Errors and Exceptions — Python 3.14.6 documentation\nexceptions to propagate on.\nThe most common pattern for handling Exception is to print or log the exception and then re-raise it (al-\nlowing a caller to handle the exception as well):\nimport sys\ntry:\nf = open('myfile.txt')\ns = f.readline()\ni = int(s.strip())"", 'this_fails()\n... except ZeroDivisionError as err:\n... print(\'Handling run-time error:\', err)\n...\nHandling run-time error: division by zero\n8.4. Raising Exceptions\nThe raise statement allows the programmer to force a specified exception to occur. For example:\n>>> raise NameError(\'HiThere\')\nTraceback (most recent call last):\nFile ""<stdin>"", line 1, in <module>\nhttps://docs.python.org/3/tutorial/errors.html 4/11\n28/07/2026, 14:10 8. Errors and Exceptions — Python 3.14.6 documentation\nraise NameError(\'HiThere\')\nNameError: HiThere\nThe sole argument to raise indicates the exception to be raised. This must be either an exception in-']","Let's analyze the execution flow of the given Python program.

The program defines a function `f()` that raises an `OSError` with the message `'operation failed'`. The main part of the program creates an empty list `excs` to store exceptions and then iterates over a range of 3. In each iteration, it attempts to call the function `f()` inside a `try` block. If an exception occurs, it catches the exception as an `Exception` instance `e`, adds a note to it using the `add_note()` method, and appends it to the `excs` list.

Here's the relevant part of the code:
```python
for i in range(3):
    try:
        f()
    except Exception as e:
        e.add_note(f'Happened in Iteration {i+1}')
        excs.append(e)
```
Now, let's consider what happens in each iteration:

1. **Iteration 1 (`i = 0`)**:
	* The function `f()` is called, which raises an `OSError` with the message `'operation failed'`.
	* The exception is caught as an `Exception` instance `e`.
	* The note `'Happened in Iteration 1'` is added to the exception using `e.add_note()`.
	* The exception is appended to the `excs` list.
2. **Iteration 2 (`i = 1`)**:
	* The function `f()` is called again, which raises another `OSError` with the same message `'operation failed'`.
	* The exception is caught as an `Exception` instance `e`.
	* The note `'Happened in Iteration 2'` is added to the exception using `e.add_note()`.
	* The exception is appended to the `excs` list.
3. **Iteration 3 (`i = 2`)**:
	* The function `f()` is called once more, which raises yet another `OSError` with the same message `'operation failed'`.
	* The exception is caught as an `Exception` instance `e`.
	* The note `'Happened in Iteration 3'` is added to the exception using `e.add_note()`.
	* The exception is appended to the `excs` list.

After the loop finishes, the `ExceptionGroup` is raised with the list of exceptions `excs`.

Now, let's consider the exact traceback that Python prints when this script is run:
```python
Traceback (most recent call last):
  File ""<stdin>"", line 1, in <module>
  raise ExceptionGroup('We have some problems', excs)
ExceptionGroup: We have some problems (3 sub-exceptions)
+-+---------------- 1 ----------------
| Traceback (most recent call last):
| File ""<stdin>"", line 1, in <module>
| raise ExceptionGroup('We have some problems', excs)
| ExceptionGroup: We have some problems (3 sub-exceptions)
| +-+---------------- 1 ----------------
| | Traceback (most recent call last):
| | File ""<stdin>"", line 3, in <module>
| | f()
| | ~^^
| | File ""<stdin>"", line 2, in f
| | raise OSError('operation failed')
| | OSError: operation failed
| | Happened in Iteration 1
| +-+---------------- 2 ----------------
| | Traceback (most recent call last):
| | File ""<stdin>"", line 3, in <module>
| | f()
| | ~^^
| | File ""<stdin>"", line 2, in f
| | raise OSError('operation failed')
| | OSError: operation failed
| | Happened in Iteration 2
| +-+---------------- 3 ----------------
| | Traceback (most recent call last):
| | File ""<stdin>"", line 3, in <module>
| | f()
| | ~^^
| | File ""<stdin>"", line 2, in f
| | raise OSError('operation failed')
| | OSError: operation failed
| | Happened in Iteration 3
```
Each sub-exception is listed in the order it appears, with the `OSError` message and the note attached to each exception. The notes contain the values they do because they are added using the `add_note()` method, which takes a string argument. In this case, the string argument is a formatted string literal (`f-string`) that includes the value of the iteration variable `i`.","When the script is executed Python raises an ``ExceptionGroup`` containing three ``OSError`` sub‑exceptions. The full traceback printed to ``stderr`` is:
```
+ Exception Group Traceback (most recent call last):
|   File ""<stdin>"", line 1, in <module>
|   raise ExceptionGroup('We have some problems', excs)
| ExceptionGroup: We have some problems (3 sub-exceptions)
+-+---------------- 1 ----------------
| Traceback (most recent call last):
|   File ""<stdin>"", line 3, in <module>
|   f()
|   ^^^
| File ""<stdin>"", line 2, in f
|   raise OSError('operation failed')
| OSError: operation failed
| Happened in Iteration 1
+---------------- 2 ----------------
| Traceback (most recent call last):
|   File ""<stdin>"", line 3, in <module>
|   f()
|   ^^^
| File ""<stdin>"", line 2, in f
|   raise OSError('operation failed')
| OSError: operation failed
| Happened in Iteration 2
+---------------- 3 ----------------
| Traceback (most recent call last):
|   File ""<stdin>"", line 3, in <module>
|   f()
|   ^^^
| File ""<stdin>"", line 2, in f
|   raise OSError('operation failed')
| OSError: operation failed
| Happened in Iteration 3
```
**Analysis:** The loop runs three times (``i`` = 0,1,2). Each iteration calls ``f()``, which raises ``OSError``. The ``except`` block catches the exception, adds a note using ``i+1`` (so the first iteration records ""Iteration 1"", etc.), and stores the exception object in ``excs``. After the loop, ``ExceptionGroup`` is raised with the collected exceptions. Python prints the group header followed by each sub‑exception in the order they were appended, showing both the original ``OSError`` traceback and the note that was attached.
",0.9642857142857143,0.3971955236025709,0.999999999975,1.0,T6_011,T6
"Consider the following Python code that uses the new ``ExceptionGroup`` and ``except*`` syntax introduced in Python 3.11:

```python
def f():
    raise ExceptionGroup(
        ""group1"",
        [
            OSError(1),
            SystemError(2),
            ExceptionGroup(
                ""group2"",
                [
                    OSError(3),
                    RecursionError(4)
                ]
            )
        ]
    )

# Variant A – handling only OSError
try:
    f()
except* OSError as eg:
    print(""A caught"", len(eg.exceptions), ""OSError(s):"", [type(e).__name__ for e in eg.exceptions])
except* Exception as eg:
    print(""A re‑raised"", eg)

# Variant B – handling OSError and RecursionError separately
try:
    f()
except* OSError as eg:
    print(""B caught OSError"", len(eg.exceptions))
except* RecursionError as eg:
    print(""B caught RecursionError"", len(eg.exceptions))
except* Exception as eg:
    print(""B re‑raised"", eg)
```

**Task:** Analyse and compare the runtime behaviour of *Variant A* and *Variant B*. Specifically, for each variant answer the following:
1. Which individual exception instances are captured by each ``except*`` clause?
2. How many exceptions remain unhandled after the ``except*`` clauses and what happens to them?
3. Explain why the two variants produce different output, focusing on the interaction between nested ``ExceptionGroup`` objects and the ``except*`` matching rules.

Provide a concise explanation that demonstrates a clear breakdown of the exception hierarchy and the selective handling performed by ``except*``.
","['desirable to continue execution and collect multiple errors rather than raise the\nfirst exception.\nThe builtin ExceptionGroup wraps a list of exception instances so that they can be raised together. It is\nan exception itself, so it can be caught like any other exception.\nhttps://docs.python.org/3/tutorial/errors.html 8/11\n28/07/2026, 14:10 8. Errors and Exceptions — Python 3.14.6 documentation\n>>> def f():\n... excs = [OSError(\'error 1\'), SystemError(\'error 2\')]\n... raise ExceptionGroup(\'there were problems\', excs)\n...\n>>> f()\n+ Exception Group Traceback (most recent call last):\n| File ""<stdin>"", line 1, in <module>\n| f()\n| ~^^\n| File ""<stdin>"", line 3, in f', 'Traceback (most recent call last):\nFile ""<stdin>"", line 2, in <module>\nraise TypeError(\'bad type\')\nTypeError: bad type\nAdd some information\nAdd some more information\n>>>\nFor example, when collecting exceptions into an exception group, we may want to add context information\nfor the individual errors. In the following each exception in the group has a note indicating when this error\nhas occurred.\n>>> def f():\n... raise OSError(\'operation failed\')\n...\n>>> excs = []\n>>> for i in range(3):\n... try:\n... f()\nhttps://docs.python.org/3/tutorial/errors.html 10/11\n28/07/2026, 14:10 8. Errors and Exceptions — Python 3.14.6 documentation\n... except Exception as e:', 'print(""There were OSErrors"")\n... except* SystemError as e:\n... print(""There were SystemErrors"")\n...\nThere were OSErrors\nThere were SystemErrors\n+ Exception Group Traceback (most recent call last):\n| File ""<stdin>"", line 2, in <module>\n| f()\n| ~^^\n| File ""<stdin>"", line 2, in f\n| raise ExceptionGroup(\n| ...<12 lines>...\nhttps://docs.python.org/3/tutorial/errors.html 9/11\n28/07/2026, 14:10 8. Errors and Exceptions — Python 3.14.6 documentation\n| )\n| ExceptionGroup: group1 (1 sub-exception)\n+-+---------------- 1 ----------------\n| ExceptionGroup: group2 (1 sub-exception)\n+-+---------------- 1 ----------------\n| RecursionError: 4\n+------------------------------------\n>>>', 'may name multiple exceptions,\nfor example:\n... except RuntimeError, TypeError, NameError:\n... pass\nA class in an except clause matches exceptions which are instances of the class itself or one of its de-\nrived classes (but not the other way around — an except clause listing a derived class does not match in-\nstances of its base classes). For example, the following code will print B, C, D in that order:\nhttps://docs.python.org/3/tutorial/errors.html 2/11\n28/07/2026, 14:10 8. Errors and Exceptions — Python 3.14.6 documentation\nclass B(Exception):\npass\nclass C(B):\npass\nclass D(C):\npass\nfor cls in [B, C, D]:\ntry:\nraise cls()\nexcept D:\nprint(""D"")\nexcept C:\nprint(""C"")\nexcept B:\nprint(""B"")', 'By using except* instead of except, we can selectively handle only the exceptions in the group that\nmatch a certain type. In the following example, which shows a nested exception group, each except*\nclause extracts from the group exceptions of a certain type while letting all other exceptions propagate to\nother clauses and eventually to be reraised.\n>>> def f():\n... raise ExceptionGroup(\n... ""group1"",\n... [\n... OSError(1),\n... SystemError(2),\n... ExceptionGroup(\n... ""group2"",\n... [\n... OSError(3),\n... RecursionError(4)\n... ]\n... )\n... ]\n... )\n...\n>>> try:\n... f()\n... except* OSError as e:\n... print(""There were OSErrors"")\n... except* SystemError as e:\n... print(""There were SystemErrors"")\n...', 'recent call last):\n| File ""<stdin>"", line 1, in <module>\n| f()\n| ~^^\n| File ""<stdin>"", line 3, in f\n| raise ExceptionGroup(\'there were problems\', excs)\n| ExceptionGroup: there were problems (2 sub-exceptions)\n+-+---------------- 1 ----------------\n| OSError: error 1\n+---------------- 2 ----------------\n| SystemError: error 2\n+------------------------------------\n>>> try:\n... f()\n... except Exception as e:\n... print(f\'caught {type(e)}: {e}\')\n...\ncaught <class \'ExceptionGroup\'>: there were problems (2 sub-exceptions)\n>>>\nBy using except* instead of except, we can selectively handle only the exceptions in the group that', 'this_fails()\n... except ZeroDivisionError as err:\n... print(\'Handling run-time error:\', err)\n...\nHandling run-time error: division by zero\n8.4. Raising Exceptions\nThe raise statement allows the programmer to force a specified exception to occur. For example:\n>>> raise NameError(\'HiThere\')\nTraceback (most recent call last):\nFile ""<stdin>"", line 1, in <module>\nhttps://docs.python.org/3/tutorial/errors.html 4/11\n28/07/2026, 14:10 8. Errors and Exceptions — Python 3.14.6 documentation\nraise NameError(\'HiThere\')\nNameError: HiThere\nThe sole argument to raise indicates the exception to be raised. This must be either an exception in-']","Let's analyze and compare the runtime behavior of Variant A and Variant B.

**Variant A**

1. The first `except* OSError as eg:` clause captures the following individual exception instances:
	* `OSError(1)`
	* `OSError(3)`
	* `RecursionError(4)` (because `OSError` is a base class of `RecursionError`)
2. The second `except* Exception as eg:` clause captures the following individual exception instances:
	* `SystemError(2)`
	* `ExceptionGroup(""group2"", [...])` (because `Exception` is a base class of `ExceptionGroup`)
3. The following exceptions remain unhandled:
	* `SystemError(2)` (because it's not caught by any `except*` clause)
	* `ExceptionGroup(""group1"", [...])` (because it's not caught by any `except*` clause)
4. The unhandled exceptions are re-raised and propagated to the caller.

**Variant B**

1. The first `except* OSError as eg:` clause captures the following individual exception instances:
	* `OSError(1)`
	* `OSError(3)`
2. The second `except* RecursionError as eg:` clause captures the following individual exception instances:
	* `RecursionError(4)`
3. The third `except* Exception as eg:` clause captures the following individual exception instances:
	* `SystemError(2)`
	* `ExceptionGroup(""group1"", [...])` (because `Exception` is a base class of `ExceptionGroup`)
4. The following exceptions remain unhandled:
	* `ExceptionGroup(""group2"", [...])` (because it's not caught by any `except*` clause)
5. The unhandled exceptions are re-raised and propagated to the caller.

The two variants produce different output because of the interaction between nested `ExceptionGroup` objects and the `except*` matching rules. In Variant A, the first `except* OSError as eg:` clause captures `RecursionError(4)` because `OSError` is a base class of `RecursionError`. In Variant B, the first `except* OSError as eg:` clause does not capture `RecursionError(4)` because `OSError` is not a base class of `RecursionError`. Instead, the second `except* RecursionError as eg:` clause captures `RecursionError(4)`.

In summary, the key differences between Variant A and Variant B are:

* Variant A captures `RecursionError(4)` because `OSError` is a base class of `RecursionError`, while Variant B does not capture it because `OSError` is not a base class of `RecursionError`.
* Variant A captures `ExceptionGroup(""group2"", [...])` because `Exception` is a base class of `ExceptionGroup`, while Variant B does not capture it because it's not caught by any `except*` clause.

These differences lead to different output for the two variants.","**Variant A** – The first ``except* OSError`` clause extracts *both* ``OSError`` instances (the one with argument 1 from the outer group and the one with argument 3 from the inner ``group2``). ``len(eg.exceptions) is 2, but the printed list shows ['OSError', 'ExceptionGroup']. This is because except* preserves the original nesting structure: the outer OSError(1) appears directly in eg.exceptions as a bare OSError, while the inner OSError(3) is delivered wrapped inside a re-created ExceptionGroup('group2', ...). Both OSError instances are still handled, but the container preserves where each one originally lived.``. After this clause, the remaining exceptions in the original group are ``SystemError(2)`` and the nested ``ExceptionGroup('group2', [RecursionError(4)])``. The subsequent ``except* Exception`` clause matches any leftover exceptions, so it receives a new ``ExceptionGroup`` containing those two items and re‑raises it (or prints it, depending on the code). Thus, Variant A catches two OSErrors and then re‑raises the rest.

**Variant B** – The first ``except* OSError`` clause behaves the same, catching the two ``OSError`` instances. The next ``except* RecursionError`` clause then looks at the *remaining* group, which now consists of ``SystemError(2)`` and the inner ``ExceptionGroup`` that still contains ``RecursionError(4)``. Because ``except* RecursionError`` drills into nested groups, it extracts the single ``RecursionError(4)``. ``len(eg.exceptions)`` is 1, so the print statement reports one RecursionError. After this extraction, only ``SystemError(2)`` is left unhandled; the final ``except* Exception`` clause catches this lone ``SystemError`` (wrapped in an ``ExceptionGroup``) and re‑raises it. Hence, Variant B catches two OSErrors, then one RecursionError, and finally re‑raises the remaining SystemError.

**Why the outputs differ:** ``except*`` matches exceptions by type *through* nested ``ExceptionGroup`` objects. In Variant A, after handling OSErrors, the generic ``except* Exception`` absorbs everything that remains, so no further selective handling occurs. In Variant B, a separate ``except* RecursionError`` clause is placed before the generic handler, allowing the runtime to descend into the inner group and pull out the RecursionError while leaving other exceptions untouched. The order of ``except*`` clauses therefore determines which exceptions are extracted at each step, leading to the observed differences in captured counts and the final re‑raised exception.
",0.375,0.48512156786665495,0.691666666649375,1.0,T6_012,T6
"Consider the following two code fragments that collect `OSError` exceptions into a list and then raise an `ExceptionGroup`. Both iterate three times.

Fragment A:
```python
def f():
    raise OSError('operation failed')

excs = []
for i in range(3):
    try:
        f()
    except Exception as e:
        e.add_note(f'Happened in Iteration {i+1}')
        excs.append(e)

raise ExceptionGroup('We have some problems', excs)
```

Fragment B:
```python
def f():
    raise OSError('operation failed')

excs = []
for i in range(3):
    try:
        f()
    except Exception as e:
        e.add_note(f'Happened in Iteration {i}')
        excs.append(e)

raise ExceptionGroup('We have some problems', excs)
```

When each fragment is executed, an `ExceptionGroup` is raised. **Analyse** the differences in the notes attached to each sub‑exception in the two `ExceptionGroup`s. Explain why the notes differ and describe the exact note text that will appear for each iteration in both fragments.","['28/07/2026, 14:10 8. Errors and Exceptions — Python 3.14.6 documentation\n... except Exception as e:\n... e.add_note(f\'Happened in Iteration {i+1}\')\n... excs.append(e)\n...\n>>> raise ExceptionGroup(\'We have some problems\', excs)\n+ Exception Group Traceback (most recent call last):\n| File ""<stdin>"", line 1, in <module>\n| raise ExceptionGroup(\'We have some problems\', excs)\n| ExceptionGroup: We have some problems (3 sub-exceptions)\n+-+---------------- 1 ----------------\n| Traceback (most recent call last):\n| File ""<stdin>"", line 3, in <module>\n| f()\n| ~^^\n| File ""<stdin>"", line 2, in f\n| raise OSError(\'operation failed\')\n| OSError: operation failed\n| Happened in Iteration 1', 'Traceback (most recent call last):\nFile ""<stdin>"", line 2, in <module>\nraise TypeError(\'bad type\')\nTypeError: bad type\nAdd some information\nAdd some more information\n>>>\nFor example, when collecting exceptions into an exception group, we may want to add context information\nfor the individual errors. In the following each exception in the group has a note indicating when this error\nhas occurred.\n>>> def f():\n... raise OSError(\'operation failed\')\n...\n>>> excs = []\n>>> for i in range(3):\n... try:\n... f()\nhttps://docs.python.org/3/tutorial/errors.html 10/11\n28/07/2026, 14:10 8. Errors and Exceptions — Python 3.14.6 documentation\n... except Exception as e:', 'desirable to continue execution and collect multiple errors rather than raise the\nfirst exception.\nThe builtin ExceptionGroup wraps a list of exception instances so that they can be raised together. It is\nan exception itself, so it can be caught like any other exception.\nhttps://docs.python.org/3/tutorial/errors.html 8/11\n28/07/2026, 14:10 8. Errors and Exceptions — Python 3.14.6 documentation\n>>> def f():\n... excs = [OSError(\'error 1\'), SystemError(\'error 2\')]\n... raise ExceptionGroup(\'there were problems\', excs)\n...\n>>> f()\n+ Exception Group Traceback (most recent call last):\n| File ""<stdin>"", line 1, in <module>\n| f()\n| ~^^\n| File ""<stdin>"", line 3, in f', 'By using except* instead of except, we can selectively handle only the exceptions in the group that\nmatch a certain type. In the following example, which shows a nested exception group, each except*\nclause extracts from the group exceptions of a certain type while letting all other exceptions propagate to\nother clauses and eventually to be reraised.\n>>> def f():\n... raise ExceptionGroup(\n... ""group1"",\n... [\n... OSError(1),\n... SystemError(2),\n... ExceptionGroup(\n... ""group2"",\n... [\n... OSError(3),\n... RecursionError(4)\n... ]\n... )\n... ]\n... )\n...\n>>> try:\n... f()\n... except* OSError as e:\n... print(""There were OSErrors"")\n... except* SystemError as e:\n... print(""There were SystemErrors"")\n...', 'this_fails()\n... except ZeroDivisionError as err:\n... print(\'Handling run-time error:\', err)\n...\nHandling run-time error: division by zero\n8.4. Raising Exceptions\nThe raise statement allows the programmer to force a specified exception to occur. For example:\n>>> raise NameError(\'HiThere\')\nTraceback (most recent call last):\nFile ""<stdin>"", line 1, in <module>\nhttps://docs.python.org/3/tutorial/errors.html 4/11\n28/07/2026, 14:10 8. Errors and Exceptions — Python 3.14.6 documentation\nraise NameError(\'HiThere\')\nNameError: HiThere\nThe sole argument to raise indicates the exception to be raised. This must be either an exception in-', 'statement is executed, the file f is always closed, even if a problem was encountered while pro-\ncessing the lines. Objects which, like files, provide predefined clean-up actions will indicate this in their\ndocumentation.\n8.9. Raising and Handling Multiple Unrelated Exceptions\nThere are situations where it is necessary to report several exceptions that have occurred. This is often\nthe case in concurrency frameworks, when several tasks may have failed in parallel, but there are also oth-\ner use cases where it is desirable to continue execution and collect multiple errors rather than raise the\nfirst exception.', '1 ----------------\n| RecursionError: 4\n+------------------------------------\n>>>\nNote that the exceptions nested in an exception group must be instances, not types. This is because in\npractice the exceptions would typically be ones that have already been raised and caught by the program,\nalong the following pattern:\n>>> excs = []\n... for test in tests:\n... try:\n... test.run()\n... except Exception as e:\n... excs.append(e)\n...\n>>> if excs:\n... raise ExceptionGroup(""Test Failures"", excs)\n...\n8.10. Enriching Exceptions with Notes\nWhen an exception is created in order to be raised, it is usually initialized with information that describes']","Let's analyze the differences in the notes attached to each sub-exception in the two `ExceptionGroup`s.

In Fragment A, the note text for each iteration is `Happened in Iteration {i+1}`, where `i` is the current iteration number. Since `i` ranges from 0 to 2, the note text for each iteration will be:

* Iteration 1: `Happened in Iteration 2`
* Iteration 2: `Happened in Iteration 3`
* Iteration 3: `Happened in Iteration 4`

In Fragment B, the note text for each iteration is `Happened in Iteration {i}`, where `i` is the current iteration number. Since `i` ranges from 0 to 2, the note text for each iteration will be:

* Iteration 1: `Happened in Iteration 0`
* Iteration 2: `Happened in Iteration 1`
* Iteration 3: `Happened in Iteration 2`

The notes differ because of the difference in the iteration number used in the note text. In Fragment A, the iteration number is incremented by 1 (`i+1`), while in Fragment B, the iteration number is used as is (`i`).

This difference is due to the fact that the `add_note` method is called with a string that includes the iteration number. In Fragment A, the string is `f'Happened in Iteration {i+1}'`, which means that the iteration number is incremented by 1. In Fragment B, the string is `f'Happened in Iteration {i}'`, which means that the iteration number is used as is.

When each fragment is executed, an `ExceptionGroup` is raised, and the notes attached to each sub-exception will be:

Fragment A:

* Iteration 1: `OSError: operation failed Happened in Iteration 2`
* Iteration 2: `OSError: operation failed Happened in Iteration 3`
* Iteration 3: `OSError: operation failed Happened in Iteration 4`

Fragment B:

* Iteration 1: `OSError: operation failed Happened in Iteration 0`
* Iteration 2: `OSError: operation failed Happened in Iteration 1`
* Iteration 3: `OSError: operation failed Happened in Iteration 2`

In summary, the notes differ because of the difference in the iteration number used in the note text. In Fragment A, the iteration number is incremented by 1, while in Fragment B, the iteration number is used as is.","In Fragment A the note is built with `i+1`. Because the loop variable `i` starts at 0, the three notes become “Happened in Iteration 1”, “Happened in Iteration 2”, and “Happened in Iteration 3”. The final `ExceptionGroup` therefore displays each sub‑exception followed by the corresponding 1‑based iteration note, matching the example in the context.

In Fragment B the note uses `i` directly. The same loop yields `i` values 0, 1, 2, so the attached notes are “Happened in Iteration 0”, “Happened in Iteration 1”, and “Happened in Iteration 2”. Consequently the `ExceptionGroup` output shows these zero‑based iteration notes, which differ from Fragment A because the code does not offset the index to a human‑friendly count.

Thus the difference stems from the off‑by‑one adjustment (`i+1` vs. `i`), and the notes printed under each sub‑exception reflect exactly the string passed to `add_note` in each fragment.",0.9655172413793104,0.6561161320566495,0.8333333332916666,1.0,T6_013,T6
"The code below is meant to follow the best practices for handling exceptions described in the context (catch specific exceptions, print useful information, and re‑raise unexpected errors). However, it contains a single realistic bug. Identify the exact line that is incorrect, explain why it breaks the intended error‑handling flow, and show the corrected line of code.

```python
import sys

try:
    f = open('myfile.txt')
    s = f.readline()
    i = int(s.strip())
except OSError as err:
    print(""OS error:"", e)   # <-- bug introduced
except ValueError:
    print(""Could not convert data to an integer."")
except Exception as err:
    print(f""Unexpected {err=}, {type(err)=}"")
    raise
```","[""by sys.exit() and KeyboardInterrupt which is raised when a user wish-\nes to interrupt the program.\nException can be used as a wildcard that catches (almost) everything. However, it is good practice to be\nas specific as possible with the types of exceptions that we intend to handle, and to allow any unexpected\nhttps://docs.python.org/3/tutorial/errors.html 3/11\n28/07/2026, 14:10 8. Errors and Exceptions — Python 3.14.6 documentation\nexceptions to propagate on.\nThe most common pattern for handling Exception is to print or log the exception and then re-raise it (al-\nlowing a caller to handle the exception as well):\nimport sys\ntry:\nf = open('myfile.txt')\ns = f.readline()\ni = int(s.strip())"", ""OSError:\nprint('cannot open', arg)\nelse:\nprint(arg, 'has', len(f.readlines()), 'lines')\nf.close()\nThe use of the else clause is better than adding additional code to the try clause because it avoids acci-\ndentally catching an exception that wasnʼt raised by the code being protected by the try … except\nstatement.\nException handlers do not handle only exceptions that occur immediately in the try clause, but also those\nthat occur inside functions that are called (even indirectly) in the try clause. For example:\n>>> def this_fails():\n... x = 1/0\n...\n>>> try:\n... this_fails()\n... except ZeroDivisionError as err:\n... print('Handling run-time error:', err)\n..."", 'this_fails()\n... except ZeroDivisionError as err:\n... print(\'Handling run-time error:\', err)\n...\nHandling run-time error: division by zero\n8.4. Raising Exceptions\nThe raise statement allows the programmer to force a specified exception to occur. For example:\n>>> raise NameError(\'HiThere\')\nTraceback (most recent call last):\nFile ""<stdin>"", line 1, in <module>\nhttps://docs.python.org/3/tutorial/errors.html 4/11\n28/07/2026, 14:10 8. Errors and Exceptions — Python 3.14.6 documentation\nraise NameError(\'HiThere\')\nNameError: HiThere\nThe sole argument to raise indicates the exception to be raised. This must be either an exception in-', 'the exception as well):\nimport sys\ntry:\nf = open(\'myfile.txt\')\ns = f.readline()\ni = int(s.strip())\nexcept OSError as err:\nprint(""OS error:"", err)\nexcept ValueError:\nprint(""Could not convert data to an integer."")\nexcept Exception as err:\nprint(f""Unexpected {err=}, {type(err)=}"")\nraise\nThe try … except statement has an optional else clause, which, when present, must follow all except\nclauses. It is useful for code that must be executed if the try clause does not raise an exception. For\nexample:\nfor arg in sys.argv[1:]:\ntry:\nf = open(arg, \'r\')\nexcept OSError:\nprint(\'cannot open\', arg)\nelse:\nprint(arg, \'has\', len(f.readlines()), \'lines\')\nf.close()', 'may name multiple exceptions,\nfor example:\n... except RuntimeError, TypeError, NameError:\n... pass\nA class in an except clause matches exceptions which are instances of the class itself or one of its de-\nrived classes (but not the other way around — an except clause listing a derived class does not match in-\nstances of its base classes). For example, the following code will print B, C, D in that order:\nhttps://docs.python.org/3/tutorial/errors.html 2/11\n28/07/2026, 14:10 8. Errors and Exceptions — Python 3.14.6 documentation\nclass B(Exception):\npass\nclass C(B):\npass\nclass D(C):\npass\nfor cls in [B, C, D]:\ntry:\nraise cls()\nexcept D:\nprint(""D"")\nexcept C:\nprint(""C"")\nexcept B:\nprint(""B"")', ""x)\n... print('y =', y)\n...\n<class 'Exception'>\n('spam', 'eggs')\n('spam', 'eggs')\nx = spam\ny = eggs\nThe exceptionʼs __str__() output is printed as the last part (‘detailʼ) of the message for unhandled\nexceptions.\nBaseException is the common base class of all exceptions. One of its subclasses, Exception, is the\nbase class of all the non-fatal exceptions. Exceptions which are not subclasses of Exception are not typi-\ncally handled, because they are used to indicate that the program should terminate. They include\nSystemExit which is raised by sys.exit() and KeyboardInterrupt which is raised when a user wish-\nes to interrupt the program."", '~~~~^^^^^^^^^^^^^^^^^^^\nFileNotFoundError: [Errno 2] No such file or directory: \'database.sqlite\'\nDuring handling of the above exception, another exception occurred:\nTraceback (most recent call last):\nFile ""<stdin>"", line 4, in <module>\nraise RuntimeError(""unable to handle error"")\nRuntimeError: unable to handle error\nTo indicate that an exception is a direct consequence of another, the raise statement allows an optional\nfrom clause:\n# exc must be exception instance or None.\nraise RuntimeError from exc\nThis can be useful when you are transforming exceptions. For example:\nhttps://docs.python.org/3/tutorial/errors.html 5/11']","The exact line that is incorrect is:

```python
print(""OS error:"", e)   # <-- bug introduced
```

The variable `e` should be `err` instead of `e`. This is because in the `except OSError as err:` block, the variable is named `err`, not `e`. 

The corrected line of code is:

```python
print(""OS error:"", err)
```

This is because Python is case-sensitive, and `e` and `err` are two different variables. The corrected code will now correctly print the OS error message when an `OSError` occurs.","The bug is on the line `print(""OS error:"", e)`. Inside the `except OSError as err:` block the exception object is bound to the name `err`, but the code tries to print an undefined variable `e`, which raises a `NameError` and masks the original `OSError`. The corrected line should use the bound name `err`:

```python
print(""OS error:"", err)
```",0.42857142857142855,0.4517237441091081,0.8528571428400857,1.0,T6_014,T6
"Evaluate the exception‑handling strategy used in the following Python program. Identify any violations of best‑practice guidelines for handling built‑in exceptions as described in the context, and rewrite the code to follow those best practices.

```python
while True:
    try:
        x = int(input(""Enter a number: ""))
        result = 10 / x
    except:
        print(""An unexpected error occurred."")
        continue
    except ZeroDivisionError:
        print(""Cannot divide by zero."")
        continue
    except ValueError:
        print(""Invalid integer input."")
        continue
    else:
        print(""Result is"", result)
        break
```","['stack traceback listing source lines; however, it will not display\nlines read from standard input.\nBuilt-in Exceptions lists the built-in exceptions and their meanings.\n8.3. Handling Exceptions\nIt is possible to write programs that handle selected exceptions. Look at the following example, which asks\nthe user for input until a valid integer has been entered, but allows the user to interrupt the program (using\nControl-C or whatever the operating system supports); note that a user-generated interruption is sig-\nnalled by raising the KeyboardInterrupt exception.\n>>> while True:\n... try:\n... x = int(input(""Please enter a number: ""))\n... break\n... except ValueError:', ""by sys.exit() and KeyboardInterrupt which is raised when a user wish-\nes to interrupt the program.\nException can be used as a wildcard that catches (almost) everything. However, it is good practice to be\nas specific as possible with the types of exceptions that we intend to handle, and to allow any unexpected\nhttps://docs.python.org/3/tutorial/errors.html 3/11\n28/07/2026, 14:10 8. Errors and Exceptions — Python 3.14.6 documentation\nexceptions to propagate on.\nThe most common pattern for handling Exception is to print or log the exception and then re-raise it (al-\nlowing a caller to handle the exception as well):\nimport sys\ntry:\nf = open('myfile.txt')\ns = f.readline()\ni = int(s.strip())"", 'this_fails()\n... except ZeroDivisionError as err:\n... print(\'Handling run-time error:\', err)\n...\nHandling run-time error: division by zero\n8.4. Raising Exceptions\nThe raise statement allows the programmer to force a specified exception to occur. For example:\n>>> raise NameError(\'HiThere\')\nTraceback (most recent call last):\nFile ""<stdin>"", line 1, in <module>\nhttps://docs.python.org/3/tutorial/errors.html 4/11\n28/07/2026, 14:10 8. Errors and Exceptions — Python 3.14.6 documentation\nraise NameError(\'HiThere\')\nNameError: HiThere\nThe sole argument to raise indicates the exception to be raised. This must be either an exception in-', 'a statement or expression is syntactically correct, it may cause an error when an attempt is made\nto execute it. Errors detected during execution are called exceptions and are not unconditionally fatal: you\nwill soon learn how to handle them in Python programs. Most exceptions are not handled by programs,\nhowever, and result in error messages as shown here:\n>>> 10 * (1/0)\nTraceback (most recent call last):\nFile ""<stdin>"", line 1, in <module>\n10 * (1/0)\n~^~\nZeroDivisionError: division by zero\n>>> 4 + spam*3\nTraceback (most recent call last):\nFile ""<stdin>"", line 1, in <module>\n4 + spam*3\n^^^^\nNameError: name \'spam\' is not defined\n>>> \'2\' + 2\nTraceback (most recent call last):', 'may name their own exceptions by creating a new exception class (see Classes for more about\nPython classes). Exceptions should typically be derived from the Exception class, either directly or\nindirectly.\nException classes can be defined which do anything any other class can do, but are usually kept simple,\noften only offering a number of attributes that allow information about the error to be extracted by han-\ndlers for the exception.\nMost exceptions are defined with names that end in “Error”, similar to the naming of the standard\nexceptions.\nMany standard modules define their own exceptions to report errors that may occur in functions they\ndefine.\n8.7. Defining Clean-up Actions', 'desirable to continue execution and collect multiple errors rather than raise the\nfirst exception.\nThe builtin ExceptionGroup wraps a list of exception instances so that they can be raised together. It is\nan exception itself, so it can be caught like any other exception.\nhttps://docs.python.org/3/tutorial/errors.html 8/11\n28/07/2026, 14:10 8. Errors and Exceptions — Python 3.14.6 documentation\n>>> def f():\n... excs = [OSError(\'error 1\'), SystemError(\'error 2\')]\n... raise ExceptionGroup(\'there were problems\', excs)\n...\n>>> f()\n+ Exception Group Traceback (most recent call last):\n| File ""<stdin>"", line 1, in <module>\n| f()\n| ~^^\n| File ""<stdin>"", line 3, in f', 'Traceback (most recent call last):\nFile ""<stdin>"", line 2, in <module>\nraise TypeError(\'bad type\')\nTypeError: bad type\nAdd some information\nAdd some more information\n>>>\nFor example, when collecting exceptions into an exception group, we may want to add context information\nfor the individual errors. In the following each exception in the group has a note indicating when this error\nhas occurred.\n>>> def f():\n... raise OSError(\'operation failed\')\n...\n>>> excs = []\n>>> for i in range(3):\n... try:\n... f()\nhttps://docs.python.org/3/tutorial/errors.html 10/11\n28/07/2026, 14:10 8. Errors and Exceptions — Python 3.14.6 documentation\n... except Exception as e:']","The given Python program is designed to handle exceptions that may occur when the user attempts to input a number and then divide it by that number. The program uses a combination of try-except blocks to catch and handle different types of exceptions.

Here's an evaluation of the exception-handling strategy used in the program:

1. **General Exception Handling**: The program uses a general exception handler (`except`) to catch any unexpected errors that may occur. This is a good practice, as it allows the program to continue execution and collect multiple errors rather than raising the first exception.

2. **Specific Exception Handling**: The program also uses specific exception handlers (`except ZeroDivisionError` and `except ValueError`) to catch and handle `ZeroDivisionError` and `ValueError` exceptions, respectively. This is also a good practice, as it allows the program to handle specific errors in a more targeted way.

3. **Printing Error Messages**: The program prints error messages to inform the user about the type of error that occurred. This is a good practice, as it helps the user understand what went wrong and how to fix it.

However, there are a few violations of best-practice guidelines for handling built-in exceptions:

1. **Raising the Exception Again**: In the general exception handler, the program prints an error message and then continues execution using the `continue` statement. This means that the exception is not re-raised, which can make it difficult for the caller to handle the exception. According to the context, it is good practice to print or log the exception and then re-raise it (allowing a caller to handle the exception as well).

2. **Lack of Specificity**: The general exception handler is too broad, as it catches all exceptions, including those that are already handled by specific exception handlers. According to the context, it is good practice to be as specific as possible with the types of exceptions that we intend to handle.

Here's a revised version of the code that follows best practices:

```python
while True:
    try:
        x = int(input(""Enter a number: ""))
        result = 10 / x
    except ZeroDivisionError as e:
        print(""Cannot divide by zero."")
        raise  # Re-raise the exception
    except ValueError as e:
        print(""Invalid integer input."")
        raise  # Re-raise the exception
    else:
        print(""Result is"", result)
        break
```

In this revised version, the general exception handler has been removed, and the specific exception handlers have been modified to re-raise the exceptions after printing error messages. This allows the caller to handle the exceptions as needed.","The program will not even run: Python raises SyntaxError: default 'except:' must be last at parse time. The language grammar itself requires that a bare except: clause, if present, comes after all specific except clauses. Beyond this hard grammar rule, a bare except: is also considered poor practice because it catches every exception including KeyboardInterrupt and SystemExit, which can mask real bugs and block a user from interrupting the program. The corrected version orders the specific handlers first and drops the bare except: in favour of an explicit catch-all where one is actually needed.

A corrected version follows the proper order and avoids a bare ``except`` unless a final catch‑all is truly needed:
```python
while True:
    try:
        x = int(input(""Enter a number: ""))
        result = 10 / x
    except ZeroDivisionError:
        print(""Cannot divide by zero."")
        continue
    except ValueError:
        print(""Invalid integer input."")
        continue
    except KeyboardInterrupt:
        print(""Program interrupted by user."")
        break
    else:
        print(""Result is"", result)
        break
```",0.75,0.6882183733573826,0.9999999999857143,1.0,T6_015,T6
"A junior developer wrote the following script to process files supplied on the command line. The script follows the pattern shown in the textbook, catching specific exceptions, logging unexpected ones, and using an else clause to count the number of lines in each successfully opened file.

```python
import sys

for arg in sys.argv[1:]:
    try:
        f = open(arg, 'r')
    except OSError as err:
        print('cannot open', arg)
    except ValueError:
        print('Bad value while reading', arg)
    except Exception as err:
        print(f""Unexpected {err=}, {type(err)=}"")
        raise
    else:
        print(arg, 'has', len(f.readlines()), 'lines')
        f.close()
```

Based on the guidelines in the provided context, evaluate whether this code correctly implements exception handling best practices. Identify any shortcomings related to resource management or exception propagation, and suggest concrete modifications that would bring the script into full compliance with the recommendations.","['the exception as well):\nimport sys\ntry:\nf = open(\'myfile.txt\')\ns = f.readline()\ni = int(s.strip())\nexcept OSError as err:\nprint(""OS error:"", err)\nexcept ValueError:\nprint(""Could not convert data to an integer."")\nexcept Exception as err:\nprint(f""Unexpected {err=}, {type(err)=}"")\nraise\nThe try … except statement has an optional else clause, which, when present, must follow all except\nclauses. It is useful for code that must be executed if the try clause does not raise an exception. For\nexample:\nfor arg in sys.argv[1:]:\ntry:\nf = open(arg, \'r\')\nexcept OSError:\nprint(\'cannot open\', arg)\nelse:\nprint(arg, \'has\', len(f.readlines()), \'lines\')\nf.close()', ""by sys.exit() and KeyboardInterrupt which is raised when a user wish-\nes to interrupt the program.\nException can be used as a wildcard that catches (almost) everything. However, it is good practice to be\nas specific as possible with the types of exceptions that we intend to handle, and to allow any unexpected\nhttps://docs.python.org/3/tutorial/errors.html 3/11\n28/07/2026, 14:10 8. Errors and Exceptions — Python 3.14.6 documentation\nexceptions to propagate on.\nThe most common pattern for handling Exception is to print or log the exception and then re-raise it (al-\nlowing a caller to handle the exception as well):\nimport sys\ntry:\nf = open('myfile.txt')\ns = f.readline()\ni = int(s.strip())"", 'is not handled by the except clause and therefore re-raised after the finally clause has been\nexecuted.\nIn real world applications, the finally clause is useful for releasing external resources (such as files or\nnetwork connections), regardless of whether the use of the resource was successful.\n8.8. Predefined Clean-up Actions\nSome objects define standard clean-up actions to be undertaken when the object is no longer needed, re-\ngardless of whether or not the operation using the object succeeded or failed. Look at the following exam-\nple, which tries to open a file and print its contents to the screen.\nfor line in open(""myfile.txt""):\nprint(line, end="""")', ""OSError:\nprint('cannot open', arg)\nelse:\nprint(arg, 'has', len(f.readlines()), 'lines')\nf.close()\nThe use of the else clause is better than adding additional code to the try clause because it avoids acci-\ndentally catching an exception that wasnʼt raised by the code being protected by the try … except\nstatement.\nException handlers do not handle only exceptions that occur immediately in the try clause, but also those\nthat occur inside functions that are called (even indirectly) in the try clause. For example:\n>>> def this_fails():\n... x = 1/0\n...\n>>> try:\n... this_fails()\n... except ZeroDivisionError as err:\n... print('Handling run-time error:', err)\n..."", 'this_fails()\n... except ZeroDivisionError as err:\n... print(\'Handling run-time error:\', err)\n...\nHandling run-time error: division by zero\n8.4. Raising Exceptions\nThe raise statement allows the programmer to force a specified exception to occur. For example:\n>>> raise NameError(\'HiThere\')\nTraceback (most recent call last):\nFile ""<stdin>"", line 1, in <module>\nhttps://docs.python.org/3/tutorial/errors.html 4/11\n28/07/2026, 14:10 8. Errors and Exceptions — Python 3.14.6 documentation\nraise NameError(\'HiThere\')\nNameError: HiThere\nThe sole argument to raise indicates the exception to be raised. This must be either an exception in-', 'is created in order to be raised, it is usually initialized with information that describes\nthe error that has occurred. There are cases where it is useful to add information after the exception was\ncaught. For this purpose, exceptions have a method add_note(note) that accepts a string and adds it to\nthe exceptionʼs notes list. The standard traceback rendering includes all notes, in the order they were\nadded, after the exception.\n>>> try:\n... raise TypeError(\'bad type\')\n... except Exception as e:\n... e.add_note(\'Add some information\')\n... e.add_note(\'Add some more information\')\n... raise\n...\nTraceback (most recent call last):\nFile ""<stdin>"", line 2, in <module>\nraise TypeError(\'bad type\')', 'print(""There were OSErrors"")\n... except* SystemError as e:\n... print(""There were SystemErrors"")\n...\nThere were OSErrors\nThere were SystemErrors\n+ Exception Group Traceback (most recent call last):\n| File ""<stdin>"", line 2, in <module>\n| f()\n| ~^^\n| File ""<stdin>"", line 2, in f\n| raise ExceptionGroup(\n| ...<12 lines>...\nhttps://docs.python.org/3/tutorial/errors.html 9/11\n28/07/2026, 14:10 8. Errors and Exceptions — Python 3.14.6 documentation\n| )\n| ExceptionGroup: group1 (1 sub-exception)\n+-+---------------- 1 ----------------\n| ExceptionGroup: group2 (1 sub-exception)\n+-+---------------- 1 ----------------\n| RecursionError: 4\n+------------------------------------\n>>>']","The junior developer's script is a good start in implementing exception handling best practices. However, there are a few shortcomings that can be improved upon.

Firstly, the script catches `ValueError` but does not specify what kind of value is expected. In this case, it's likely that the script is trying to convert a string to an integer, but it's not clear from the code. It would be better to catch a more specific exception, such as `TypeError`, which would indicate that the string cannot be converted to an integer.

Secondly, the script uses `f.readlines()` to count the number of lines in the file. This reads the entire file into memory, which can be inefficient for large files. It would be better to use a generator expression to count the number of lines, like this: `len(line for line in f)`.

Thirdly, the script does not handle the case where the file is successfully opened but the `readlines()` method raises an exception. This could happen if the file is very large and the `readlines()` method runs out of memory. It would be better to use a `try`-`except` block to catch any exceptions raised by `readlines()`.

Lastly, the script does not close the file in the `except` block. This means that if an exception is raised while trying to open the file, the file will not be closed. It would be better to use a `finally` block to ensure that the file is always closed, regardless of whether an exception is raised.

Here's an updated version of the script that addresses these shortcomings:

```python
import sys

for arg in sys.argv[1:]:
    try:
        f = open(arg, 'r')
    except OSError as err:
        print('cannot open', arg)
    except TypeError:
        print('Bad value while reading', arg)
    else:
        try:
            print(arg, 'has', len(line for line in f), 'lines')
        except Exception as err:
            print(f""Unexpected {err=}, {type(err)=}"")
        finally:
            f.close()
```

However, the best practice is to use a `with` statement to ensure that the file is properly closed, regardless of whether an exception is raised. Here's an updated version of the script that uses a `with` statement:

```python
import sys

for arg in sys.argv[1:]:
    try:
        with open(arg, 'r') as f:
            print(arg, 'has', len(line for line in f), 'lines')
    except OSError as err:
        print('cannot open', arg)
    except TypeError:
        print('Bad value while reading', arg)
    except Exception as err:
        print(f""Unexpected {err=}, {type(err)=}"")
```

This version of the script is more concise and efficient, and it properly handles exceptions and resource management.","The script follows the recommended pattern of catching specific exceptions (OSError, ValueError) and using a generic ``except Exception`` block to log unexpected errors before re‑raising them, which aligns with the guidance to let unforeseen exceptions propagate. However, the resource‑management aspect is flawed: the file is only closed in the ``else`` block, which runs when no exception is raised while opening the file. If an exception occurs after the file is opened (for example, an error while reading lines), the ``else`` block will be skipped and the file will remain open, leading to a resource leak. The context advises that the ``else`` clause should be used for code that must run only when the ``try`` succeeds, but it does not replace proper cleanup. To comply fully, the file should be closed in a ``finally`` block or, more idiomatically, the ``with`` statement should be used to ensure automatic closure regardless of how the block exits. A corrected version could be:

```python
import sys

for arg in sys.argv[1:]:
    try:
        with open(arg, 'r') as f:
            print(arg, 'has', len(f.readlines()), 'lines')
    except OSError as err:
        print('cannot open', arg)
    except ValueError:
        print('Bad value while reading', arg)
    except Exception as err:
        print(f""Unexpected {err=}, {type(err)=}"")
        raise
```

This revision preserves the specific and generic exception handling while guaranteeing that the file is closed automatically, satisfying the best‑practice recommendations from the context.",0.92,0.529491398500602,0.9999999999857143,1.0,T6_016,T6
"The function `f()` defined below raises a nested ``ExceptionGroup`` exactly as shown in the context:

```python
def f():
    raise ExceptionGroup(
        ""group1"",
        [
            OSError(1),
            SystemError(2),
            ExceptionGroup(
                ""group2"",
                [
                    OSError(3),
                    RecursionError(4)
                ]
            )
        ]
    )
```

Two different handlers are proposed for calling ``f()``.

**Implementation A** – uses ``except*`` for the concrete exception types:
```python
try:
    f()
except* OSError as e:
    print(""Handled OSError(s)"")
except* SystemError as e:
    print(""Handled SystemError(s)"")
```

**Implementation B** – catches the whole group and then filters manually:
```python
try:
    f()
except ExceptionGroup as eg:
    for exc in eg.exceptions:
        if isinstance(exc, OSError):
            print(""Handled OSError(s)"")
        elif isinstance(exc, SystemError):
            print(""Handled SystemError(s)"")
        else:
            raise exc  # re‑raise any other exception
```

**Question:** Evaluate which implementation follows the best practice for handling ``ExceptionGroup`` objects as described in the context. Justify your choice by referring to the behavior of ``except*``, the requirement that nested exceptions must be *instances*, and the propagation semantics of unhandled exceptions.

","['By using except* instead of except, we can selectively handle only the exceptions in the group that\nmatch a certain type. In the following example, which shows a nested exception group, each except*\nclause extracts from the group exceptions of a certain type while letting all other exceptions propagate to\nother clauses and eventually to be reraised.\n>>> def f():\n... raise ExceptionGroup(\n... ""group1"",\n... [\n... OSError(1),\n... SystemError(2),\n... ExceptionGroup(\n... ""group2"",\n... [\n... OSError(3),\n... RecursionError(4)\n... ]\n... )\n... ]\n... )\n...\n>>> try:\n... f()\n... except* OSError as e:\n... print(""There were OSErrors"")\n... except* SystemError as e:\n... print(""There were SystemErrors"")\n...', '1 ----------------\n| RecursionError: 4\n+------------------------------------\n>>>\nNote that the exceptions nested in an exception group must be instances, not types. This is because in\npractice the exceptions would typically be ones that have already been raised and caught by the program,\nalong the following pattern:\n>>> excs = []\n... for test in tests:\n... try:\n... test.run()\n... except Exception as e:\n... excs.append(e)\n...\n>>> if excs:\n... raise ExceptionGroup(""Test Failures"", excs)\n...\n8.10. Enriching Exceptions with Notes\nWhen an exception is created in order to be raised, it is usually initialized with information that describes', '28/07/2026, 14:10 8. Errors and Exceptions — Python 3.14.6 documentation\n... except Exception as e:\n... e.add_note(f\'Happened in Iteration {i+1}\')\n... excs.append(e)\n...\n>>> raise ExceptionGroup(\'We have some problems\', excs)\n+ Exception Group Traceback (most recent call last):\n| File ""<stdin>"", line 1, in <module>\n| raise ExceptionGroup(\'We have some problems\', excs)\n| ExceptionGroup: We have some problems (3 sub-exceptions)\n+-+---------------- 1 ----------------\n| Traceback (most recent call last):\n| File ""<stdin>"", line 3, in <module>\n| f()\n| ~^^\n| File ""<stdin>"", line 2, in f\n| raise OSError(\'operation failed\')\n| OSError: operation failed\n| Happened in Iteration 1', 'desirable to continue execution and collect multiple errors rather than raise the\nfirst exception.\nThe builtin ExceptionGroup wraps a list of exception instances so that they can be raised together. It is\nan exception itself, so it can be caught like any other exception.\nhttps://docs.python.org/3/tutorial/errors.html 8/11\n28/07/2026, 14:10 8. Errors and Exceptions — Python 3.14.6 documentation\n>>> def f():\n... excs = [OSError(\'error 1\'), SystemError(\'error 2\')]\n... raise ExceptionGroup(\'there were problems\', excs)\n...\n>>> f()\n+ Exception Group Traceback (most recent call last):\n| File ""<stdin>"", line 1, in <module>\n| f()\n| ~^^\n| File ""<stdin>"", line 3, in f', ""sole argument to raise indicates the exception to be raised. This must be either an exception in-\nstance or an exception class (a class that derives from BaseException, such as Exception or one of its\nsubclasses). If an exception class is passed, it will be implicitly instantiated by calling its constructor with\nno arguments:\nraise ValueError # shorthand for 'raise ValueError()'\nIf you need to determine whether an exception was raised but donʼt intend to handle it, a simpler form of\nthe raise statement allows you to re-raise the exception:\n>>> try:\n... raise NameError('HiThere')\n... except NameError:\n... print('An exception flew by!')\n... raise\n...\nAn exception flew by!"", ""which typically has an args attribute that stores the arguments. For convenience, builtin excep-\ntion types define __str__() to print all the arguments without explicitly accessing .args.\n>>> try:\n... raise Exception('spam', 'eggs')\n... except Exception as inst:\n... print(type(inst)) # the exception type\n... print(inst.args) # arguments stored in .args\n... print(inst) # __str__ allows args to be printed directly,\n... # but may be overridden in exception subclasses\n... x, y = inst.args # unpack args\n... print('x =', x)\n... print('y =', y)\n...\n<class 'Exception'>\n('spam', 'eggs')\n('spam', 'eggs')\nx = spam\ny = eggs"", 'Traceback (most recent call last):\nFile ""<stdin>"", line 2, in <module>\nraise TypeError(\'bad type\')\nTypeError: bad type\nAdd some information\nAdd some more information\n>>>\nFor example, when collecting exceptions into an exception group, we may want to add context information\nfor the individual errors. In the following each exception in the group has a note indicating when this error\nhas occurred.\n>>> def f():\n... raise OSError(\'operation failed\')\n...\n>>> excs = []\n>>> for i in range(3):\n... try:\n... f()\nhttps://docs.python.org/3/tutorial/errors.html 10/11\n28/07/2026, 14:10 8. Errors and Exceptions — Python 3.14.6 documentation\n... except Exception as e:']","Based on the context provided, I would recommend **Implementation A** as the best practice for handling `ExceptionGroup` objects. Here's why:

1. **Behavior of `except*`**: The `except*` clause is specifically designed to handle exceptions of a certain type while letting all other exceptions propagate to other clauses and eventually be reraised. This is exactly what we want to achieve when handling `ExceptionGroup` objects, where we want to selectively handle specific exceptions while letting others propagate.

2. **Requirement that nested exceptions must be instances**: As mentioned in the context, nested exceptions must be instances, not types. This means that we cannot use the `isinstance` function to check the type of the exception, as it would return `True` for both instances and types. The `except*` clause, on the other hand, is designed to handle instances of a specific type, making it the perfect choice for handling `ExceptionGroup` objects.

3. **Propagation semantics of unhandled exceptions**: When using `except*`, any unhandled exceptions will be propagated to the next clause and eventually be reraised. This is exactly what we want to achieve when handling `ExceptionGroup` objects, where we want to let any unhandled exceptions propagate to the next clause.

In contrast, **Implementation B** catches the whole group and then filters manually using `isinstance`. While this approach works, it has a few drawbacks:

* It requires manual filtering, which can be error-prone and harder to maintain.
* It does not take advantage of the `except*` clause, which is specifically designed to handle exceptions of a certain type.
* It may not propagate unhandled exceptions correctly, as it would re-raise any other exception without giving the next clause a chance to handle it.

In summary, **Implementation A** follows the best practice for handling `ExceptionGroup` objects, as it uses the `except*` clause to selectively handle specific exceptions while letting others propagate, and takes advantage of the requirement that nested exceptions must be instances.","Implementation A follows the best‑practice approach. The context explains that ``except*`` selectively extracts from an ``ExceptionGroup`` the exceptions that match a given type while allowing all other exceptions to continue propagating to later ``except*`` clauses or to be re‑raised automatically. By using ``except* OSError`` and ``except* SystemError`` the handler isolates those two types exactly as intended, and any remaining exceptions (e.g., ``RecursionError``) are left untouched and will be propagated, matching the recommended pattern. 

Implementation B, although it eventually re‑raises non‑matched exceptions, defeats the purpose of ``except*``: it manually iterates over ``eg.exceptions`` and must explicitly check each instance. This is more error‑prone, bypasses the built‑in propagation mechanism, and does not respect the guideline that nested exceptions must be *instances* (the manual loop treats them as generic objects). Therefore, using ``except*`` as in Implementation A is the recommended best practice.

",0.4666666666666667,0.584032701915986,0.9761904761742063,1.0,T6_017,T6
"According to the provided description, what are the two kinds of operations that Python class objects support?","['the contents of the namespace created by the class definition; weʼll learn more about class objects\nin the next section. The original local scope (the one in effect just before the class definition was entered)\nis reinstated, and the class object is bound here to the class name given in the class definition header\n(ClassName in the example).\n9.3.2. Class Objects\nClass objects support two kinds of operations: attribute references and instantiation.\nAttribute references use the standard syntax used for all attribute references in Python: obj.name. Valid\nattribute names are all the names that were in the classʼs namespace when the class object was created.', 'new syntax and semantics. It is a mixture of the class mechanisms found in C++ and Modula-3. Python\nclasses provide all the standard features of Object Oriented Programming: the class inheritance mecha-\nnism allows multiple base classes, a derived class can override any methods of its base class or classes,\nand a method can call the method of a base class with the same name. Objects can contain arbitrary\namounts and kinds of data. As is true for modules, classes partake of the dynamic nature of Python: they\nare created at runtime, and can be modified further after creation.\nIn C++ terminology, normally class members (including the data members) are public (except see below', '28/07/2026, 14:10 9. Classes — Python 3.14.6 documentation\n9. Classes\nClasses provide a means of bundling data and functionality together. Creating a new class creates a new\ntype of object, allowing new instances of that type to be made. Each class instance can have attributes at-\ntached to it for maintaining its state. Class instances can also have methods (defined by its class) for\nmodifying its state.\nCompared with other programming languages, Pythonʼs class mechanism adds classes with a minimum of\nnew syntax and semantics. It is a mixture of the class mechanisms found in C++ and Modula-3. Python', 'in some respects. For example, passing an object is cheap since only a pointer is passed by\nthe implementation; and if a function modifies an object passed as an argument, the caller will see the\nchange — this eliminates the need for two different argument passing mechanisms as in Pascal.\n9.2. Python Scopes and Namespaces\nBefore introducing classes, I first have to tell you something about Pythonʼs scope rules. Class definitions\nplay some neat tricks with namespaces, and you need to know how scopes and namespaces work to fully\nunderstand whatʼs going on. Incidentally, knowledge about this subject is useful for any advanced Python\nprogrammer.\nLetʼs begin with some definitions.', 'may be referenced by methods as well as by ordinary users (“clients”) of an object. In oth-\ner words, classes are not usable to implement pure abstract data types. In fact, nothing in Python makes it\npossible to enforce data hiding — it is all based upon convention. (On the other hand, the Python imple-\nmentation, written in C, can completely hide implementation details and control access to an object if nec-\nessary; this can be used by extensions to Python written in C.)\nClients should use data attributes with care — clients may mess up invariants maintained by the methods\nby stamping on their data attributes. Note that clients may add data attributes of their own to an instance', 'method of the same name. There is a simple way to call the base class method directly: just call\nBaseClassName.methodname(self, arguments). This is occasionally useful to clients as well. (Note\nthat this only works if the base class is accessible as BaseClassName in the global scope.)\nPython has two built-in functions that work with inheritance:\nUse isinstance() to check an instanceʼs type: isinstance(obj, int) will be True only if\nobj.__class__ is int or some class derived from int.\nUse issubclass() to check class inheritance: issubclass(bool, int) is True since bool is a sub-\nclass of int. However, issubclass(float, int) is False since float is not a subclass of int.', 'class, that calls each parent only once, and that is monotonic (meaning that a class can be sub-\nclassed without affecting the precedence order of its parents). Taken together, these properties make it\npossible to design reliable and extensible classes with multiple inheritance. For more detail, see The\nPython 2.3 Method Resolution Order.\n9.6. Private Variables\n“Private” instance variables that cannot be accessed except from inside an object donʼt exist in Python.\nHowever, there is a convention that is followed by most Python code: a name prefixed with an underscore\n(e.g. _spam) should be treated as a non-public part of the API (whether it is a function, a method or a data']","According to the provided description, Python class objects support two kinds of operations: 

1. Attribute references: This is done using the standard syntax `obj.name`, where `obj` is the class object and `name` is a valid attribute name. Valid attribute names are all the names that were in the class's namespace when the class object was created.

2. Instantiation: This is the process of creating a new instance of the class.","Class objects support (1) attribute references, using the standard syntax obj.name, and (2) instantiation, i.e., creating instances of the class.",1.0,0.9525850438363022,0.8333333332916666,1.0,T7_001,T7
"In Python, what is a method and how does a function become a method when it is assigned as an attribute of a class?","['the first argument of a method is called self. This is nothing more than a convention: the name\nself has absolutely no special meaning to Python. Note, however, that by not following the convention\nyour code may be less readable to other Python programmers, and it is also conceivable that a class\nbrowser program might be written that relies upon such a convention.\nAny function object that is a class attribute defines a method for instances of that class. It is not neces-\nsary that the function definition is textually enclosed in the class definition: assigning a function object to\na local variable in the class is also ok. For example:\n# Function defined outside the class\ndef f1(self, x, y):', 'piece of code will print the value\n16, without leaving a trace:\nx.counter = 1\nwhile x.counter < 10:\nx.counter = x.counter * 2\nprint(x.counter)\ndel x.counter\nhttps://docs.python.org/3/tutorial/classes.html 5/14\n28/07/2026, 14:10 9. Classes — Python 3.14.6 documentation\nThe other kind of instance attribute reference is a method. A method is a function that “belongs to” an\nobject.\nValid method names of an instance object depend on its class. By definition, all attributes of a class that\nare function objects define corresponding methods of its instances. So in our example, x.f is a valid\nmethod reference, since MyClass.f is a function, but x.i is not, since MyClass.i is not. But x.f is not', 'In general, calling a method with a list of n arguments is equivalent to calling the corre-\nsponding function with an argument list that is created by inserting the methodʼs instance object before\nthe first argument.\nIn general, methods work as follows. When a non-data attribute of an instance is referenced, the in-\nstanceʼs class is searched. If the name denotes a valid class attribute that is a function object, references\nto both the instance object and the function object are packed into a method object. When the method\nobject is called with an argument list, a new argument list is constructed from the instance object and the', ""in the class is also ok. For example:\n# Function defined outside the class\ndef f1(self, x, y):\nreturn min(x, x+y)\nclass C:\nf = f1\ndef g(self):\nreturn 'hello world'\nh = g\nNow f, g and h are all attributes of class C that refer to function objects, and consequently they are all\nmethods of instances of C — h being exactly equivalent to g. Note that this practice usually only serves to\nconfuse the reader of a program.\nMethods may call other methods by using method attributes of the self argument:\nhttps://docs.python.org/3/tutorial/classes.html 8/14\n28/07/2026, 14:10 9. Classes — Python 3.14.6 documentation\nclass Bag:\ndef __init__(self):\nself.data = []\ndef add(self, x):\nself.data.append(x)"", 'also a valid attribute, returning the docstring belonging to the class: ""A simple\nexample class"".\nClass instantiation uses function notation. Just pretend that the class object is a parameterless function\nthat returns a new instance of the class. For example (assuming the above class):\nx = MyClass()\ncreates a new instance of the class and assigns this object to the local variable x.\nThe instantiation operation (“calling” a class object) creates an empty object. Many classes like to create\nobjects with instances customized to a specific initial state. Therefore a class may define a special method\nnamed __init__(), like this:\ndef __init__(self):\nself.data = []', 'What exactly happens when a method is called? You may have noticed that x.f() was called without an\nargument above, even though the function definition for f() specified an argument. What happened to\nthe argument? Surely Python raises an exception when a function that requires an argument is called with-\nout any — even if the argument isnʼt actually used…\nActually, you may have guessed the answer: the special thing about methods is that the instance object is\npassed as the first argument of the function. In our example, the call x.f() is exactly equivalent to\nMyClass.f(x). In general, calling a method with a list of n arguments is equivalent to calling the corre-', '... a, b = b, a+b\n... return result\n...\n>>> f100 = fib2(100) # call it\n>>> f100 # write the result\n[0, 1, 1, 2, 3, 5, 8, 13, 21, 34, 55, 89]\nThis example, as usual, demonstrates some new Python features:\nThe return statement returns with a value from a function. return without an expression argument\nreturns None. Falling off the end of a function also returns None.\nThe statement result.append(a) calls a method of the list object result. A method is a function\nthat ‘belongsʼ to an object and is named obj.methodname, where obj is some object (this may be an\nexpression), and methodname is the name of a method that is defined by the objectʼs type. Different']","In Python, a method is a function that ""belongs to"" an object. It is a function that is defined as an attribute of a class, and when called, it has access to the instance object and its attributes. 

A function becomes a method when it is assigned as an attribute of a class. This can be done in two ways: 

1. By defining the function inside the class definition. For example:

```python
class MyClass:
    def my_method(self, x, y):
        return x + y
```

In this case, `my_method` is a method of the `MyClass` class.

2. By assigning a function object to a local variable in the class definition. For example:

```python
def my_function(self, x, y):
    return x + y

class MyClass:
    my_method = my_function
```

In this case, `my_method` is also a method of the `MyClass` class.

When a function is assigned as an attribute of a class, it becomes a method because it is given access to the instance object and its attributes. This is done by passing the instance object as the first argument to the function, which is why it is called `self`.

When a method is called, it is equivalent to calling the corresponding function with the instance object as the first argument. For example:

```python
x = MyClass()
x.my_method(2, 3)  # equivalent to MyClass.my_method(x, 2, 3)
```

In this case, `x.my_method(2, 3)` is equivalent to `MyClass.my_method(x, 2, 3)`, where `x` is the instance object.

Methods can also call other methods by using method attributes of the `self` argument. For example:

```python
class MyClass:
    def my_method(self):
        self.another_method()

    def another_method(self):
        print(""Hello, world!"")
```

In this case, `my_method` calls `another_method` by using the `self` argument.

In summary, a method is a function that ""belongs to"" an object and is defined as an attribute of a class. A function becomes a method when it is assigned as an attribute of a class, and when called, it has access to the instance object and its attributes.","A method is a function that is stored as an attribute of a class. When accessed through an instance, the function is automatically bound to that instance, so the instance is passed as the first argument (conventionally named self). Thus, a regular function defined outside the class (e.g., def f1(self, x, y): ...) can become a method of a class when it is assigned to a class attribute (e.g., class C: f = f1). The resulting attribute behaves like any other method of the class, receiving the instance via self when called.",0.6363636363636364,0.8297020853598768,0.9484126983968915,1.0,T7_002,T7
"According to the excerpt, methods of a class may reference global names just like ordinary functions. Explain (1) why the class itself is never used as a global scope when a method looks up a name, and (2) how a method such as addtwice in the Bag class can still call other functions or methods that are defined in the module’s global scope.","['documentation\nclass Bag:\ndef __init__(self):\nself.data = []\ndef add(self, x):\nself.data.append(x)\ndef addtwice(self, x):\nself.add(x)\nself.add(x)\nMethods may reference global names in the same way as ordinary functions. The global scope associated\nwith a method is the module containing its definition. (A class is never used as a global scope.) While one\nrarely encounters a good reason for using global data in a method, there are many legitimate uses of the\nglobal scope: for one thing, functions and modules imported into the global scope can be used by meth-\nods, as well as functions and classes defined in it. Usually, the class containing the method is itself de-', 'well as functions and classes defined in it. Usually, the class containing the method is itself de-\nfined in this global scope, and in the next section weʼll find some good reasons why a method would want\nto reference its own class.\nEach value is an object, and therefore has a class (also called its type). It is stored as object.__class__.\n9.5. Inheritance\nOf course, a language feature would not be worthy of the name “class” without supporting inheritance.\nThe syntax for a derived class definition looks like this:\nclass DerivedClassName(BaseClassName):\n<statement-1>\n.\n.\n.\n<statement-N>\nThe name BaseClassName must be defined in a namespace accessible from the scope containing the de-', 'identi-\ncally named outer variable unchanged).\nhttps://docs.python.org/3/tutorial/classes.html 2/14\n28/07/2026, 14:10 9. Classes — Python 3.14.6 documentation\nUsually, the local scope references the local names of the (textually) current function. Outside functions,\nthe local scope references the same namespace as the global scope: the moduleʼs namespace. Class defi-\nnitions place yet another namespace in the local scope.\nIt is important to realize that scopes are determined textually: the global scope of a function defined in a\nmodule is that moduleʼs namespace, no matter from where or by what alias the function is called. On the', 'but also non-global names\nthe next-to-last scope contains the current moduleʼs global names\nthe outermost scope (searched last) is the namespace containing built-in names\nIf a name is declared global, then all references and assignments go directly to the next-to-last scope\ncontaining the moduleʼs global names. To rebind variables found outside of the innermost scope, the\nnonlocal statement can be used; if not declared nonlocal, those variables are read-only (an attempt to\nwrite to such a variable will simply create a new local variable in the innermost scope, leaving the identi-\ncally named outer variable unchanged).\nhttps://docs.python.org/3/tutorial/classes.html 2/14', 'The same is true for deletions: the statement del x removes the binding of x from the namespace\nreferenced by the local scope. In fact, all operations that introduce new names use the local scope: in par-\nticular, import statements and function definitions bind the module or function name in the local scope.\nThe global statement can be used to indicate that particular variables live in the global scope and should\nbe rebound there; the nonlocal statement indicates that particular variables live in an enclosing scope\nand should be rebound there.\n9.2.1. Scopes and Namespaces Example\nThis is an example demonstrating how to reference the different scopes and namespaces, and how', 'execution of a function introduces a new symbol table used for the local variables of the function.\nMore precisely, all variable assignments in a function store the value in the local symbol table; whereas\nvariable references first look in the local symbol table, then in the local symbol tables of enclosing func-\ntions, then in the global symbol table, and finally in the table of built-in names. Thus, global variables and\nvariables of enclosing functions cannot be directly assigned a value within a function (unless, for global\nvariables, named in a global statement, or, for variables of enclosing functions, named in a nonlocal\nstatement), although they may be referenced.', 'in the module. Thus, the author of a module can use global variables in the module without worrying\nabout accidental clashes with a userʼs global variables. On the other hand, if you know what you are doing\nyou can touch a moduleʼs global variables with the same notation used to refer to its functions,\nmodname.itemname.\nModules can import other modules. It is customary but not required to place all import statements at the\nbeginning of a module (or script, for that matter). The imported module names, if placed at the top level of\na module (outside any functions or classes), are added to the moduleʼs global namespace.']","According to the provided excerpt, methods of a class may reference global names just like ordinary functions. This is because the global scope associated with a method is the module containing its definition, not the class itself.

(1) The class itself is never used as a global scope when a method looks up a name because, as stated in the excerpt, ""A class is never used as a global scope."" This means that when a method is looking up a name, it does not search the class's namespace, but rather the module's namespace.

(2) A method such as `addtwice` in the `Bag` class can still call other functions or methods that are defined in the module's global scope because the module's namespace is searched when a method is looking up a name. This is stated in the excerpt as follows: ""functions and modules imported into the global scope can be used by methods, as well as functions and classes defined in it.""

In the case of the `addtwice` method, it calls the `add` method, which is defined in the same module as the `Bag` class. This is possible because the `add` method is defined in the module's global scope, and the `addtwice` method can access it by looking up the name `add` in the module's namespace.

To illustrate this further, consider the following example:

```python
# mymodule.py
def add(x):
    print(x)

class Bag:
    def addtwice(self, x):
        add(x)
        add(x)
```

In this example, the `addtwice` method in the `Bag` class can call the `add` function, which is defined in the module's global scope. This is because the `addtwice` method looks up the name `add` in the module's namespace, and finds the `add` function defined in `mymodule.py`.","(1) When a method is executed, Python looks for names first in the local namespace (the method’s locals), then in the enclosing scopes, and finally in the global namespace of the module where the method was defined. The class object is only a container for attributes; it does not act as a separate global scope, so any name that is not found on the instance or in the class hierarchy is searched for in the module’s globals. (2) Because the method’s global scope is the module, it can freely use any function, class, or variable that has been imported or defined at the top level of that module. In the Bag example, addtwice calls self.add(x) twice; the call to self.add resolves to the add method defined in the same class (found via attribute lookup on the instance), while any other global function could be called directly by name inside the method because the module’s global namespace is available to it.",0.6666666666666666,0.7241067390468606,0.9999999999857143,1.0,T7_003,T7
"Compare the process of creating an instance of a class that does **not** define an __init__() method with the process of creating an instance of a class that **does** define an __init__() method that takes parameters. In your comparison, address (a) what arguments can be supplied during instantiation, and (b) what initial state (attributes) the resulting object has.","['a class may define a special method\nnamed __init__(), like this:\ndef __init__(self):\nself.data = []\nWhen a class defines an __init__() method, class instantiation automatically invokes __init__() for\nthe newly created class instance. So in this example, a new, initialized instance can be obtained by:\nx = MyClass()\nOf course, the __init__() method may have arguments for greater flexibility. In that case, arguments\ngiven to the class instantiation operator are passed on to __init__(). For example,\n>>> class Complex:\n... def __init__(self, realpart, imagpart):\n... self.r = realpart\n... self.i = imagpart\n...\n>>> x = Complex(3.0, -4.5)\n>>> x.r, x.i\n(3.0, -4.5)\n9.3.3. Instance Objects', 'also a valid attribute, returning the docstring belonging to the class: ""A simple\nexample class"".\nClass instantiation uses function notation. Just pretend that the class object is a parameterless function\nthat returns a new instance of the class. For example (assuming the above class):\nx = MyClass()\ncreates a new instance of the class and assigns this object to the local variable x.\nThe instantiation operation (“calling” a class object) creates an empty object. Many classes like to create\nobjects with instances customized to a specific initial state. Therefore a class may define a special method\nnamed __init__(), like this:\ndef __init__(self):\nself.data = []', 'In general, calling a method with a list of n arguments is equivalent to calling the corre-\nsponding function with an argument list that is created by inserting the methodʼs instance object before\nthe first argument.\nIn general, methods work as follows. When a non-data attribute of an instance is referenced, the in-\nstanceʼs class is searched. If the name denotes a valid class attribute that is a function object, references\nto both the instance object and the function object are packed into a method object. When the method\nobject is called with an argument list, a new argument list is constructed from the instance object and the', '28/07/2026, 14:10 9. Classes — Python 3.14.6 documentation\n9. Classes\nClasses provide a means of bundling data and functionality together. Creating a new class creates a new\ntype of object, allowing new instances of that type to be made. Each class instance can have attributes at-\ntached to it for maintaining its state. Class instances can also have methods (defined by its class) for\nmodifying its state.\nCompared with other programming languages, Pythonʼs class mechanism adds classes with a minimum of\nnew syntax and semantics. It is a mixture of the class mechanisms found in C++ and Modula-3. Python', ""called with an argument list, a new argument list is constructed from the instance object and the\nargument list, and the function object is called with this new argument list.\n9.3.5. Class and Instance Variables\nGenerally speaking, instance variables are for data unique to each instance and class variables are for at-\ntributes and methods shared by all instances of the class:\nclass Dog:\nkind = 'canine' # class variable shared by all instances\ndef __init__(self, name):\nself.name = name # instance variable unique to each instance\nhttps://docs.python.org/3/tutorial/classes.html 6/14\n28/07/2026, 14:10 9. Classes — Python 3.14.6 documentation\n>>> d = Dog('Fido')\n>>> e = Dog('Buddy')"", 'self.i = imagpart\n...\n>>> x = Complex(3.0, -4.5)\n>>> x.r, x.i\n(3.0, -4.5)\n9.3.3. Instance Objects\nNow what can we do with instance objects? The only operations understood by instance objects are at-\ntribute references. There are two kinds of valid attribute names: data attributes and methods.\nData attributes correspond to “instance variables” in Smalltalk, and to “data members” in C++. Data attrib-\nutes need not be declared; like local variables, they spring into existence when they are first assigned to.\nFor example, if x is the instance of MyClass created above, the following piece of code will print the value\n16, without leaving a trace:\nx.counter = 1\nwhile x.counter < 10:', 'piece of code will print the value\n16, without leaving a trace:\nx.counter = 1\nwhile x.counter < 10:\nx.counter = x.counter * 2\nprint(x.counter)\ndel x.counter\nhttps://docs.python.org/3/tutorial/classes.html 5/14\n28/07/2026, 14:10 9. Classes — Python 3.14.6 documentation\nThe other kind of instance attribute reference is a method. A method is a function that “belongs to” an\nobject.\nValid method names of an instance object depend on its class. By definition, all attributes of a class that\nare function objects define corresponding methods of its instances. So in our example, x.f is a valid\nmethod reference, since MyClass.f is a function, but x.i is not, since MyClass.i is not. But x.f is not']","Let's compare the process of creating an instance of a class that does not define an `__init__()` method with the process of creating an instance of a class that does define an `__init__()` method that takes parameters.

**Case 1: Class does not define an `__init__()` method**

When a class does not define an `__init__()` method, the instance object is created with an empty state. In other words, the instance object has no attributes. When we create an instance of such a class, we can assign attributes to it after it is created.

For example, let's consider a class `MyClass` that does not define an `__init__()` method:
```python
class MyClass:
    pass
```
We can create an instance of this class as follows:
```python
x = MyClass()
```
The instance object `x` has no attributes. We can assign attributes to it after it is created:
```python
x.data = []
```
Now, the instance object `x` has an attribute `data` with a value of an empty list.

**Case 2: Class defines an `__init__()` method that takes parameters**

When a class defines an `__init__()` method that takes parameters, we can supply arguments during instantiation. The `__init__()` method is called with these arguments, and the instance object is created with the specified initial state.

For example, let's consider a class `Complex` that defines an `__init__()` method that takes two parameters:
```python
class Complex:
    def __init__(self, realpart, imagpart):
        self.r = realpart
        self.i = imagpart
```
We can create an instance of this class by supplying arguments during instantiation:
```python
x = Complex(3.0, -4.5)
```
The instance object `x` is created with the specified initial state, where `x.r` has a value of `3.0` and `x.i` has a value of `-4.5`.

In summary, when a class does not define an `__init__()` method, the instance object is created with an empty state, and we can assign attributes to it after it is created. When a class defines an `__init__()` method that takes parameters, we can supply arguments during instantiation, and the instance object is created with the specified initial state.

**Comparison of arguments supplied during instantiation**

In Case 1, no arguments can be supplied during instantiation because the class does not define an `__init__()` method. In Case 2, arguments can be supplied during instantiation, and they are passed to the `__init__()` method.

**Comparison of initial state of the resulting object**

In Case 1, the instance object has no attributes. In Case 2, the instance object is created with the specified initial state, where the attributes are initialized with the values passed to the `__init__()` method.","When a class has no __init__() method, instantiating it (e.g., x = MyClass()) simply creates an empty object; no arguments can be supplied because there is no initializer to receive them, and the object starts with no user‑defined attributes. In contrast, when a class defines an __init__() method, the class call automatically invokes that method. Any arguments supplied in the instantiation (e.g., x = Complex(3.0, -4.5)) are passed to __init__, which can use them to set attributes on the new object (such as self.r and self.i). Thus the resulting instance is initialized with the attributes defined inside __init__, reflecting the values passed at creation.",0.85,0.7358280304949776,0.99999999995,1.0,T7_004,T7
"In Python, attributes whose names start with double underscores are subject to name mangling. Based on the provided context, explain how name mangling works, why it is introduced, and how a mangled attribute can still be accessed or modified (for example, in a debugger).","['of the form __spam (at least two leading underscores, at most one trailing underscore) is textu-\nally replaced with _classname__spam, where classname is the current class name with leading under-\nscore(s) stripped. This mangling is done without regard to the syntactic position of the identifier, as long\nas it occurs within the definition of a class.\nSee also: The private name mangling specifications for details and special cases.\nName mangling is helpful for letting subclasses override methods without breaking intraclass method\ncalls. For example:\nclass Mapping:\ndef __init__(self, iterable):\nself.items_list = []\nself.__update(iterable)\ndef update(self, iterable):\nfor item in iterable:', 'should be treated as a non-public part of the API (whether it is a function, a method or a data\nmember). It should be considered an implementation detail and subject to change without notice.\nhttps://docs.python.org/3/tutorial/classes.html 10/14\n28/07/2026, 14:10 9. Classes — Python 3.14.6 documentation\nSince there is a valid use-case for class-private members (namely to avoid name clashes of names with\nnames defined by subclasses), there is limited support for such a mechanism, called name mangling. Any\nidentifier of the form __spam (at least two leading underscores, at most one trailing underscore) is textu-', 'the contents of the namespace created by the class definition; weʼll learn more about class objects\nin the next section. The original local scope (the one in effect just before the class definition was entered)\nis reinstated, and the class object is bound here to the class name given in the class definition header\n(ClassName in the example).\n9.3.2. Class Objects\nClass objects support two kinds of operations: attribute references and instantiation.\nAttribute references use the standard syntax used for all attribute references in Python: obj.name. Valid\nattribute names are all the names that were in the classʼs namespace when the class object was created.', 'names are all the names that were in the classʼs namespace when the class object was created.\nSo, if the class definition looked like this:\nclass MyClass:\n""""""A simple example class""""""\ni = 12345\ndef f(self):\nreturn \'hello world\'\nhttps://docs.python.org/3/tutorial/classes.html 4/14\n28/07/2026, 14:10 9. Classes — Python 3.14.6 documentation\nthen MyClass.i and MyClass.f are valid attribute references, returning an integer and a function object,\nrespectively. Class attributes can also be assigned to, so you can change the value of MyClass.i by as-\nsignment. __doc__ is also a valid attribute, returning the docstring belonging to the class: ""A simple\nexample class"".', 'with the del statement. For example, del modname.the_answer will remove the attribute the_answer\nfrom the object named by modname.\nNamespaces are created at different moments and have different lifetimes. The namespace containing the\nbuilt-in names is created when the Python interpreter starts up, and is never deleted. The global name-\nspace for a module is created when the module definition is read in; normally, module namespaces also\nlast until the interpreter quits. The statements executed by the top-level invocation of the interpreter, ei-\nther read from a script file or interactively, are considered part of a module called __main__, so they have', 'is a textual region of a Python program where a namespace is directly accessible. “Directly ac-\ncessible” here means that an unqualified reference to a name attempts to find the name in the namespace.\nAlthough scopes are determined statically, they are used dynamically. At any time during execution, there\nare 3 or 4 nested scopes whose namespaces are directly accessible:\nthe innermost scope, which is searched first, contains the local names\nthe scopes of any enclosing functions, which are searched starting with the nearest enclosing scope,\ncontain non-local, but also non-global names\nthe next-to-last scope contains the current moduleʼs global names', 'and built-in exception names); the global names in a module; and the local names in a function in-\nvocation. In a sense the set of attributes of an object also form a namespace. The important thing to know\nabout namespaces is that there is absolutely no relation between names in different namespaces; for in-\nstance, two different modules may both define a function maximize without confusion — users of the\nmodules must prefix it with the module name.\nBy the way, I use the word attribute for any name following a dot — for example, in the expression z.real,\nreal is an attribute of the object z. Strictly speaking, references to names in modules are attribute refer-']","Based on the provided context, let's break down how name mangling works, why it is introduced, and how a mangled attribute can still be accessed or modified.

**How Name Mangling Works:**

Name mangling is a process in Python where any identifier of the form `__spam` (at least two leading underscores, at most one trailing underscore) is replaced with `_classname__spam`, where `classname` is the current class name with leading underscores stripped. This mangling is done without regard to the syntactic position of the identifier, as long as it occurs within the definition of a class.

For example, if we have a class `Mapping` with an attribute `__update`, it will be mangled to `_Mapping__update`.

**Why Name Mangling is Introduced:**

Name mangling is introduced to provide a way to let subclasses override methods without breaking intraclass method calls. It is also helpful for avoiding name clashes of names with names defined by subclasses.

**Accessing or Modifying Mangled Attributes:**

Although mangled attributes are not directly accessible, they can still be accessed or modified using the mangled name. For example, if we have a class `Mapping` with a mangled attribute `_Mapping__update`, we can access it using the mangled name `_Mapping__update`.

However, it's worth noting that the context mentions that mangled attributes should be considered as non-public parts of the API and should be treated as implementation details. This means that they should not be relied upon for external access or modification.

In a debugger, it is possible to access or modify mangled attributes using the mangled name. However, this should be done with caution, as it can lead to unexpected behavior or name clashes.

In summary, name mangling is a process in Python that replaces certain attribute names with mangled names to avoid name clashes and provide a way for subclasses to override methods. Although mangled attributes are not directly accessible, they can still be accessed or modified using the mangled name, but this should be done with caution.","Name mangling rewrites an attribute named __attr inside a class to _ClassName__attr, where ClassName is the name of the class where the attribute is defined. This transformation is applied automatically by the interpreter and is intended mainly to avoid accidental name clashes in subclasses, not to provide true privacy. Because the mangled name is predictable, it can still be accessed directly (e.g., obj._ClassName__attr) or modified, which can be useful in special circumstances such as debugging. The context notes that although mangling is designed to prevent accidents, it is possible to reach or change a ""private"" variable, and this capability can be leveraged when inspecting objects in a debugger.",1.0,0.6929386491051074,0.99999999995,1.0,T7_005,T7
"Consider the following Python code that demonstrates name‑mangling of a ""private"" method in a base class and a subclass that provides a different `update` signature.
```python
class Mapping:
    def __init__(self, iterable=()):
        self.items_list = []
        self.__update(iterable)          # calls the mangled private method
    def update(self, iterable):
        for item in iterable:
            self.items_list.append(item)
    __update = update                  # private copy of the original update()

class MappingSubclass(Mapping):
    def update(self, keys, values):   # new signature, does not break __init__
        for item in zip(keys, values):
            self.items_list.append(item)

#--- test the classes ---
m = MappingSubclass(['a', 'b'])          # __init__ runs with iterable ['a','b']
m.update(['x', 'y'], [1, 2])               # uses the subclass' update()
print(m.items_list)                       # first print

# call the original (mangled) update method from the base class
m._Mapping__update(['p', 'q'])
print(m.items_list)                       # second print
```
What is the exact output produced by the two `print` statements?","['of the form __spam (at least two leading underscores, at most one trailing underscore) is textu-\nally replaced with _classname__spam, where classname is the current class name with leading under-\nscore(s) stripped. This mangling is done without regard to the syntactic position of the identifier, as long\nas it occurs within the definition of a class.\nSee also: The private name mangling specifications for details and special cases.\nName mangling is helpful for letting subclasses override methods without breaking intraclass method\ncalls. For example:\nclass Mapping:\ndef __init__(self, iterable):\nself.items_list = []\nself.__update(iterable)\ndef update(self, iterable):\nfor item in iterable:', 'in the Mapping class and _MappingSubclass__update in the\nMappingSubclass class respectively.\nNote that the mangling rules are designed mostly to avoid accidents; it still is possible to access or modify\na variable that is considered private. This can even be useful in special circumstances, such as in the\ndebugger.\nNotice that code passed to exec() or eval() does not consider the classname of the invoking class to\nbe the current class; this is similar to the effect of the global statement, the effect of which is likewise\nrestricted to code that is byte-compiled together. The same restriction applies to getattr(), setattr()\nand delattr(), as well as when referencing __dict__ directly.', 'class, that calls each parent only once, and that is monotonic (meaning that a class can be sub-\nclassed without affecting the precedence order of its parents). Taken together, these properties make it\npossible to design reliable and extensible classes with multiple inheritance. For more detail, see The\nPython 2.3 Method Resolution Order.\n9.6. Private Variables\n“Private” instance variables that cannot be accessed except from inside an object donʼt exist in Python.\nHowever, there is a convention that is followed by most Python code: a name prefixed with an underscore\n(e.g. _spam) should be treated as a non-public part of the API (whether it is a function, a method or a data', 'the first argument of a method is called self. This is nothing more than a convention: the name\nself has absolutely no special meaning to Python. Note, however, that by not following the convention\nyour code may be less readable to other Python programmers, and it is also conceivable that a class\nbrowser program might be written that relies upon such a convention.\nAny function object that is a class attribute defines a method for instances of that class. It is not neces-\nsary that the function definition is textually enclosed in the class definition: assigning a function object to\na local variable in the class is also ok. For example:\n# Function defined outside the class\ndef f1(self, x, y):', 'self.items_list = []\nself.__update(iterable)\ndef update(self, iterable):\nfor item in iterable:\nself.items_list.append(item)\n__update = update # private copy of original update() method\nclass MappingSubclass(Mapping):\ndef update(self, keys, values):\n# provides new signature for update()\n# but does not break __init__()\nfor item in zip(keys, values):\nself.items_list.append(item)\nThe above example would work even if MappingSubclass were to introduce a __update identifier since it\nis replaced with _Mapping__update in the Mapping class and _MappingSubclass__update in the\nMappingSubclass class respectively.', 'classes may override methods of their base classes. Because methods have no special privileges\nwhen calling other methods of the same object, a method of a base class that calls another method de-\nfined in the same base class may end up calling a method of a derived class that overrides it. (For C++\nprogrammers: all methods in Python are effectively virtual.)\nhttps://docs.python.org/3/tutorial/classes.html 9/14\n28/07/2026, 14:10 9. Classes — Python 3.14.6 documentation\nAn overriding method in a derived class may in fact want to extend rather than simply replace the base\nclass method of the same name. There is a simple way to call the base class method directly: just call', ""28/07/2026, 14:10 9. Classes — Python 3.14.6 documentation\n>>> d = Dog('Fido')\n>>> e = Dog('Buddy')\n>>> d.kind # shared by all dogs\n'canine'\n>>> e.kind # shared by all dogs\n'canine'\n>>> d.name # unique to d\n'Fido'\n>>> e.name # unique to e\n'Buddy'\nAs discussed in A Word About Names and Objects, shared data can have possibly surprising effects in-\nvolving mutable objects such as lists and dictionaries. For example, the tricks list in the following code\nshould not be used as a class variable because just a single list would be shared by all Dog instances:\nclass Dog:\ntricks = [] # mistaken use of a class variable\ndef __init__(self, name):\nself.name = name\ndef add_trick(self, trick):""]","To determine the exact output produced by the two `print` statements, let's analyze the code step by step.

1. The `MappingSubclass` instance `m` is created with the iterable `['a', 'b']`. The `__init__` method of the `Mapping` class is called, which in turn calls the mangled private method `__update` with the iterable `['a', 'b']`. The `__update` method is a private copy of the original `update` method, which appends each item from the iterable to the `items_list`.

   ```python
m = MappingSubclass(['a', 'b'])
m.__init__(['a', 'b'])  # calls the mangled private method __update
```

   The `items_list` will be `['a', 'b']` after this step.

2. The `update` method of the `MappingSubclass` instance `m` is called with the iterable `['x', 'y']` and `values=[1, 2]`. This method appends each item from the iterable to the `items_list`.

   ```python
m.update(['x', 'y'], [1, 2])
```

   The `items_list` will be `['a', 'b', ('x', 1), ('y', 2)]` after this step.

3. The mangled private method `__update` from the `Mapping` class is called directly on the `MappingSubclass` instance `m` with the iterable `['p', 'q']`.

   ```python
m._Mapping__update(['p', 'q'])
```

   This method appends each item from the iterable to the `items_list`.

   The `items_list` will be `['a', 'b', ('x', 1), ('y', 2), ('p', 'q')]` after this step.

Therefore, the exact output produced by the two `print` statements will be:

```
['a', 'b', ('x', 1), ('y', 2)]
['a', 'b', ('x', 1), ('y', 2), ('p', 'q')]
```","The first `print` outputs:
```python
['a', 'b', ('x', 1), ('y', 2)]
```
After invoking the mangled base‑class method `_Mapping__update(['p', 'q'])`, the list is extended with the two new elements, so the second `print` outputs:
```python
['a', 'b', ('x', 1), ('y', 2), 'p', 'q']
```",0.2857142857142857,0.13890047269674824,0.8666666666377778,1.0,T7_006,T7
"Complete the __next__ method of the custom iterator class below so that it iterates over the given sequence in reverse order. Use the iterator protocol described in the context (raise StopIteration when the index reaches 0, then return the next element). Replace the placeholder comment with the missing code.
```python
class Reverse:
    """"""Iterator for looping over a sequence backwards.""""""
    def __init__(self, data):
        self.data = data
        self.index = len(data)

    def __iter__(self):
        return self

    def __next__(self):
        if self.index == 0:
            raise StopIteration
        # ---- insert missing code here ----
```","['Traceback (most recent call last):\nFile ""<stdin>"", line 1, in <module>\nnext(it)\nStopIteration\nhttps://docs.python.org/3/tutorial/classes.html 12/14\n28/07/2026, 14:10 9. Classes — Python 3.14.6 documentation\nHaving seen the mechanics behind the iterator protocol, it is easy to add iterator behavior to your classes.\nDefine an __iter__() method which returns an object with a __next__() method. If the class defines\n__next__(), then __iter__() can just return self:\nclass Reverse:\n""""""Iterator for looping over a sequence backwards.""""""\ndef __init__(self, data):\nself.data = data\nself.index = len(data)\ndef __iter__(self):\nreturn self\ndef __next__(self):\nif self.index == 0:\nraise StopIteration', ""def __iter__(self):\nreturn self\ndef __next__(self):\nif self.index == 0:\nraise StopIteration\nself.index = self.index - 1\nreturn self.data[self.index]\n>>> rev = Reverse('spam')\n>>> iter(rev)\n<__main__.Reverse object at 0x00A1DB50>\n>>> for char in rev:\n... print(char)\n...\nm\na\np\ns\n9.9. Generators\nGenerators are a simple and powerful tool for creating iterators. They are written like regular functions but\nuse the yield statement whenever they want to return data. Each time next() is called on it, the genera-\ntor resumes where it left off (it remembers all the data values and which statement was last executed). An\nexample shows that generators can be trivially easy to create:\ndef reverse(data):"", ""executed). An\nexample shows that generators can be trivially easy to create:\ndef reverse(data):\nfor index in range(len(data)-1, -1, -1):\nyield data[index]\n>>> for char in reverse('golf'):\n... print(char)\n...\nf\nl\no\ng\nAnything that can be done with generators can also be done with class-based iterators as described in the\nprevious section. What makes generators so compact is that the __iter__() and __next__() methods\nare created automatically.\nAnother key feature is that the local variables and execution state are automatically saved between calls.\nThis made the function easier to write and much more clear than an approach using instance variables like\nself.index and self.data."", 'the scenes, the for statement calls iter() on the container object. The function returns an itera-\ntor object that defines the method __next__() which accesses elements in the container one at a time.\nWhen there are no more elements, __next__() raises a StopIteration exception which tells the for\nloop to terminate. You can call the __next__() method using the next() built-in function; this example\nshows how it all works:\n>>> s = \'abc\'\n>>> it = iter(s)\n>>> it\n<str_iterator object at 0x10c90e650>\n>>> next(it)\n\'a\'\n>>> next(it)\n\'b\'\n>>> next(it)\n\'c\'\n>>> next(it)\nTraceback (most recent call last):\nFile ""<stdin>"", line 1, in <module>\nnext(it)\nStopIteration', '28/07/2026, 14:10 5. Data Structures — Python 3.14.6 documentation\n5. Data Structures\nThis chapter describes some things youʼve learned about already in more detail, and adds some new\nthings as well.\n5.1. More on Lists\nThe list data type has some more methods. Here are all of the methods of list objects:\nlist.append(value, /)\nAdd an item to the end of the list. Similar to a[len(a):] = [x].\nlist.extend(iterable, /)\nExtend the list by appending all the items from the iterable. Similar to a[len(a):] = iterable.\nlist.insert(index, value, /)\nInsert an item at a given position. The first argument is the index of the element before which to in-', 'an item at a given position. The first argument is the index of the element before which to in-\nsert, so a.insert(0, x) inserts at the front of the list, and a.insert(len(a), x) is equivalent to\na.append(x).\nlist.remove(value, /)\nRemove the first item from the list whose value is equal to value. It raises a ValueError if there is no\nsuch item.\nlist.pop(index=-1, /)\nRemove the item at the given position in the list, and return it. If no index is specified, a.pop() re-\nmoves and returns the last item in the list. It raises an IndexError if the list is empty or the index is\noutside the list range.\nlist.clear()\nRemove all items from the list. Similar to del a[:].', 'index is\noutside the list range.\nlist.clear()\nRemove all items from the list. Similar to del a[:].\nlist.index(value[, start[, stop]])\nReturn zero-based index of the first occurrence of value in the list. Raises a ValueError if there is no\nsuch item.\nThe optional arguments start and end are interpreted as in the slice notation and are used to limit the\nsearch to a particular subsequence of the list. The returned index is computed relative to the begin-\nning of the full sequence rather than the start argument.\nlist.count(value, /)\nReturn the number of times value appears in the list.\nlist.sort(*, key=None, reverse=False)']","To complete the `__next__` method of the custom iterator class `Reverse`, we need to return the next element in the sequence when the `index` is greater than 0. We can do this by decrementing the `index` by 1 and returning the element at the current `index` in the `data` sequence.

Here's the completed `__next__` method:

```python
def __next__(self):
    if self.index == 0:
        raise StopIteration
    self.index = self.index - 1  # Decrement the index
    return self.data[self.index]  # Return the element at the current index
```

This code works as follows:

1. When the `index` is 0, it raises a `StopIteration` exception to indicate that there are no more elements in the sequence.
2. When the `index` is greater than 0, it decrements the `index` by 1 to move to the previous element in the sequence.
3. It returns the element at the current `index` in the `data` sequence.

With this completed `__next__` method, the `Reverse` class will iterate over the given sequence in reverse order when used as an iterator.","self.index -= 1
return self.data[self.index]",0.8888888888888888,0.7821352829669397,0.999999999975,1.0,T7_007,T7
"Consider the following Python code that defines a simple `Dog` class:
```python
class Dog:
    kind = 'canine'          # class variable shared by all instances
    tricks = []              # <-- intended to store each dog's tricks
    def __init__(self, name):
        self.name = name      # instance variable unique to each instance
    def add_trick(self, trick):
        self.tricks.append(trick)
```
Because `tricks` is a class variable, all `Dog` objects share the same list.  Rewrite the class so that each `Dog` instance has its own `tricks` list while keeping the `kind` class variable unchanged.  Then, using your corrected class, create two dogs—`d = Dog('Fido')` and `e = Dog('Buddy')`—add the trick `'roll over'` to `d` and the trick `'fetch'` to `e`.  What are the final contents of `d.tricks` and `e.tricks`?","[""28/07/2026, 14:10 9. Classes — Python 3.14.6 documentation\n>>> d = Dog('Fido')\n>>> e = Dog('Buddy')\n>>> d.kind # shared by all dogs\n'canine'\n>>> e.kind # shared by all dogs\n'canine'\n>>> d.name # unique to d\n'Fido'\n>>> e.name # unique to e\n'Buddy'\nAs discussed in A Word About Names and Objects, shared data can have possibly surprising effects in-\nvolving mutable objects such as lists and dictionaries. For example, the tricks list in the following code\nshould not be used as a class variable because just a single list would be shared by all Dog instances:\nclass Dog:\ntricks = [] # mistaken use of a class variable\ndef __init__(self, name):\nself.name = name\ndef add_trick(self, trick):"", ""called with an argument list, a new argument list is constructed from the instance object and the\nargument list, and the function object is called with this new argument list.\n9.3.5. Class and Instance Variables\nGenerally speaking, instance variables are for data unique to each instance and class variables are for at-\ntributes and methods shared by all instances of the class:\nclass Dog:\nkind = 'canine' # class variable shared by all instances\ndef __init__(self, name):\nself.name = name # instance variable unique to each instance\nhttps://docs.python.org/3/tutorial/classes.html 6/14\n28/07/2026, 14:10 9. Classes — Python 3.14.6 documentation\n>>> d = Dog('Fido')\n>>> e = Dog('Buddy')"", 'names are all the names that were in the classʼs namespace when the class object was created.\nSo, if the class definition looked like this:\nclass MyClass:\n""""""A simple example class""""""\ni = 12345\ndef f(self):\nreturn \'hello world\'\nhttps://docs.python.org/3/tutorial/classes.html 4/14\n28/07/2026, 14:10 9. Classes — Python 3.14.6 documentation\nthen MyClass.i and MyClass.f are valid attribute references, returning an integer and a function object,\nrespectively. Class attributes can also be assigned to, so you can change the value of MyClass.i by as-\nsignment. __doc__ is also a valid attribute, returning the docstring belonging to the class: ""A simple\nexample class"".', 'the contents of the namespace created by the class definition; weʼll learn more about class objects\nin the next section. The original local scope (the one in effect just before the class definition was entered)\nis reinstated, and the class object is bound here to the class name given in the class definition header\n(ClassName in the example).\n9.3.2. Class Objects\nClass objects support two kinds of operations: attribute references and instantiation.\nAttribute references use the standard syntax used for all attribute references in Python: obj.name. Valid\nattribute names are all the names that were in the classʼs namespace when the class object was created.', 'piece of code will print the value\n16, without leaving a trace:\nx.counter = 1\nwhile x.counter < 10:\nx.counter = x.counter * 2\nprint(x.counter)\ndel x.counter\nhttps://docs.python.org/3/tutorial/classes.html 5/14\n28/07/2026, 14:10 9. Classes — Python 3.14.6 documentation\nThe other kind of instance attribute reference is a method. A method is a function that “belongs to” an\nobject.\nValid method names of an instance object depend on its class. By definition, all attributes of a class that\nare function objects define corresponding methods of its instances. So in our example, x.f is a valid\nmethod reference, since MyClass.f is a function, but x.i is not, since MyClass.i is not. But x.f is not', 'class, that calls each parent only once, and that is monotonic (meaning that a class can be sub-\nclassed without affecting the precedence order of its parents). Taken together, these properties make it\npossible to design reliable and extensible classes with multiple inheritance. For more detail, see The\nPython 2.3 Method Resolution Order.\n9.6. Private Variables\n“Private” instance variables that cannot be accessed except from inside an object donʼt exist in Python.\nHowever, there is a convention that is followed by most Python code: a name prefixed with an underscore\n(e.g. _spam) should be treated as a non-public part of the API (whether it is a function, a method or a data', '28/07/2026, 14:10 9. Classes — Python 3.14.6 documentation\n9. Classes\nClasses provide a means of bundling data and functionality together. Creating a new class creates a new\ntype of object, allowing new instances of that type to be made. Each class instance can have attributes at-\ntached to it for maintaining its state. Class instances can also have methods (defined by its class) for\nmodifying its state.\nCompared with other programming languages, Pythonʼs class mechanism adds classes with a minimum of\nnew syntax and semantics. It is a mixture of the class mechanisms found in C++ and Modula-3. Python']","To rewrite the `Dog` class so that each instance has its own `tricks` list, we need to change the `tricks` variable from a class variable to an instance variable. We can do this by moving the `tricks = []` line inside the `__init__` method, like so:

```python
class Dog:
    kind = 'canine'          # class variable shared by all instances
    def __init__(self, name):
        self.name = name      # instance variable unique to each instance
        self.tricks = []      # instance variable unique to each instance
    def add_trick(self, trick):
        self.tricks.append(trick)
```

Now, when we create two dogs, `d = Dog('Fido')` and `e = Dog('Buddy')`, each dog will have its own `tricks` list.

```python
d = Dog('Fido')
e = Dog('Buddy')
```

We can then add the trick `'roll over'` to `d` and the trick `'fetch'` to `e` using the `add_trick` method:

```python
d.add_trick('roll over')
e.add_trick('fetch')
```

Finally, we can print the contents of `d.tricks` and `e.tricks` to see the final results:

```python
print(d.tricks)  # Output: ['roll over']
print(e.tricks)  # Output: ['fetch']
```

As you can see, each dog has its own `tricks` list, and the `kind` class variable remains unchanged.","Move the `tricks` list into the constructor so it becomes an instance variable:
```python
class Dog:
    kind = 'canine'          # still a class variable
    def __init__(self, name):
        self.name = name
        self.tricks = []      # each instance gets its own list
    def add_trick(self, trick):
        self.tricks.append(trick)
```
Now:
```python
d = Dog('Fido')
e = Dog('Buddy')
d.add_trick('roll over')
e.add_trick('fetch')
```
`d.tricks` contains `['roll over']` and `e.tricks` contains `['fetch']`. Each dog maintains its own separate list of tricks.",0.6666666666666666,0.6958804694361764,0.99999999995,0.7142857142857143,T7_008,T7
"You are writing a program that uses a module called **shapes.py**. The module defines a class `Circle` with a class attribute `pi` that you later decide should be removed at runtime (perhaps because you want to replace it with a more precise value from another library). The contents of **shapes.py** are:
```python
# shapes.py
class Circle:
    pi = 3.14
    def __init__(self, radius):
        self.radius = radius
    def area(self):
        return self.pi * self.radius ** 2
```
In your main script you import the module and create a `Circle` instance. Write the line of code that correctly deletes the attribute `pi` from the `Circle` class **using the `del` statement**, making sure you target the proper namespace as described in the context. Explain briefly which namespace is being modified and why the deletion works.
","['that youʼve written in several programs with-\nout copying its definition into each program.\nTo support this, Python has a way to put definitions in a file and use them in a script or in an interactive in-\nstance of the interpreter. Such a file is called a module; definitions from a module can be imported into\nother modules or into the main module (the collection of variables that you have access to in a script exe-\ncuted at the top level and in calculator mode).\nA module is a file containing Python definitions and statements. The file name is the module name with the\nsuffix .py appended. Within a module, the moduleʼs name (as a string) is available as the value of the', 'with the del statement. For example, del modname.the_answer will remove the attribute the_answer\nfrom the object named by modname.\nNamespaces are created at different moments and have different lifetimes. The namespace containing the\nbuilt-in names is created when the Python interpreter starts up, and is never deleted. The global name-\nspace for a module is created when the module definition is read in; normally, module namespaces also\nlast until the interpreter quits. The statements executed by the top-level invocation of the interpreter, ei-\nther read from a script file or interactively, are considered part of a module called __main__, so they have', ""in the class is also ok. For example:\n# Function defined outside the class\ndef f1(self, x, y):\nreturn min(x, x+y)\nclass C:\nf = f1\ndef g(self):\nreturn 'hello world'\nh = g\nNow f, g and h are all attributes of class C that refer to function objects, and consequently they are all\nmethods of instances of C — h being exactly equivalent to g. Note that this practice usually only serves to\nconfuse the reader of a program.\nMethods may call other methods by using method attributes of the self argument:\nhttps://docs.python.org/3/tutorial/classes.html 8/14\n28/07/2026, 14:10 9. Classes — Python 3.14.6 documentation\nclass Bag:\ndef __init__(self):\nself.data = []\ndef add(self, x):\nself.data.append(x)"", 'also a valid attribute, returning the docstring belonging to the class: ""A simple\nexample class"".\nClass instantiation uses function notation. Just pretend that the class object is a parameterless function\nthat returns a new instance of the class. For example (assuming the above class):\nx = MyClass()\ncreates a new instance of the class and assigns this object to the local variable x.\nThe instantiation operation (“calling” a class object) creates an empty object. Many classes like to create\nobjects with instances customized to a specific initial state. Therefore a class may define a special method\nnamed __init__(), like this:\ndef __init__(self):\nself.data = []', '28/07/2026, 14:10 6. Modules — Python 3.14.6 documentation\n6. Modules\nIf you quit from the Python interpreter and enter it again, the definitions you have made (functions and\nvariables) are lost. Therefore, if you want to write a somewhat longer program, you are better off using a\ntext editor to prepare the input for the interpreter and running it with that file as input instead. This is\nknown as creating a script. As your program gets longer, you may want to split it into several files for easi-\ner maintenance. You may also want to use a handy function that youʼve written in several programs with-\nout copying its definition into each program.', 'new syntax and semantics. It is a mixture of the class mechanisms found in C++ and Modula-3. Python\nclasses provide all the standard features of Object Oriented Programming: the class inheritance mecha-\nnism allows multiple base classes, a derived class can override any methods of its base class or classes,\nand a method can call the method of a base class with the same name. Objects can contain arbitrary\namounts and kinds of data. As is true for modules, classes partake of the dynamic nature of Python: they\nare created at runtime, and can be modified further after creation.\nIn C++ terminology, normally class members (including the data members) are public (except see below', 'but also non-global names\nthe next-to-last scope contains the current moduleʼs global names\nthe outermost scope (searched last) is the namespace containing built-in names\nIf a name is declared global, then all references and assignments go directly to the next-to-last scope\ncontaining the moduleʼs global names. To rebind variables found outside of the innermost scope, the\nnonlocal statement can be used; if not declared nonlocal, those variables are read-only (an attempt to\nwrite to such a variable will simply create a new local variable in the innermost scope, leaving the identi-\ncally named outer variable unchanged).\nhttps://docs.python.org/3/tutorial/classes.html 2/14']","To delete the attribute `pi` from the `Circle` class, you need to target the `Circle` class's namespace. Since the `Circle` class is defined in the `shapes.py` module, you can access its namespace using the `shapes` module.

Here's the line of code that deletes the attribute `pi` from the `Circle` class:

```python
del shapes.Circle.pi
```

This line of code targets the `Circle` class's namespace, which is a part of the `shapes` module's namespace. The `del` statement is used to delete the attribute `pi` from this namespace.

The deletion works because the `del` statement is used to delete attributes from an object's namespace. In this case, the `Circle` class is an object, and its namespace is being modified. The `shapes` module provides access to the `Circle` class's namespace, allowing you to delete the `pi` attribute.

Note that this deletion is done at runtime, which means that the `pi` attribute is removed from the `Circle` class's namespace after the program has started executing. This is in contrast to deleting the attribute at compile time, which would require modifying the `shapes.py` module itself.","```python
import shapes
# Delete the class attribute `pi` from the Circle class defined in the `shapes` module

del shapes.Circle.pi
```
The del statement removes the attribute pi from the class namespace of Circle (i.e., from Circle.__dict__). The class Circle itself lives in the module namespace of shapes, but the class attribute pi lives one level deeper, inside the class object. The expression shapes.Circle.pi traverses two namespaces to reach the target: first the module namespace to find Circle, then the class namespace to find pi. del then removes pi from the class namespace only; the module namespace (which still contains Circle) and the built‑in namespace are untouched.",0.18181818181818182,0.8407988652677981,0.8528571428400857,1.0,T7_009,T7
"Below is a partially written `Dog` class. Each dog should keep its own list of tricks, so that adding a trick to one dog does not affect another. Fill in the missing line (replace the three underscores) to correctly create an instance variable for the tricks list.
```python
class Dog:
    def __init__(self, name):
        self.name = name
        ___   # create a new empty list for this dog’s tricks
    def add_trick(self, trick):
        self.tricks.append(trick)
```","[""use of a class variable\ndef __init__(self, name):\nself.name = name\ndef add_trick(self, trick):\nself.tricks.append(trick)\n>>> d = Dog('Fido')\n>>> e = Dog('Buddy')\n>>> d.add_trick('roll over')\n>>> e.add_trick('play dead')\n>>> d.tricks # unexpectedly shared by all dogs\n['roll over', 'play dead']\nCorrect design of the class should use an instance variable instead:\nclass Dog:\ndef __init__(self, name):\nself.name = name\nself.tricks = [] # creates a new empty list for each dog\ndef add_trick(self, trick):\nself.tricks.append(trick)\n>>> d = Dog('Fido')\n>>> e = Dog('Buddy')\n>>> d.add_trick('roll over')\n>>> e.add_trick('play dead')\n>>> d.tricks\n['roll over']\n>>> e.tricks\n['play dead']"", ""28/07/2026, 14:10 9. Classes — Python 3.14.6 documentation\n>>> d = Dog('Fido')\n>>> e = Dog('Buddy')\n>>> d.kind # shared by all dogs\n'canine'\n>>> e.kind # shared by all dogs\n'canine'\n>>> d.name # unique to d\n'Fido'\n>>> e.name # unique to e\n'Buddy'\nAs discussed in A Word About Names and Objects, shared data can have possibly surprising effects in-\nvolving mutable objects such as lists and dictionaries. For example, the tricks list in the following code\nshould not be used as a class variable because just a single list would be shared by all Dog instances:\nclass Dog:\ntricks = [] # mistaken use of a class variable\ndef __init__(self, name):\nself.name = name\ndef add_trick(self, trick):"", ""called with an argument list, a new argument list is constructed from the instance object and the\nargument list, and the function object is called with this new argument list.\n9.3.5. Class and Instance Variables\nGenerally speaking, instance variables are for data unique to each instance and class variables are for at-\ntributes and methods shared by all instances of the class:\nclass Dog:\nkind = 'canine' # class variable shared by all instances\ndef __init__(self, name):\nself.name = name # instance variable unique to each instance\nhttps://docs.python.org/3/tutorial/classes.html 6/14\n28/07/2026, 14:10 9. Classes — Python 3.14.6 documentation\n>>> d = Dog('Fido')\n>>> e = Dog('Buddy')"", ""over')\n>>> e.add_trick('play dead')\n>>> d.tricks\n['roll over']\n>>> e.tricks\n['play dead']\n9.4. Random Remarks\nIf the same attribute name occurs in both an instance and in a class, then attribute lookup prioritizes the\ninstance:\nhttps://docs.python.org/3/tutorial/classes.html 7/14\n28/07/2026, 14:10 9. Classes — Python 3.14.6 documentation\n>>> class Warehouse:\n... purpose = 'storage'\n... region = 'west'\n...\n>>> w1 = Warehouse()\n>>> print(w1.purpose, w1.region)\nstorage west\n>>> w2 = Warehouse()\n>>> w2.region = 'east'\n>>> print(w2.purpose, w2.region)\nstorage east\nData attributes may be referenced by methods as well as by ordinary users (“clients”) of an object. In oth-"", 'of the form __spam (at least two leading underscores, at most one trailing underscore) is textu-\nally replaced with _classname__spam, where classname is the current class name with leading under-\nscore(s) stripped. This mangling is done without regard to the syntactic position of the identifier, as long\nas it occurs within the definition of a class.\nSee also: The private name mangling specifications for details and special cases.\nName mangling is helpful for letting subclasses override methods without breaking intraclass method\ncalls. For example:\nclass Mapping:\ndef __init__(self, iterable):\nself.items_list = []\nself.__update(iterable)\ndef update(self, iterable):\nfor item in iterable:', 'class, that calls each parent only once, and that is monotonic (meaning that a class can be sub-\nclassed without affecting the precedence order of its parents). Taken together, these properties make it\npossible to design reliable and extensible classes with multiple inheritance. For more detail, see The\nPython 2.3 Method Resolution Order.\n9.6. Private Variables\n“Private” instance variables that cannot be accessed except from inside an object donʼt exist in Python.\nHowever, there is a convention that is followed by most Python code: a name prefixed with an underscore\n(e.g. _spam) should be treated as a non-public part of the API (whether it is a function, a method or a data', ""in the class is also ok. For example:\n# Function defined outside the class\ndef f1(self, x, y):\nreturn min(x, x+y)\nclass C:\nf = f1\ndef g(self):\nreturn 'hello world'\nh = g\nNow f, g and h are all attributes of class C that refer to function objects, and consequently they are all\nmethods of instances of C — h being exactly equivalent to g. Note that this practice usually only serves to\nconfuse the reader of a program.\nMethods may call other methods by using method attributes of the self argument:\nhttps://docs.python.org/3/tutorial/classes.html 8/14\n28/07/2026, 14:10 9. Classes — Python 3.14.6 documentation\nclass Bag:\ndef __init__(self):\nself.data = []\ndef add(self, x):\nself.data.append(x)""]","To correctly create an instance variable for the tricks list, we need to replace the three underscores with the correct syntax for creating an instance variable. In Python, instance variables are created by prefixing the variable name with `self.`.

Here's the corrected code:

```python
class Dog:
    def __init__(self, name):
        self.name = name
        self.tricks = []  # create a new empty list for this dog’s tricks
    def add_trick(self, trick):
        self.tricks.append(trick)
```

In this corrected code, `self.tricks = []` creates a new instance variable `tricks` for each dog, which is a list to store the dog's tricks. This way, each dog has its own list of tricks, and adding a trick to one dog does not affect another.",self.tricks = [],0.8333333333333334,0.7678549400473996,0.9999999999666667,1.0,T7_010,T7
"The following code is intended to create a `MappingSubclass` instance and update its internal dictionary using the subclass’s private update method. However, when run it raises an `AttributeError`. Identify the exact line that contains the bug, explain why the error occurs in terms of Python’s name‑mangling rules described in the context, and provide the corrected line of code.

```python
class Mapping:
    def _update(self, data):
        self.data = data

class MappingSubclass(Mapping):
    def __init__(self):
        self.data = {}
    def __update(self, data):
        # extend the parent update
        super()._update(data)
        self.data.update(data)

def process():
    m = MappingSubclass()
    # broken line: trying to call the private method using the wrong name
    m.__update({'a': 1})

if __name__ == ""__main__"":
    process()
```","['self.items_list = []\nself.__update(iterable)\ndef update(self, iterable):\nfor item in iterable:\nself.items_list.append(item)\n__update = update # private copy of original update() method\nclass MappingSubclass(Mapping):\ndef update(self, keys, values):\n# provides new signature for update()\n# but does not break __init__()\nfor item in zip(keys, values):\nself.items_list.append(item)\nThe above example would work even if MappingSubclass were to introduce a __update identifier since it\nis replaced with _Mapping__update in the Mapping class and _MappingSubclass__update in the\nMappingSubclass class respectively.', 'of the form __spam (at least two leading underscores, at most one trailing underscore) is textu-\nally replaced with _classname__spam, where classname is the current class name with leading under-\nscore(s) stripped. This mangling is done without regard to the syntactic position of the identifier, as long\nas it occurs within the definition of a class.\nSee also: The private name mangling specifications for details and special cases.\nName mangling is helpful for letting subclasses override methods without breaking intraclass method\ncalls. For example:\nclass Mapping:\ndef __init__(self, iterable):\nself.items_list = []\nself.__update(iterable)\ndef update(self, iterable):\nfor item in iterable:', 'also a valid attribute, returning the docstring belonging to the class: ""A simple\nexample class"".\nClass instantiation uses function notation. Just pretend that the class object is a parameterless function\nthat returns a new instance of the class. For example (assuming the above class):\nx = MyClass()\ncreates a new instance of the class and assigns this object to the local variable x.\nThe instantiation operation (“calling” a class object) creates an empty object. Many classes like to create\nobjects with instances customized to a specific initial state. Therefore a class may define a special method\nnamed __init__(), like this:\ndef __init__(self):\nself.data = []', 'class, that calls each parent only once, and that is monotonic (meaning that a class can be sub-\nclassed without affecting the precedence order of its parents). Taken together, these properties make it\npossible to design reliable and extensible classes with multiple inheritance. For more detail, see The\nPython 2.3 Method Resolution Order.\n9.6. Private Variables\n“Private” instance variables that cannot be accessed except from inside an object donʼt exist in Python.\nHowever, there is a convention that is followed by most Python code: a name prefixed with an underscore\n(e.g. _spam) should be treated as a non-public part of the API (whether it is a function, a method or a data', 'in the Mapping class and _MappingSubclass__update in the\nMappingSubclass class respectively.\nNote that the mangling rules are designed mostly to avoid accidents; it still is possible to access or modify\na variable that is considered private. This can even be useful in special circumstances, such as in the\ndebugger.\nNotice that code passed to exec() or eval() does not consider the classname of the invoking class to\nbe the current class; this is similar to the effect of the global statement, the effect of which is likewise\nrestricted to code that is byte-compiled together. The same restriction applies to getattr(), setattr()\nand delattr(), as well as when referencing __dict__ directly.', 'should be treated as a non-public part of the API (whether it is a function, a method or a data\nmember). It should be considered an implementation detail and subject to change without notice.\nhttps://docs.python.org/3/tutorial/classes.html 10/14\n28/07/2026, 14:10 9. Classes — Python 3.14.6 documentation\nSince there is a valid use-case for class-private members (namely to avoid name clashes of names with\nnames defined by subclasses), there is limited support for such a mechanism, called name mangling. Any\nidentifier of the form __spam (at least two leading underscores, at most one trailing underscore) is textu-', ""in the class is also ok. For example:\n# Function defined outside the class\ndef f1(self, x, y):\nreturn min(x, x+y)\nclass C:\nf = f1\ndef g(self):\nreturn 'hello world'\nh = g\nNow f, g and h are all attributes of class C that refer to function objects, and consequently they are all\nmethods of instances of C — h being exactly equivalent to g. Note that this practice usually only serves to\nconfuse the reader of a program.\nMethods may call other methods by using method attributes of the self argument:\nhttps://docs.python.org/3/tutorial/classes.html 8/14\n28/07/2026, 14:10 9. Classes — Python 3.14.6 documentation\nclass Bag:\ndef __init__(self):\nself.data = []\ndef add(self, x):\nself.data.append(x)""]","The exact line that contains the bug is:

```python
m.__update({'a': 1})
```

This line raises an `AttributeError` because of Python's name-mangling rules. 

When a class defines a private method or attribute with a name starting and ending with double underscores (e.g., `__update`), Python internally changes its name to `_classname__update`, where `classname` is the name of the class. This is done to avoid name clashes between classes and their subclasses.

In the given code, the `MappingSubclass` class has a private method `__update`, which is internally renamed to `_MappingSubclass__update`. However, when calling this method from the `process` function, the correct name should be used, which is `_MappingSubclass__update`, not `__update`.

To fix the bug, the correct line of code should be:

```python
m._MappingSubclass__update({'a': 1})
```

However, it's generally not recommended to access private attributes or methods directly. Instead, you can define a public method in the `MappingSubclass` class that calls the private method:

```python
class MappingSubclass(Mapping):
    def __init__(self):
        self.data = {}
    def update(self, data):
        self._MappingSubclass__update(data)

def process():
    m = MappingSubclass()
    m.update({'a': 1})
```

This way, you can call the private method using the public `update` method, which is a more Pythonic way of doing things.","The bug is on the line `m.__update({'a': 1})`. Because `__update` is defined with double underscores inside `MappingSubclass`, Python mangles its name to `_MappingSubclass__update`. External code cannot access it via `m.__update`; doing so raises an `AttributeError`. The fix is to call the mangled name explicitly:
```python
m._MappingSubclass__update({'a': 1})
```",0.5454545454545454,0.5416470837729221,0.8766666666491333,1.0,T7_011,T7
"Consider the following Python code that demonstrates multiple inheritance with a diamond hierarchy:
```python
class A:
    def process(self):
        print(""A"")

class B(A):
    def process(self):
        print(""B"")
        super().process()

class C(A):
    def process(self):
        print(""C"")
        super().process()

class D(B, C):
    def process(self):
        print(""D"")
        super().process()

obj = D()
obj.process()
```

Analyse the execution of `obj.process()`. List the exact output produced (one line per print) and explain, step by step, how Python determines the order in which the `process` methods are called. Reference the method resolution order (MRO) that Python computes for class `D`.","['Thus, if an attribute is not found in DerivedClassName, it is searched for in Base1, then (recur-\nsively) in the base classes of Base1, and if it was not found there, it was searched for in Base2, and so on.\nIn fact, it is slightly more complex than that; the method resolution order changes dynamically to support\ncooperative calls to super(). This approach is known in some other multiple-inheritance languages as\ncall-next-method and is more powerful than the super call found in single-inheritance languages.\nDynamic ordering is necessary because all cases of multiple inheritance exhibit one or more diamond rela-', 'ordering is necessary because all cases of multiple inheritance exhibit one or more diamond rela-\ntionships (where at least one of the parent classes can be accessed through multiple paths from the bot-\ntommost class). For example, all classes inherit from object, so any case of multiple inheritance provides\nmore than one path to reach object. To keep the base classes from being accessed more than once, the\ndynamic algorithm linearizes the search order in a way that preserves the left-to-right ordering specified\nin each class, that calls each parent only once, and that is monotonic (meaning that a class can be sub-', ""in the class is also ok. For example:\n# Function defined outside the class\ndef f1(self, x, y):\nreturn min(x, x+y)\nclass C:\nf = f1\ndef g(self):\nreturn 'hello world'\nh = g\nNow f, g and h are all attributes of class C that refer to function objects, and consequently they are all\nmethods of instances of C — h being exactly equivalent to g. Note that this practice usually only serves to\nconfuse the reader of a program.\nMethods may call other methods by using method attributes of the self argument:\nhttps://docs.python.org/3/tutorial/classes.html 8/14\n28/07/2026, 14:10 9. Classes — Python 3.14.6 documentation\nclass Bag:\ndef __init__(self):\nself.data = []\ndef add(self, x):\nself.data.append(x)"", 'a sub-\nclass of int. However, issubclass(float, int) is False since float is not a subclass of int.\n9.5.1. Multiple Inheritance\nPython supports a form of multiple inheritance as well. A class definition with multiple base classes looks\nlike this:\nclass DerivedClassName(Base1, Base2, Base3):\n<statement-1>\n.\n.\n.\n<statement-N>\nFor most purposes, in the simplest cases, you can think of the search for attributes inherited from a parent\nclass as depth-first, left-to-right, not searching twice in the same class where there is an overlap in the hi-\nerarchy. Thus, if an attribute is not found in DerivedClassName, it is searched for in Base1, then (recur-', 'class, that calls each parent only once, and that is monotonic (meaning that a class can be sub-\nclassed without affecting the precedence order of its parents). Taken together, these properties make it\npossible to design reliable and extensible classes with multiple inheritance. For more detail, see The\nPython 2.3 Method Resolution Order.\n9.6. Private Variables\n“Private” instance variables that cannot be accessed except from inside an object donʼt exist in Python.\nHowever, there is a convention that is followed by most Python code: a name prefixed with an underscore\n(e.g. _spam) should be treated as a non-public part of the API (whether it is a function, a method or a data', 'method of the same name. There is a simple way to call the base class method directly: just call\nBaseClassName.methodname(self, arguments). This is occasionally useful to clients as well. (Note\nthat this only works if the base class is accessible as BaseClassName in the global scope.)\nPython has two built-in functions that work with inheritance:\nUse isinstance() to check an instanceʼs type: isinstance(obj, int) will be True only if\nobj.__class__ is int or some class derived from int.\nUse issubclass() to check class inheritance: issubclass(bool, int) is True since bool is a sub-\nclass of int. However, issubclass(float, int) is False since float is not a subclass of int.', 'Traceback (most recent call last):\nFile ""<stdin>"", line 1, in <module>\nnext(it)\nStopIteration\nhttps://docs.python.org/3/tutorial/classes.html 12/14\n28/07/2026, 14:10 9. Classes — Python 3.14.6 documentation\nHaving seen the mechanics behind the iterator protocol, it is easy to add iterator behavior to your classes.\nDefine an __iter__() method which returns an object with a __next__() method. If the class defines\n__next__(), then __iter__() can just return self:\nclass Reverse:\n""""""Iterator for looping over a sequence backwards.""""""\ndef __init__(self, data):\nself.data = data\nself.index = len(data)\ndef __iter__(self):\nreturn self\ndef __next__(self):\nif self.index == 0:\nraise StopIteration']","To analyze the execution of `obj.process()`, we need to understand how Python determines the order in which the `process` methods are called in a diamond hierarchy.

The method resolution order (MRO) is computed by Python to resolve the ambiguity in the diamond hierarchy. The MRO is a list of classes that Python searches for attributes (in this case, methods) when it encounters a call to `super()`.

For class `D`, the MRO is computed as follows:

1. `D` is the current class.
2. Since `D` has multiple base classes (`B` and `C`), Python searches for the MRO of each base class.
3. For `B`, the MRO is `B`, `A`, `object`.
4. For `C`, the MRO is `C`, `A`, `object`.
5. Since both `B` and `C` have `A` as a base class, Python merges the MROs of `B` and `C` by removing the common base class `A` and keeping the remaining classes in the order they appear in the MROs.
6. The merged MRO for `D` is `D`, `B`, `C`, `A`, `object`.

Now, let's analyze the execution of `obj.process()`:

1. `obj.process()` is called on an instance of class `D`.
2. Python searches for the `process` method in the MRO of `D`, which is `D`, `B`, `C`, `A`, `object`.
3. Since `D` does not have a `process` method, Python searches for it in the next class in the MRO, which is `B`.
4. `B` has a `process` method, so Python calls it.
5. The `process` method in `B` prints ""B"" and then calls `super().process()`.
6. Since `B` is a subclass of `A`, Python searches for the `process` method in the MRO of `A`, which is `A`, `object`.
7. `A` has a `process` method, so Python calls it.
8. The `process` method in `A` prints ""A"".
9. The call to `super().process()` in `B` returns to the `process` method in `D`.
10. Since the `process` method in `D` has already been called, Python returns from the call to `super().process()` in `B`.
11. The call to `super().process()` in `D` returns to the `process` method in `D`.
12. Since the `process` method in `D` has already been called, Python returns from the call to `super().process()` in `D`.

The exact output produced by `obj.process()` is:

```
D
B
A
```

Note that the `process` method in `C` is not called because the `process` method in `B` calls `super().process()` before calling its own `process` method, which causes the `process` method in `A` to be called instead.","The program prints:
```
D
B
C
A
```
Python first builds the linearized MRO for `D` using the C3 algorithm. For the hierarchy `D(B, C)`, `B(A)`, `C(A)`, the resulting order is `[D, B, C, A, object]`. When `obj.process()` is invoked, Python looks up `process` in `D` and executes it, which prints ""D"" and then calls `super().process()`. `super()` in `D` refers to the next class in the MRO, `B`, so `B.process` runs, printing ""B"" and again calling `super().process()`. The next class after `B` in the MRO is `C`, so `C.process` executes, printing ""C"" and calling `super().process()`. Finally, `super()` now points to `A`, whose `process` prints ""A"". `A` does not call `super()`, so the chain ends. This step‑by‑step traversal of the MRO explains the observed output.",0.9310344827586207,0.8491325496841714,0.99999999995,1.0,T7_013,T7
"Consider the two code fragments below. Both aim to expose a numeric attribute `value` and a function `get()` that returns the current `value`.

**Fragment A (module style)**
```python
# file: module_a.py
value = 10

def get():
    return value
```
```python
# main script
import module_a
print(module_a.value)          # line A1
module_a.value = 20
print(module_a.get())           # line A2
del module_a.value
print(module_a.get())           # line A3
```

**Fragment B (class style)**
```python
class ModuleB:
    value = 10
    @staticmethod
    def get():
        return ModuleB.value

module_b = ModuleB()
print(module_b.value)           # line B1
module_b.value = 20
print(module_b.get())           # line B2
del module_b.value
print(module_b.get())           # line B3
```

**Task:** Analyse and compare the behavior of the two fragments. Specifically:
1. What is printed at each marked line (A1‑A3 and B1‑B3)?
2. Identify the namespaces (built‑in, module global, class, instance) that each reference to `value` and `get` belongs to in both fragments.
3. Explain why the statement on line A3 raises an error (or not) while line B3 does not, linking your explanation to the namespace rules described in the context.
","['piece of code will print the value\n16, without leaving a trace:\nx.counter = 1\nwhile x.counter < 10:\nx.counter = x.counter * 2\nprint(x.counter)\ndel x.counter\nhttps://docs.python.org/3/tutorial/classes.html 5/14\n28/07/2026, 14:10 9. Classes — Python 3.14.6 documentation\nThe other kind of instance attribute reference is a method. A method is a function that “belongs to” an\nobject.\nValid method names of an instance object depend on its class. By definition, all attributes of a class that\nare function objects define corresponding methods of its instances. So in our example, x.f is a valid\nmethod reference, since MyClass.f is a function, but x.i is not, since MyClass.i is not. But x.f is not', 'attribute of the object z. Strictly speaking, references to names in modules are attribute refer-\nences: in the expression modname.funcname, modname is a module object and funcname is an attribute\nof it. In this case there happens to be a straightforward mapping between the moduleʼs attributes and the\nglobal names defined in the module: they share the same namespace! [1]\nAttributes may be read-only or writable. In the latter case, assignment to attributes is possible. Module at-\ntributes are writable: you can write modname.the_answer = 42. Writable attributes may also be deleted\nwith the del statement. For example, del modname.the_answer will remove the attribute the_answer', 'definition in the defining scope, so that\ni = 5\ndef f(arg=i):\nprint(arg)\ni = 6\nf()\nwill print 5.\nImportant warning: The default value is evaluated only once. This makes a difference when the default is\na mutable object such as a list, dictionary, or instances of most classes. For example, the following func-\ntion accumulates the arguments passed to it on subsequent calls:\ndef f(a, L=[]):\nL.append(a)\nreturn L\nprint(f(1))\nprint(f(2))\nprint(f(3))\nThis will print\n[1]\n[1, 2]\n[1, 2, 3]\nIf you donʼt want the default to be shared between subsequent calls, you can write the function like this\ninstead:\ndef f(a, L=None):\nif L is None:\nL = []\nL.append(a)\nreturn L\n4.9.2. Keyword Arguments', 'with the del statement. For example, del modname.the_answer will remove the attribute the_answer\nfrom the object named by modname.\nNamespaces are created at different moments and have different lifetimes. The namespace containing the\nbuilt-in names is created when the Python interpreter starts up, and is never deleted. The global name-\nspace for a module is created when the module definition is read in; normally, module namespaces also\nlast until the interpreter quits. The statements executed by the top-level invocation of the interpreter, ei-\nther read from a script file or interactively, are considered part of a module called __main__, so they have', ""in the class is also ok. For example:\n# Function defined outside the class\ndef f1(self, x, y):\nreturn min(x, x+y)\nclass C:\nf = f1\ndef g(self):\nreturn 'hello world'\nh = g\nNow f, g and h are all attributes of class C that refer to function objects, and consequently they are all\nmethods of instances of C — h being exactly equivalent to g. Note that this practice usually only serves to\nconfuse the reader of a program.\nMethods may call other methods by using method attributes of the self argument:\nhttps://docs.python.org/3/tutorial/classes.html 8/14\n28/07/2026, 14:10 9. Classes — Python 3.14.6 documentation\nclass Bag:\ndef __init__(self):\nself.data = []\ndef add(self, x):\nself.data.append(x)"", 'are stored in the __annotations__ attribute of the function as a dictionary and have no ef-\nfect on any other part of the function. Parameter annotations are defined by a colon after the parameter\nhttps://docs.python.org/3/tutorial/controlflow.html#match-statements 16/18\n28/07/2026, 14:09 4. More Control Flow Tools — Python 3.14.6 documentation\nname, followed by an expression evaluating to the value of the annotation. Return annotations are defined\nby a literal ->, followed by an expression, between the parameter list and the colon denoting the end of\nthe def statement. The following example has a required argument, an optional argument, and the return\nvalue annotated:', '... a, b = b, a+b\n... return result\n...\n>>> f100 = fib2(100) # call it\n>>> f100 # write the result\n[0, 1, 1, 2, 3, 5, 8, 13, 21, 34, 55, 89]\nThis example, as usual, demonstrates some new Python features:\nThe return statement returns with a value from a function. return without an expression argument\nreturns None. Falling off the end of a function also returns None.\nThe statement result.append(a) calls a method of the list object result. A method is a function\nthat ‘belongsʼ to an object and is named obj.methodname, where obj is some object (this may be an\nexpression), and methodname is the name of a method that is defined by the objectʼs type. Different']","To analyze and compare the behavior of the two fragments, let's break down the code and identify the namespaces involved.

**Fragment A (module style)**

1. `print(module_a.value)          # line A1`
   - The reference to `value` belongs to the module global namespace of `module_a`.
   - Since `value` is a global variable in the module, it is accessible and prints `10`.

2. `module_a.value = 20`
   - This statement assigns a new value to the global variable `value` in the module global namespace.

3. `print(module_a.get())           # line A2`
   - The reference to `get` belongs to the module global namespace of `module_a`.
   - Since `get` is a global function in the module, it is accessible and returns the current value of `value`, which is `20`.

4. `del module_a.value`
   - This statement deletes the global variable `value` from the module global namespace.

5. `print(module_a.get())           # line A3`
   - The reference to `get` still belongs to the module global namespace of `module_a`.
   - However, since `value` has been deleted from the module global namespace, the `get` function will raise an `AttributeError` because it tries to access the non-existent `value` attribute.

**Fragment B (class style)**

1. `print(module_b.value)           # line B1`
   - The reference to `value` belongs to the class namespace of `ModuleB`.
   - Since `value` is a class variable in `ModuleB`, it is accessible and prints `10`.

2. `module_b.value = 20`
   - This statement assigns a new value to the class variable `value` in the class namespace of `ModuleB`.

3. `print(module_b.get())           # line B2`
   - The reference to `get` belongs to the class namespace of `ModuleB`.
   - Since `get` is a class method in `ModuleB`, it is accessible and returns the current value of `value`, which is `20`.

4. `del module_b.value`
   - This statement deletes the class variable `value` from the class namespace of `ModuleB`.

5. `print(module_b.get())           # line B3`
   - The reference to `get` still belongs to the class namespace of `ModuleB`.
   - Since `value` has been deleted from the class namespace, the `get` method will still return the original value of `value` because it is stored in the class namespace, not in the instance namespace.

The key difference between the two fragments lies in the way the `value` attribute is accessed and modified.

In Fragment A, `value` is a global variable in the module global namespace. When `value` is deleted, the `get` function raises an `AttributeError` because it tries to access the non-existent `value` attribute.

In Fragment B, `value` is a class variable in the class namespace of `ModuleB`. When `value` is deleted, the `get` method still returns the original value of `value` because it is stored in the class namespace, not in the instance namespace.

This behavior is due to the namespace rules described in the context:

* Module global namespace: Variables and functions defined at the top level of a module are stored in the module global namespace.
* Class namespace: Variables and methods defined at the top level of a class are stored in the class namespace.
* Instance namespace: Variables and methods defined inside a class instance are stored in the instance namespace.

In Fragment A, the `value` attribute is deleted from the module global namespace, which affects the `get` function. In Fragment B, the `value` attribute is deleted from the class namespace, but the `get` method still returns the original value because it is stored in the class namespace.","Fragment A prints 10, then 20, and finally raises a `NameError` on line A3 because `module_a.get()` still looks up the name `value` in the module’s global namespace, which was deleted with `del module_a.value`. In Fragment B the prints are 10, then 10, and finally 10 again; deleting `module_b.value` removes only the instance attribute, leaving the class attribute `ModuleB.value` (still 10) that `get()` returns. In A, `module_a.value` and `module_a.get` are attributes of the *module* object, i.e., they live in the module’s global namespace. In B, module_b.value = 20 does create an instance attribute in the instance namespace (this instance attribute would shadow the class attribute if we looked up module_b.value), but the get staticmethod is written as return ModuleB.value, which reads the class attribute directly by name. Instance-namespace shadowing therefore does not affect what get returns. The error on A3 occurs because the module’s global namespace no longer contains `value`, B3 also prints 10 because ModuleB.value was never modified; only the instance attribute was set and then deleted, and get reads the class attribute regardless of whether an instance attribute exists.",0.08571428571428572,0.6337118370320174,0.499999999975,1.0,T7_014,T7
"Consider the following Python code that defines a `Dog` class. The class variable `tricks` is a mutable list, and each instance can add a trick via the `add_trick` method.
```python
class Dog:
    tricks = []  # class variable (mutable list)
    def __init__(self, name):
        self.name = name
    def add_trick(self, trick):
        self.tricks.append(trick)

# Create three dogs and give them tricks
fido = Dog('Fido')
buddy = Dog('Buddy')
max = Dog('Max')

fido.add_trick('roll over')
buddy.add_trick('play dead')
max.add_trick('fetch')
```
**Task:** Analyze the code and answer the following:
1. After the three `add_trick` calls, what is the content of `fido.tricks`, `buddy.tricks`, and `max.tricks`? Explain why each instance shows that result, referencing the concepts of class variables, instance variables, and method binding described in the context.
2. Propose a minimal change to the class definition that prevents the unintended sharing of the `tricks` list among instances, and show the corrected `__init__` method.
3. If the corrected class is used with the same sequence of calls, what will be the content of each dog's `tricks` attribute?
","[""called with an argument list, a new argument list is constructed from the instance object and the\nargument list, and the function object is called with this new argument list.\n9.3.5. Class and Instance Variables\nGenerally speaking, instance variables are for data unique to each instance and class variables are for at-\ntributes and methods shared by all instances of the class:\nclass Dog:\nkind = 'canine' # class variable shared by all instances\ndef __init__(self, name):\nself.name = name # instance variable unique to each instance\nhttps://docs.python.org/3/tutorial/classes.html 6/14\n28/07/2026, 14:10 9. Classes — Python 3.14.6 documentation\n>>> d = Dog('Fido')\n>>> e = Dog('Buddy')"", ""28/07/2026, 14:10 9. Classes — Python 3.14.6 documentation\n>>> d = Dog('Fido')\n>>> e = Dog('Buddy')\n>>> d.kind # shared by all dogs\n'canine'\n>>> e.kind # shared by all dogs\n'canine'\n>>> d.name # unique to d\n'Fido'\n>>> e.name # unique to e\n'Buddy'\nAs discussed in A Word About Names and Objects, shared data can have possibly surprising effects in-\nvolving mutable objects such as lists and dictionaries. For example, the tricks list in the following code\nshould not be used as a class variable because just a single list would be shared by all Dog instances:\nclass Dog:\ntricks = [] # mistaken use of a class variable\ndef __init__(self, name):\nself.name = name\ndef add_trick(self, trick):"", ""use of a class variable\ndef __init__(self, name):\nself.name = name\ndef add_trick(self, trick):\nself.tricks.append(trick)\n>>> d = Dog('Fido')\n>>> e = Dog('Buddy')\n>>> d.add_trick('roll over')\n>>> e.add_trick('play dead')\n>>> d.tricks # unexpectedly shared by all dogs\n['roll over', 'play dead']\nCorrect design of the class should use an instance variable instead:\nclass Dog:\ndef __init__(self, name):\nself.name = name\nself.tricks = [] # creates a new empty list for each dog\ndef add_trick(self, trick):\nself.tricks.append(trick)\n>>> d = Dog('Fido')\n>>> e = Dog('Buddy')\n>>> d.add_trick('roll over')\n>>> e.add_trick('play dead')\n>>> d.tricks\n['roll over']\n>>> e.tricks\n['play dead']"", '28/07/2026, 14:10 9. Classes — Python 3.14.6 documentation\n9. Classes\nClasses provide a means of bundling data and functionality together. Creating a new class creates a new\ntype of object, allowing new instances of that type to be made. Each class instance can have attributes at-\ntached to it for maintaining its state. Class instances can also have methods (defined by its class) for\nmodifying its state.\nCompared with other programming languages, Pythonʼs class mechanism adds classes with a minimum of\nnew syntax and semantics. It is a mixture of the class mechanisms found in C++ and Modula-3. Python', 'the first argument of a method is called self. This is nothing more than a convention: the name\nself has absolutely no special meaning to Python. Note, however, that by not following the convention\nyour code may be less readable to other Python programmers, and it is also conceivable that a class\nbrowser program might be written that relies upon such a convention.\nAny function object that is a class attribute defines a method for instances of that class. It is not neces-\nsary that the function definition is textually enclosed in the class definition: assigning a function object to\na local variable in the class is also ok. For example:\n# Function defined outside the class\ndef f1(self, x, y):', 'names are all the names that were in the classʼs namespace when the class object was created.\nSo, if the class definition looked like this:\nclass MyClass:\n""""""A simple example class""""""\ni = 12345\ndef f(self):\nreturn \'hello world\'\nhttps://docs.python.org/3/tutorial/classes.html 4/14\n28/07/2026, 14:10 9. Classes — Python 3.14.6 documentation\nthen MyClass.i and MyClass.f are valid attribute references, returning an integer and a function object,\nrespectively. Class attributes can also be assigned to, so you can change the value of MyClass.i by as-\nsignment. __doc__ is also a valid attribute, returning the docstring belonging to the class: ""A simple\nexample class"".', 'the contents of the namespace created by the class definition; weʼll learn more about class objects\nin the next section. The original local scope (the one in effect just before the class definition was entered)\nis reinstated, and the class object is bound here to the class name given in the class definition header\n(ClassName in the example).\n9.3.2. Class Objects\nClass objects support two kinds of operations: attribute references and instantiation.\nAttribute references use the standard syntax used for all attribute references in Python: obj.name. Valid\nattribute names are all the names that were in the classʼs namespace when the class object was created.']","Let's break down the code and answer the questions.

1. After the three `add_trick` calls, the content of `fido.tricks`, `buddy.tricks`, and `max.tricks` will be:

   - `fido.tricks`: `['roll over']`
   - `buddy.tricks`: `['play dead']`
   - `max.tricks`: `['fetch']`

   This is because each instance of the `Dog` class has its own `tricks` attribute, which is an instance variable. When `add_trick` is called on an instance, it appends the trick to the instance's `tricks` list, not the class's `tricks` list. This is because `self.tricks` refers to the instance variable `tricks`, not the class variable `tricks`.

   The reason for this behavior is due to the way Python handles attribute references. When Python looks up an attribute, it first checks if the instance has an attribute with that name. If it does, it returns the instance's attribute. If not, it checks if the class has an attribute with that name. If it does, it returns the class's attribute. In this case, each instance of the `Dog` class has its own `tricks` attribute, so Python returns the instance's attribute.

2. To prevent the unintended sharing of the `tricks` list among instances, we need to create a new list for each instance in the `__init__` method. We can do this by changing the `__init__` method to:

   ```python
def __init__(self, name):
    self.name = name
    self.tricks = []  # create a new list for each instance
```

   This way, each instance of the `Dog` class will have its own `tricks` list, and the `add_trick` method will append tricks to the instance's list, not the class's list.

3. If the corrected class is used with the same sequence of calls, the content of each dog's `tricks` attribute will be:

   - `fido.tricks`: `['roll over']`
   - `buddy.tricks`: `['play dead']`
   - `max.tricks`: `['fetch']`

   This is because each instance of the `Dog` class has its own `tricks` list, and the `add_trick` method appends tricks to the instance's list. The class variable `tricks` is no longer shared among instances, so each instance's `tricks` list is independent.","1. All three instances will report the same list: `['roll over', 'play dead', 'fetch']`. This occurs because `tricks` is defined as a class variable; the attribute lookup finds the list on the class, and `self.tricks.append(...)` modifies that single shared list. Method binding packs the instance (`self`) with the function, but the function still accesses the class‑level `tricks` attribute, so every call mutates the same object.
2. Move the list creation to the instance by initializing it in `__init__`:
```python
class Dog:
    def __init__(self, name):
        self.name = name
        self.tricks = []  # now an instance variable
    def add_trick(self, trick):
        self.tricks.append(trick)
```
3. With the corrected class, each dog maintains its own list: `fido.tricks` → `['roll over']`, `buddy.tricks` → `['play dead']`, and `max.tricks` → `['fetch']`. The lists are no longer shared because each instance creates its own `tricks` list during initialization.",0.9090909090909091,0.6085468233694027,0.9761904761742063,1.0,T7_015,T7
"Below are two class definitions that each provide a way to make a method that returns the string 'hello world'.\n\nSnippet A (method defined inside the class):\n```python\nclass A:\n    def greet(self):\n        return 'hello world'\n```\n\nSnippet B (function defined outside and assigned as a class attribute):\n```python\ndef external_greet(self):\n    return 'hello world'\n\nclass B:\n    greet = external_greet\n```\n\nBoth classes are instantiated as `a = A()` and `b = B()`.\n\n**Task:** Analyse and compare the two approaches. Specifically, break down how the method objects are created and bound to instances, how the `self` argument is supplied when `a.greet()` and `b.greet()` are called, and discuss any differences in readability, convention adherence, and potential sources of confusion that stem from the technique shown in Snippet B. Use only the concepts presented in the context.","[""reference, since MyClass.f is a function, but x.i is not, since MyClass.i is not. But x.f is not\nthe same thing as MyClass.f — it is a method object, not a function object.\n9.3.4. Method Objects\nUsually, a method is called right after it is bound:\nx.f()\nIf x = MyClass(), as above, this will return the string 'hello world'. However, it is not necessary to\ncall a method right away: x.f is a method object, and can be stored away and called at a later time. For\nexample:\nxf = x.f\nwhile True:\nprint(xf())\nwill continue to print hello world until the end of time.\nWhat exactly happens when a method is called? You may have noticed that x.f() was called without an"", 'names are all the names that were in the classʼs namespace when the class object was created.\nSo, if the class definition looked like this:\nclass MyClass:\n""""""A simple example class""""""\ni = 12345\ndef f(self):\nreturn \'hello world\'\nhttps://docs.python.org/3/tutorial/classes.html 4/14\n28/07/2026, 14:10 9. Classes — Python 3.14.6 documentation\nthen MyClass.i and MyClass.f are valid attribute references, returning an integer and a function object,\nrespectively. Class attributes can also be assigned to, so you can change the value of MyClass.i by as-\nsignment. __doc__ is also a valid attribute, returning the docstring belonging to the class: ""A simple\nexample class"".', ""in the class is also ok. For example:\n# Function defined outside the class\ndef f1(self, x, y):\nreturn min(x, x+y)\nclass C:\nf = f1\ndef g(self):\nreturn 'hello world'\nh = g\nNow f, g and h are all attributes of class C that refer to function objects, and consequently they are all\nmethods of instances of C — h being exactly equivalent to g. Note that this practice usually only serves to\nconfuse the reader of a program.\nMethods may call other methods by using method attributes of the self argument:\nhttps://docs.python.org/3/tutorial/classes.html 8/14\n28/07/2026, 14:10 9. Classes — Python 3.14.6 documentation\nclass Bag:\ndef __init__(self):\nself.data = []\ndef add(self, x):\nself.data.append(x)"", 'also a valid attribute, returning the docstring belonging to the class: ""A simple\nexample class"".\nClass instantiation uses function notation. Just pretend that the class object is a parameterless function\nthat returns a new instance of the class. For example (assuming the above class):\nx = MyClass()\ncreates a new instance of the class and assigns this object to the local variable x.\nThe instantiation operation (“calling” a class object) creates an empty object. Many classes like to create\nobjects with instances customized to a specific initial state. Therefore a class may define a special method\nnamed __init__(), like this:\ndef __init__(self):\nself.data = []', '... a, b = b, a+b\n... return result\n...\n>>> f100 = fib2(100) # call it\n>>> f100 # write the result\n[0, 1, 1, 2, 3, 5, 8, 13, 21, 34, 55, 89]\nThis example, as usual, demonstrates some new Python features:\nThe return statement returns with a value from a function. return without an expression argument\nreturns None. Falling off the end of a function also returns None.\nThe statement result.append(a) calls a method of the list object result. A method is a function\nthat ‘belongsʼ to an object and is named obj.methodname, where obj is some object (this may be an\nexpression), and methodname is the name of a method that is defined by the objectʼs type. Different', '28/07/2026, 14:10 9. Classes — Python 3.14.6 documentation\n9. Classes\nClasses provide a means of bundling data and functionality together. Creating a new class creates a new\ntype of object, allowing new instances of that type to be made. Each class instance can have attributes at-\ntached to it for maintaining its state. Class instances can also have methods (defined by its class) for\nmodifying its state.\nCompared with other programming languages, Pythonʼs class mechanism adds classes with a minimum of\nnew syntax and semantics. It is a mixture of the class mechanisms found in C++ and Modula-3. Python', 'the first argument of a method is called self. This is nothing more than a convention: the name\nself has absolutely no special meaning to Python. Note, however, that by not following the convention\nyour code may be less readable to other Python programmers, and it is also conceivable that a class\nbrowser program might be written that relies upon such a convention.\nAny function object that is a class attribute defines a method for instances of that class. It is not neces-\nsary that the function definition is textually enclosed in the class definition: assigning a function object to\na local variable in the class is also ok. For example:\n# Function defined outside the class\ndef f1(self, x, y):']","Let's analyze and compare the two approaches.

**Snippet A (method defined inside the class)**

In this approach, the `greet` method is defined directly inside the `A` class. When an instance of `A` is created, the `greet` method is automatically bound to the instance. This means that when `a.greet()` is called, the `self` argument is implicitly supplied by Python, referring to the instance `a`.

Here's a step-by-step breakdown of how the method object is created and bound to the instance:

1. The `A` class is defined, which includes the `greet` method.
2. When `a = A()` is executed, a new instance of `A` is created.
3. The `greet` method is automatically bound to the instance `a` as a method object.
4. When `a.greet()` is called, the `self` argument is implicitly supplied by Python, referring to the instance `a`.

**Snippet B (function defined outside and assigned as a class attribute)**

In this approach, the `external_greet` function is defined outside the `B` class and then assigned as a class attribute `greet`. When an instance of `B` is created, the `greet` method is bound to the instance.

Here's a step-by-step breakdown of how the method object is created and bound to the instance:

1. The `external_greet` function is defined outside the `B` class.
2. The `B` class is defined, which includes the `greet` attribute assigned to the `external_greet` function.
3. When `b = B()` is executed, a new instance of `B` is created.
4. The `greet` method is bound to the instance `b` as a method object.
5. When `b.greet()` is called, the `self` argument is implicitly supplied by Python, referring to the instance `b`.

**Comparison and Discussion**

Both approaches create a method object that returns the string `'hello world'`. However, there are some differences in how the method objects are created and bound to instances:

* In Snippet A, the `greet` method is defined directly inside the `A` class, whereas in Snippet B, the `external_greet` function is defined outside the `B` class and then assigned as a class attribute.
* In both cases, the `self` argument is implicitly supplied by Python when the method is called.

In terms of readability, convention adherence, and potential sources of confusion, Snippet B may be considered less conventional because it assigns a function object to a class attribute, which may not be immediately clear to readers. However, this approach is still valid and can be useful in certain situations, such as when a function needs to be shared across multiple classes.

Overall, both approaches are valid and can be used to create method objects that return the string `'hello world'`. The choice between the two approaches depends on the specific requirements of the project and the personal preference of the developer.","In Snippet A the method `greet` is defined directly inside the class body; Python automatically creates a function object and, when accessed through an instance (`a.greet`), wraps it in a bound method that supplies the instance as the first argument (`self`). In Snippet B the function `external_greet` is defined outside the class and then assigned to the class attribute `greet`. Because it is a function object stored as a class attribute, attribute lookup on an instance (`b.greet`) also produces a bound method that passes the instance as `self`, so calling `b.greet()` behaves identically to `a.greet()`. Both approaches therefore produce the same runtime result.
\nThe key differences lie in style and readability. Defining the method inside the class (Snippet A) follows the conventional, self‑documenting pattern that most Python programmers expect; the name `self` is merely a convention, but using it inside the class makes the code clearer. Assigning an external function (Snippet B) works technically, as the context notes, but it can confuse readers because the method’s implementation is not visually co‑located with the class definition, and the practice may be mistaken for a static function rather than an instance method. Moreover, the naming convention of the first parameter as `self` remains important for readability, even though Python does not enforce it. Thus, while both snippets bind correctly, Snippet A is generally preferred for maintainability and to avoid the pitfalls of hidden method definitions highlighted in the context.",0.0,0.5391353203273038,0.8761904761729523,0.375,T7_016,T7
